TransactionID,Date,AccountID,CustomerID,ProductID,TransactionType,TransactionChannel,Amount,Status
TXN000001,2025-12-16,ACC00248,CUST00434,PRD001,Credit,UPI,4178.28,Success
TXN000002,2025-08-24,ACC00945,CUST00783,PRD014,Credit,Mobile App,46309.04,Failed
TXN000003,2023-05-09,ACC00057,CUST00078,PRD010,Debit,UPI,117360.12,Success
TXN000004,2024-12-13,ACC00196,CUST00519,PRD001,Credit,UPI,11038.2,Failed
TXN000005,2024-07-21,ACC00363,CUST00464,PRD003,Debit,Net Banking,446041.72,Success
TXN000006,2025-04-15,ACC00631,CUST00008,PRD015,Credit,Net Banking,20625.78,Success
TXN000007,2023-04-16,ACC00106,CUST00342,PRD008,Debit,UPI,14341.17,Failed
TXN000008,2023-10-20,ACC00247,CUST00476,PRD008,Debit,Mobile App,1058.95,Success
TXN000009,2025-07-28,ACC00243,CUST00661,PRD011,Credit,Mobile App,441334.37,Success
TXN000010,2024-09-10,ACC00600,CUST00182,PRD004,Credit,Mobile App,1077.37,Failed
TXN000011,2025-11-30,ACC00367,CUST00197,PRD005,Credit,Net Banking,4827.27,Failed
TXN000012,2025-11-15,ACC00476,CUST00142,PRD007,Credit,ATM,7219.27,Success
TXN000013,2025-07-10,ACC00191,CUST00148,PRD003,Credit,UPI,351177.42,Success
TXN000014,2025-05-04,ACC00327,CUST00725,PRD003,Debit,Mobile App,63411.59,Success
TXN000015,2024-07-30,ACC00973,CUST00125,PRD014,Credit,UPI,44769.24,Success
TXN000016,2025-09-17,ACC00871,CUST00439,PRD007,Debit,UPI,720.31,Success
TXN000017,2025-05-23,ACC00680,CUST00293,PRD005,Debit,ATM,22075.46,Success
TXN000018,2023-01-26,ACC00924,CUST00087,PRD010,Credit,UPI,361505.48,Success
TXN000019,2025-09-07,ACC00361,CUST00166,PRD010,Credit,Net Banking,358988.82,Success
TXN000020,2025-09-25,ACC00181,CUST00029,PRD003,Debit,UPI,368899.44,Success
TXN000021,2025-10-26,ACC00838,CUST00044,PRD016,Debit,Mobile App,13803.61,Success
TXN000022,2025-02-06,ACC00233,CUST00161,PRD010,Credit,UPI,438226.59,Success
TXN000023,2023-04-06,ACC00807,CUST00664,PRD005,Debit,UPI,19252.0,Success
TXN000024,2023-07-02,ACC00140,CUST00754,PRD010,Credit,UPI,481263.73,Success
TXN000025,2023-04-23,ACC00325,CUST00190,PRD008,Credit,UPI,24014.8,Success
TXN000026,2025-04-16,ACC00059,CUST00701,PRD015,Credit,Net Banking,12490.93,Success
TXN000027,2025-12-25,ACC00189,CUST00080,PRD011,Credit,ATM,256864.06,Success
TXN000028,2025-11-15,ACC00356,CUST00094,PRD006,Credit,Net Banking,11102.7,Success
TXN000029,2025-08-02,ACC00765,CUST00519,PRD011,Debit,UPI,153494.21,Success
TXN000030,2025-06-21,ACC00776,CUST00708,PRD013,Debit,ATM,9649.58,Success
TXN000031,2025-07-28,ACC00828,CUST00284,PRD006,Credit,UPI,907.56,Success
TXN000032,2023-06-07,ACC00860,CUST00570,PRD012,Debit,Mobile App,4841.28,Success
TXN000033,2024-02-04,ACC00949,CUST00193,PRD008,Credit,POS,7181.08,Success
TXN000034,2025-07-22,ACC00870,CUST00160,PRD004,Debit,Net Banking,14098.21,Success
TXN000035,2024-12-18,ACC00737,CUST00559,PRD007,Debit,Net Banking,992.42,Success
TXN000036,2025-08-27,ACC00037,CUST00682,PRD008,Debit,UPI,20524.59,Success
TXN000037,2025-08-25,ACC00115,CUST00048,PRD008,Debit,ATM,11823.34,Success
TXN000038,2023-09-28,ACC00429,CUST00777,PRD011,Credit,ATM,218603.8,Success
TXN000039,2025-03-02,ACC00445,CUST00375,PRD005,Credit,UPI,14327.04,Success
TXN000040,2024-11-16,ACC00798,CUST00576,PRD001,Debit,Mobile App,18129.45,Success
TXN000041,2024-02-15,ACC00566,CUST00520,PRD007,Debit,Net Banking,10733.63,Success
TXN000042,2025-07-07,ACC00330,CUST00791,PRD014,Debit,UPI,31350.59,Success
TXN000043,2023-02-01,ACC00796,CUST00506,PRD001,Debit,Mobile App,18256.7,Success
TXN000044,2025-10-07,ACC00913,CUST00503,PRD011,Credit,ATM,131706.39,Success
TXN000045,2025-07-31,ACC00775,CUST00133,PRD007,Credit,UPI,11675.65,Success
TXN000046,2023-12-23,ACC00964,CUST00779,PRD011,Debit,Net Banking,315347.84,Success
TXN000047,2024-08-21,ACC00080,CUST00627,PRD011,Credit,UPI,406900.89,Success
TXN000048,2025-12-06,ACC00263,CUST00399,PRD015,Credit,Mobile App,6435.0,Success
TXN000049,2024-12-16,ACC00341,CUST00315,PRD006,Credit,UPI,19199.11,Success
TXN000050,2025-11-30,ACC00189,CUST00080,PRD001,Credit,UPI,14266.15,Success
TXN000051,2024-11-05,ACC00950,CUST00437,PRD005,Debit,ATM,20862.25,Success
TXN000052,2025-11-27,ACC00110,CUST00024,PRD015,Debit,Mobile App,985.4,Success
TXN000053,2025-11-17,ACC00575,CUST00716,PRD016,Credit,UPI,21644.09,Success
TXN000054,2025-01-02,ACC00353,CUST00587,PRD002,Debit,Mobile App,23201.97,Success
TXN000055,2025-09-08,ACC00215,CUST00621,PRD004,Credit,Mobile App,16987.12,Success
TXN000056,2025-04-23,ACC00056,CUST00566,PRD015,Debit,UPI,8359.81,Success
TXN000057,2025-07-09,ACC00716,CUST00191,PRD004,Debit,Net Banking,3817.69,Success
TXN000058,2025-11-09,ACC00203,CUST00441,PRD015,Debit,UPI,13403.4,Success
TXN000059,2025-06-11,ACC00979,CUST00375,PRD013,Credit,Mobile App,6283.81,Success
TXN000060,2025-06-04,ACC00603,CUST00619,PRD012,Debit,UPI,35637.08,Success
TXN000061,2025-02-04,ACC00430,CUST00527,PRD012,Credit,UPI,18893.39,Success
TXN000062,2025-01-30,ACC00987,CUST00749,PRD013,Debit,UPI,9163.13,Success
TXN000063,2024-12-23,ACC00770,CUST00227,PRD004,Credit,UPI,2405.84,Success
TXN000064,2025-07-20,ACC00821,CUST00432,PRD015,Credit,Net Banking,3936.54,Success
TXN000065,2024-04-28,ACC00863,CUST00298,PRD009,Credit,Mobile App,168972.18,Success
TXN000066,2024-02-05,ACC00129,CUST00635,PRD004,Credit,Net Banking,24558.61,Success
TXN000067,2025-10-14,ACC00679,CUST00637,PRD011,Debit,POS,37545.22,Success
TXN000068,2025-11-12,ACC00720,CUST00538,PRD008,Credit,ATM,7843.43,Success
TXN000069,2025-06-16,ACC00395,CUST00692,PRD015,Credit,ATM,8398.91,Success
TXN000070,2025-08-10,ACC00501,CUST00051,PRD003,Debit,UPI,377866.27,Success
TXN000071,2023-01-01,ACC00321,CUST00650,PRD009,Credit,Net Banking,120725.93,Success
TXN000072,2025-08-09,ACC00725,CUST00303,PRD005,Credit,UPI,19342.4,Success
TXN000073,2024-01-12,ACC00434,CUST00716,PRD004,Debit,UPI,2950.06,Success
TXN000074,2025-04-01,ACC00965,CUST00720,PRD006,Debit,Mobile App,13608.96,Success
TXN000075,2024-02-03,ACC00568,CUST00566,PRD008,Debit,UPI,20119.67,Failed
TXN000076,2025-10-06,ACC00760,CUST00067,PRD001,Debit,UPI,22316.85,Success
TXN000077,2025-12-28,ACC00594,CUST00128,PRD013,Debit,UPI,45212.97,Success
TXN000078,2025-05-18,ACC00173,CUST00428,PRD003,Credit,UPI,208120.05,Success
TXN000079,2023-01-11,ACC00742,CUST00535,PRD016,Debit,ATM,17284.11,Success
TXN000080,2025-06-13,ACC00580,CUST00719,PRD015,Credit,UPI,5033.86,Success
TXN000081,2025-06-30,ACC00952,CUST00093,PRD010,Debit,ATM,462936.32,Success
TXN000082,2023-09-11,ACC00924,CUST00087,PRD004,Debit,Mobile App,20078.53,Success
TXN000083,2025-10-19,ACC00872,CUST00512,PRD011,Debit,UPI,329320.93,Success
TXN000084,2024-05-30,ACC00834,CUST00520,PRD003,Debit,Mobile App,88986.41,Failed
TXN000085,2023-12-14,ACC00735,CUST00288,PRD002,Debit,UPI,4665.49,Success
TXN000086,2025-11-11,ACC00271,CUST00567,PRD005,Debit,UPI,8186.55,Success
TXN000087,2025-01-09,ACC00164,CUST00696,PRD012,Credit,UPI,24193.28,Success
TXN000088,2024-01-27,ACC00102,CUST00058,PRD001,Debit,UPI,14409.49,Success
TXN000089,2025-01-17,ACC00493,CUST00764,PRD002,Debit,Mobile App,2763.83,Success
TXN000090,2025-12-02,ACC00304,CUST00142,PRD004,Debit,UPI,11578.27,Success
TXN000091,2024-08-28,ACC00505,CUST00462,PRD008,Debit,UPI,4059.61,Success
TXN000092,2024-08-07,ACC00937,CUST00739,PRD012,Credit,UPI,34855.96,Success
TXN000093,2025-09-14,ACC00026,CUST00413,PRD004,Credit,POS,8620.8,Success
TXN000094,2023-09-20,ACC00772,CUST00506,PRD009,Debit,UPI,374896.18,Success
TXN000095,2025-09-30,ACC00017,CUST00260,PRD004,Debit,ATM,14942.28,Success
TXN000096,2025-11-28,ACC00172,CUST00649,PRD001,Credit,UPI,7770.09,Success
TXN000097,2025-12-09,ACC00023,CUST00746,PRD004,Credit,Mobile App,14950.49,Success
TXN000098,2025-12-18,ACC00966,CUST00570,PRD005,Debit,UPI,1630.91,Success
TXN000099,2023-11-08,ACC00470,CUST00662,PRD011,Credit,UPI,382394.49,Success
TXN000100,2025-07-16,ACC00969,CUST00575,PRD001,Debit,Net Banking,11379.06,Success
TXN000101,2025-06-26,ACC00008,CUST00624,PRD003,Credit,Mobile App,118717.61,Success
TXN000102,2025-07-12,ACC00119,CUST00780,PRD014,Debit,UPI,34138.17,Success
TXN000103,2025-11-14,ACC00844,CUST00676,PRD006,Debit,Branch,22886.44,Success
TXN000104,2025-08-27,ACC00407,CUST00130,PRD015,Debit,Mobile App,12809.55,Success
TXN000105,2024-11-14,ACC00989,CUST00019,PRD004,Debit,ATM,22536.78,Success
TXN000106,2025-08-28,ACC00199,CUST00415,PRD010,Debit,UPI,489774.19,Success
TXN000107,2025-07-06,ACC00124,CUST00195,PRD001,Credit,UPI,10849.72,Success
TXN000108,2024-02-23,ACC00147,CUST00100,PRD003,Debit,Mobile App,214895.67,Success
TXN000109,2025-11-21,ACC00679,CUST00637,PRD014,Credit,UPI,7383.91,Success
TXN000110,2025-02-27,ACC00508,CUST00114,PRD012,Debit,ATM,21153.16,Success
TXN000111,2023-04-22,ACC00601,CUST00620,PRD009,Credit,ATM,25569.32,Success
TXN000112,2023-06-09,ACC00833,CUST00285,PRD007,Debit,UPI,16482.37,Success
TXN000113,2025-10-24,ACC00522,CUST00408,PRD004,Debit,UPI,20167.95,Success
TXN000114,2024-04-13,ACC00910,CUST00613,PRD011,Debit,ATM,466549.29,Success
TXN000115,2025-11-29,ACC00248,CUST00434,PRD016,Debit,Mobile App,20519.78,Success
TXN000116,2024-03-14,ACC00063,CUST00599,PRD005,Credit,UPI,285.01,Success
TXN000117,2025-02-22,ACC00879,CUST00686,PRD011,Credit,Net Banking,149240.22,Success
TXN000118,2025-03-07,ACC00216,CUST00631,PRD001,Debit,Mobile App,1042.84,Success
TXN000119,2025-10-07,ACC00023,CUST00746,PRD009,Credit,UPI,481634.12,Success
TXN000120,2023-06-14,ACC00110,CUST00024,PRD013,Credit,Net Banking,43037.86,Success
TXN000121,2025-09-18,ACC00069,CUST00587,PRD011,Debit,UPI,271211.26,Success
TXN000122,2024-01-15,ACC00972,CUST00663,PRD012,Debit,UPI,33354.98,Success
TXN000123,2024-07-14,ACC00158,CUST00633,PRD014,Debit,Net Banking,29191.61,Success
TXN000124,2023-06-18,ACC00682,CUST00596,PRD015,Debit,Branch,368.51,Success
TXN000125,2025-12-28,ACC00242,CUST00355,PRD007,Debit,Branch,8354.7,Success
TXN000126,2025-10-13,ACC00024,CUST00580,PRD011,Credit,POS,100403.92,Success
TXN000127,2025-09-29,ACC00224,CUST00061,PRD013,Debit,Mobile App,39358.57,Success
TXN000128,2023-12-28,ACC00880,CUST00161,PRD009,Credit,Mobile App,294972.8,Success
TXN000129,2025-08-31,ACC00158,CUST00633,PRD008,Debit,UPI,779.72,Success
TXN000130,2025-09-14,ACC00326,CUST00025,PRD003,Credit,UPI,396206.15,Success
TXN000131,2024-04-15,ACC00799,CUST00609,PRD009,Credit,Mobile App,143338.75,Success
TXN000132,2025-08-25,ACC00806,CUST00687,PRD002,Debit,Mobile App,18500.28,Success
TXN000133,2025-10-26,ACC00293,CUST00795,PRD016,Debit,UPI,19584.94,Success
TXN000134,2025-11-23,ACC00720,CUST00538,PRD009,Credit,UPI,35883.45,Success
TXN000135,2024-06-01,ACC00912,CUST00738,PRD013,Debit,POS,41175.33,Success
TXN000136,2025-08-22,ACC00225,CUST00708,PRD012,Debit,Net Banking,19466.77,Success
TXN000137,2025-11-07,ACC00618,CUST00455,PRD012,Debit,Net Banking,29098.99,Success
TXN000138,2025-10-23,ACC00414,CUST00616,PRD016,Debit,UPI,20506.32,Success
TXN000139,2024-01-13,ACC00721,CUST00536,PRD006,Credit,Mobile App,11959.03,Success
TXN000140,2025-06-01,ACC00182,CUST00273,PRD015,Debit,Branch,17119.4,Success
TXN000141,2025-09-27,ACC00998,CUST00095,PRD012,Credit,UPI,22019.35,Success
TXN000142,2025-08-26,ACC00550,CUST00236,PRD006,Credit,Net Banking,7960.65,Success
TXN000143,2025-09-05,ACC00788,CUST00557,PRD016,Debit,POS,13329.2,Success
TXN000144,2025-10-29,ACC00805,CUST00160,PRD001,Credit,ATM,16336.44,Success
TXN000145,2025-05-14,ACC00093,CUST00117,PRD005,Credit,UPI,6458.06,Success
TXN000146,2024-05-19,ACC00288,CUST00421,PRD014,Debit,Mobile App,12468.95,Success
TXN000147,2025-04-24,ACC00514,CUST00663,PRD015,Debit,Net Banking,16975.18,Success
TXN000148,2024-07-24,ACC00045,CUST00667,PRD007,Debit,UPI,311.06,Success
TXN000149,2025-12-21,ACC00333,CUST00100,PRD015,Credit,Mobile App,17168.94,Success
TXN000150,2024-12-17,ACC00677,CUST00105,PRD015,Credit,Net Banking,947.64,Success
TXN000151,2025-08-10,ACC00968,CUST00704,PRD003,Debit,UPI,449104.14,Success
TXN000152,2025-10-04,ACC00539,CUST00443,PRD002,Credit,Mobile App,23949.1,Success
TXN000153,2025-10-15,ACC00271,CUST00567,PRD016,Credit,Mobile App,19120.06,Success
TXN000154,2025-10-10,ACC00610,CUST00349,PRD010,Debit,ATM,73205.64,Success
TXN000155,2023-02-12,ACC00135,CUST00047,PRD009,Credit,UPI,56342.8,Success
TXN000156,2025-11-29,ACC00100,CUST00418,PRD004,Credit,POS,17336.32,Success
TXN000157,2024-11-14,ACC00885,CUST00282,PRD016,Debit,Net Banking,19540.21,Success
TXN000158,2023-10-05,ACC00435,CUST00247,PRD014,Credit,UPI,49799.95,Success
TXN000159,2024-11-30,ACC00190,CUST00687,PRD004,Credit,ATM,1828.02,Success
TXN000160,2024-03-27,ACC00699,CUST00715,PRD012,Debit,UPI,32451.42,Success
TXN000161,2025-10-17,ACC00828,CUST00284,PRD016,Credit,Mobile App,15387.76,Success
TXN000162,2025-11-12,ACC00285,CUST00090,PRD016,Credit,Mobile App,968.04,Success
TXN000163,2024-03-13,ACC00901,CUST00108,PRD012,Credit,Net Banking,1428.86,Success
TXN000164,2023-08-01,ACC00541,CUST00551,PRD005,Debit,Net Banking,1042.11,Success
TXN000165,2024-12-13,ACC00839,CUST00771,PRD011,Credit,UPI,207838.58,Success
TXN000166,2024-12-21,ACC00347,CUST00615,PRD005,Credit,Net Banking,12005.67,Success
TXN000167,2023-08-18,ACC00357,CUST00545,PRD006,Credit,Net Banking,1845.48,Success
TXN000168,2023-10-30,ACC00675,CUST00410,PRD007,Credit,UPI,19517.76,Success
TXN000169,2025-02-14,ACC00172,CUST00649,PRD014,Credit,Mobile App,17005.27,Failed
TXN000170,2025-09-12,ACC00486,CUST00315,PRD003,Credit,UPI,330595.72,Failed
TXN000171,2025-06-26,ACC00620,CUST00135,PRD014,Credit,ATM,42138.49,Success
TXN000172,2023-02-15,ACC00272,CUST00129,PRD015,Debit,UPI,13906.44,Success
TXN000173,2025-11-06,ACC00401,CUST00368,PRD008,Debit,Net Banking,9813.61,Success
TXN000174,2024-06-04,ACC00123,CUST00056,PRD016,Credit,Net Banking,22141.83,Success
TXN000175,2024-10-14,ACC00499,CUST00581,PRD016,Credit,UPI,731.58,Success
TXN000176,2023-12-25,ACC00482,CUST00692,PRD006,Debit,UPI,19839.21,Success
TXN000177,2023-06-10,ACC00833,CUST00285,PRD010,Debit,Mobile App,409653.48,Failed
TXN000178,2023-05-30,ACC00135,CUST00047,PRD004,Debit,UPI,8509.19,Success
TXN000179,2023-11-24,ACC00936,CUST00111,PRD007,Debit,Mobile App,16380.86,Success
TXN000180,2025-01-21,ACC00369,CUST00577,PRD015,Debit,Branch,13460.38,Success
TXN000181,2025-10-30,ACC00637,CUST00004,PRD005,Debit,UPI,18412.95,Success
TXN000182,2025-12-28,ACC00996,CUST00670,PRD015,Credit,UPI,15497.46,Success
TXN000183,2025-08-06,ACC00491,CUST00637,PRD014,Credit,Mobile App,31816.74,Success
TXN000184,2024-05-22,ACC00004,CUST00299,PRD014,Debit,ATM,30755.68,Success
TXN000185,2024-12-06,ACC00739,CUST00685,PRD009,Debit,UPI,74806.25,Success
TXN000186,2025-03-16,ACC00925,CUST00436,PRD002,Debit,Mobile App,5145.76,Success
TXN000187,2025-10-28,ACC00079,CUST00380,PRD007,Credit,ATM,10110.01,Success
TXN000188,2023-05-18,ACC00325,CUST00190,PRD006,Credit,Net Banking,8107.59,Success
TXN000189,2024-07-27,ACC00706,CUST00723,PRD005,Debit,UPI,4418.85,Success
TXN000190,2025-12-29,ACC00510,CUST00077,PRD005,Credit,UPI,4284.47,Success
TXN000191,2025-10-18,ACC00714,CUST00442,PRD013,Credit,UPI,29308.3,Success
TXN000192,2025-06-26,ACC00910,CUST00613,PRD014,Credit,Net Banking,19118.49,Success
TXN000193,2025-08-24,ACC00799,CUST00609,PRD010,Credit,ATM,23467.52,Success
TXN000194,2025-11-21,ACC00293,CUST00795,PRD003,Debit,Net Banking,156191.14,Success
TXN000195,2023-07-31,ACC00895,CUST00687,PRD013,Debit,Net Banking,6781.17,Success
TXN000196,2025-01-24,ACC00783,CUST00422,PRD012,Credit,UPI,12343.06,Success
TXN000197,2024-11-03,ACC00605,CUST00109,PRD004,Credit,Net Banking,17958.25,Success
TXN000198,2024-02-18,ACC00384,CUST00622,PRD016,Debit,UPI,7599.87,Success
TXN000199,2025-12-10,ACC00639,CUST00336,PRD004,Credit,Mobile App,24666.43,Success
TXN000200,2025-06-30,ACC00285,CUST00090,PRD010,Debit,Mobile App,493655.42,Success
TXN000201,2024-04-24,ACC00226,CUST00473,PRD004,Debit,Mobile App,5281.91,Success
TXN000202,2025-10-21,ACC00356,CUST00094,PRD012,Credit,UPI,42267.19,Success
TXN000203,2025-02-02,ACC00649,CUST00760,PRD001,Debit,Mobile App,23074.56,Success
TXN000204,2025-09-02,ACC00281,CUST00004,PRD005,Credit,UPI,6359.41,Success
TXN000205,2023-09-30,ACC00387,CUST00590,PRD004,Debit,ATM,2700.09,Success
TXN000206,2025-01-02,ACC00823,CUST00300,PRD013,Credit,Mobile App,1938.73,Success
TXN000207,2025-03-12,ACC00819,CUST00207,PRD001,Debit,UPI,11176.04,Success
TXN000208,2025-06-13,ACC00370,CUST00224,PRD002,Debit,Mobile App,22469.48,Success
TXN000209,2025-10-22,ACC00931,CUST00697,PRD002,Credit,UPI,6004.25,Success
TXN000210,2024-04-01,ACC00541,CUST00551,PRD016,Credit,UPI,1930.89,Success
TXN000211,2025-09-04,ACC00740,CUST00160,PRD006,Debit,UPI,5482.51,Success
TXN000212,2023-03-17,ACC00798,CUST00576,PRD011,Debit,UPI,239715.29,Success
TXN000213,2025-09-29,ACC00023,CUST00746,PRD009,Credit,UPI,181227.84,Success
TXN000214,2023-11-20,ACC00037,CUST00682,PRD005,Credit,Mobile App,2866.62,Success
TXN000215,2023-12-29,ACC00263,CUST00399,PRD006,Debit,Mobile App,5574.35,Success
TXN000216,2024-02-06,ACC00120,CUST00124,PRD012,Credit,UPI,47661.63,Success
TXN000217,2025-11-17,ACC00058,CUST00434,PRD009,Debit,Mobile App,130257.1,Success
TXN000218,2025-02-28,ACC00851,CUST00408,PRD007,Credit,Mobile App,5489.42,Success
TXN000219,2025-05-29,ACC00586,CUST00279,PRD003,Credit,Mobile App,225492.98,Success
TXN000220,2024-12-29,ACC00255,CUST00643,PRD002,Debit,UPI,5637.92,Success
TXN000221,2024-12-23,ACC00162,CUST00788,PRD013,Debit,Branch,44963.46,Success
TXN000222,2025-08-02,ACC00904,CUST00614,PRD015,Credit,UPI,18363.56,Failed
TXN000223,2025-04-29,ACC00213,CUST00044,PRD002,Credit,Mobile App,20261.94,Success
TXN000224,2025-07-17,ACC00386,CUST00751,PRD014,Debit,UPI,4613.03,Success
TXN000225,2025-08-08,ACC00486,CUST00315,PRD002,Debit,Net Banking,5528.36,Success
TXN000226,2025-03-15,ACC00994,CUST00677,PRD002,Credit,UPI,496.66,Failed
TXN000227,2024-02-26,ACC00960,CUST00233,PRD009,Debit,UPI,293782.78,Success
TXN000228,2024-09-19,ACC00501,CUST00051,PRD010,Debit,POS,86539.48,Success
TXN000229,2024-07-27,ACC00559,CUST00736,PRD016,Debit,UPI,15707.59,Success
TXN000230,2025-11-29,ACC00875,CUST00202,PRD009,Debit,UPI,204742.05,Success
TXN000231,2025-02-07,ACC00717,CUST00212,PRD015,Debit,Mobile App,18846.91,Success
TXN000232,2025-12-03,ACC00293,CUST00795,PRD011,Debit,Mobile App,119430.28,Success
TXN000233,2025-11-15,ACC00859,CUST00391,PRD001,Debit,Mobile App,23312.86,Success
TXN000234,2024-10-17,ACC00634,CUST00676,PRD009,Credit,Branch,44750.04,Success
TXN000235,2023-05-01,ACC00226,CUST00473,PRD015,Credit,Mobile App,9224.18,Success
TXN000236,2025-06-09,ACC00209,CUST00677,PRD002,Debit,Net Banking,19362.03,Success
TXN000237,2024-03-13,ACC00599,CUST00252,PRD002,Credit,UPI,16261.06,Success
TXN000238,2025-07-03,ACC00022,CUST00040,PRD012,Debit,Net Banking,35290.76,Success
TXN000239,2025-01-21,ACC00831,CUST00070,PRD013,Debit,Net Banking,44947.69,Success
TXN000240,2025-11-20,ACC00551,CUST00114,PRD012,Credit,Mobile App,18954.28,Success
TXN000241,2025-01-25,ACC00413,CUST00418,PRD009,Credit,Mobile App,245678.65,Success
TXN000242,2024-12-28,ACC00170,CUST00799,PRD009,Debit,ATM,236949.62,Success
TXN000243,2025-07-22,ACC00871,CUST00439,PRD012,Credit,Net Banking,48915.18,Success
TXN000244,2025-10-14,ACC00052,CUST00351,PRD013,Debit,UPI,4821.78,Success
TXN000245,2024-06-19,ACC00978,CUST00172,PRD011,Credit,UPI,56934.71,Failed
TXN000246,2024-01-05,ACC00596,CUST00514,PRD007,Credit,UPI,3847.4,Success
TXN000247,2025-04-06,ACC00674,CUST00392,PRD006,Credit,POS,10471.76,Success
TXN000248,2025-01-20,ACC00989,CUST00019,PRD007,Debit,Branch,10561.24,Success
TXN000249,2025-03-17,ACC00469,CUST00637,PRD007,Debit,UPI,648.71,Success
TXN000250,2025-07-21,ACC00266,CUST00754,PRD014,Debit,ATM,17125.93,Success
TXN000251,2023-01-01,ACC00527,CUST00490,PRD004,Debit,Net Banking,12205.09,Success
TXN000252,2025-07-05,ACC00644,CUST00057,PRD001,Debit,Mobile App,11504.38,Success
TXN000253,2025-10-26,ACC00293,CUST00795,PRD013,Debit,ATM,39568.75,Success
TXN000254,2023-11-20,ACC00077,CUST00474,PRD003,Credit,UPI,425846.58,Success
TXN000255,2024-10-10,ACC00166,CUST00152,PRD014,Credit,UPI,31122.2,Failed
TXN000256,2025-07-15,ACC00476,CUST00142,PRD009,Credit,Mobile App,104172.49,Success
TXN000257,2025-09-01,ACC00290,CUST00522,PRD011,Debit,Branch,97402.26,Success
TXN000258,2023-04-03,ACC00657,CUST00182,PRD008,Credit,POS,11078.13,Success
TXN000259,2025-08-24,ACC00567,CUST00055,PRD009,Credit,UPI,339465.58,Success
TXN000260,2024-05-02,ACC00576,CUST00324,PRD012,Debit,UPI,48785.55,Success
TXN000261,2025-04-25,ACC00166,CUST00152,PRD004,Debit,UPI,23283.62,Success
TXN000262,2025-11-13,ACC00466,CUST00616,PRD001,Debit,Branch,3985.73,Success
TXN000263,2025-01-23,ACC00289,CUST00704,PRD004,Debit,Mobile App,16216.37,Success
TXN000264,2024-02-09,ACC00957,CUST00692,PRD004,Credit,ATM,18878.63,Failed
TXN000265,2025-06-14,ACC00366,CUST00554,PRD010,Debit,Net Banking,369701.02,Success
TXN000266,2025-09-02,ACC00351,CUST00298,PRD009,Debit,UPI,249910.99,Success
TXN000267,2023-10-19,ACC00368,CUST00416,PRD007,Credit,Net Banking,717.41,Success
TXN000268,2025-04-10,ACC00328,CUST00349,PRD012,Debit,UPI,16655.14,Success
TXN000269,2025-07-07,ACC00091,CUST00677,PRD009,Debit,UPI,395016.01,Success
TXN000270,2024-12-15,ACC00075,CUST00114,PRD016,Debit,UPI,21251.34,Success
TXN000271,2025-09-10,ACC00567,CUST00055,PRD012,Debit,POS,20023.97,Failed
TXN000272,2025-12-05,ACC00605,CUST00109,PRD001,Credit,Mobile App,1495.59,Success
TXN000273,2023-09-22,ACC00941,CUST00184,PRD006,Debit,UPI,10748.25,Success
TXN000274,2025-03-05,ACC00204,CUST00426,PRD002,Credit,UPI,7771.33,Success
TXN000275,2024-08-05,ACC00964,CUST00779,PRD013,Credit,Mobile App,44446.34,Success
TXN000276,2023-07-27,ACC00435,CUST00247,PRD012,Debit,Mobile App,8607.62,Success
TXN000277,2024-10-17,ACC00667,CUST00357,PRD012,Debit,ATM,21002.59,Success
TXN000278,2024-04-25,ACC00144,CUST00346,PRD014,Debit,Mobile App,15509.94,Success
TXN000279,2025-09-22,ACC00444,CUST00677,PRD005,Debit,Mobile App,23335.51,Success
TXN000280,2025-07-14,ACC00085,CUST00676,PRD009,Debit,UPI,326626.88,Success
TXN000281,2025-03-31,ACC00709,CUST00462,PRD009,Credit,UPI,292599.84,Success
TXN000282,2024-09-03,ACC00890,CUST00785,PRD006,Debit,UPI,7307.63,Success
TXN000283,2024-02-12,ACC00910,CUST00613,PRD003,Credit,ATM,300899.96,Success
TXN000284,2025-02-14,ACC00345,CUST00747,PRD011,Credit,Net Banking,399785.38,Success
TXN000285,2024-09-09,ACC00294,CUST00668,PRD001,Credit,UPI,15950.36,Success
TXN000286,2025-03-28,ACC00987,CUST00749,PRD010,Credit,Net Banking,106098.71,Success
TXN000287,2025-10-12,ACC00093,CUST00117,PRD011,Debit,Mobile App,387064.81,Success
TXN000288,2025-10-23,ACC00664,CUST00098,PRD005,Debit,POS,9107.81,Success
TXN000289,2024-12-31,ACC00694,CUST00550,PRD004,Credit,Mobile App,17179.23,Success
TXN000290,2025-04-26,ACC00342,CUST00729,PRD010,Debit,ATM,371819.49,Success
TXN000291,2023-09-29,ACC00229,CUST00333,PRD012,Credit,UPI,7733.79,Success
TXN000292,2024-06-13,ACC00066,CUST00211,PRD007,Debit,Net Banking,1416.92,Success
TXN000293,2023-06-23,ACC00490,CUST00050,PRD005,Credit,Mobile App,1313.0,Failed
TXN000294,2025-12-30,ACC00439,CUST00097,PRD006,Credit,Mobile App,4925.99,Success
TXN000295,2024-04-30,ACC00179,CUST00017,PRD002,Debit,Net Banking,4261.68,Success
TXN000296,2025-01-22,ACC00359,CUST00610,PRD005,Credit,UPI,20016.94,Success
TXN000297,2025-09-02,ACC00584,CUST00781,PRD004,Credit,Net Banking,13407.07,Success
TXN000298,2025-12-21,ACC00310,CUST00431,PRD010,Credit,UPI,155080.52,Success
TXN000299,2024-12-11,ACC00806,CUST00687,PRD014,Debit,Mobile App,8569.94,Success
TXN000300,2025-02-01,ACC00359,CUST00610,PRD008,Credit,Mobile App,19898.16,Success
TXN000301,2025-09-08,ACC00479,CUST00733,PRD003,Debit,Net Banking,426113.48,Failed
TXN000302,2025-11-27,ACC00344,CUST00234,PRD006,Debit,Net Banking,10491.92,Success
TXN000303,2025-06-06,ACC00690,CUST00474,PRD016,Debit,UPI,532.75,Success
TXN000304,2025-05-28,ACC00333,CUST00100,PRD011,Credit,Net Banking,232130.2,Success
TXN000305,2024-09-08,ACC00704,CUST00520,PRD004,Debit,Mobile App,4387.96,Failed
TXN000306,2023-12-16,ACC00520,CUST00645,PRD009,Credit,Net Banking,81782.95,Success
TXN000307,2025-03-19,ACC00722,CUST00651,PRD009,Debit,Net Banking,120723.68,Success
TXN000308,2025-12-26,ACC00875,CUST00202,PRD012,Debit,Mobile App,6030.25,Success
TXN000309,2025-05-25,ACC00618,CUST00455,PRD012,Credit,Mobile App,10219.37,Success
TXN000310,2025-11-19,ACC00201,CUST00521,PRD002,Credit,Net Banking,11780.15,Success
TXN000311,2024-05-05,ACC00133,CUST00521,PRD014,Debit,UPI,1008.48,Success
TXN000312,2025-06-01,ACC00180,CUST00527,PRD001,Credit,UPI,14731.32,Success
TXN000313,2025-06-27,ACC00056,CUST00566,PRD006,Credit,Net Banking,3724.37,Success
TXN000314,2025-12-18,ACC00012,CUST00351,PRD010,Debit,UPI,189057.57,Success
TXN000315,2025-12-16,ACC00728,CUST00584,PRD004,Debit,Net Banking,12672.24,Success
TXN000316,2025-06-21,ACC00414,CUST00616,PRD007,Credit,ATM,13268.08,Success
TXN000317,2025-12-27,ACC00577,CUST00408,PRD013,Debit,POS,37823.88,Success
TXN000318,2025-10-18,ACC00452,CUST00170,PRD008,Credit,Net Banking,23019.88,Success
TXN000319,2025-05-02,ACC00586,CUST00279,PRD004,Debit,Mobile App,4709.63,Success
TXN000320,2024-01-19,ACC00940,CUST00424,PRD013,Debit,UPI,49074.41,Success
TXN000321,2025-12-23,ACC00898,CUST00166,PRD016,Credit,Mobile App,19059.1,Success
TXN000322,2023-01-13,ACC00453,CUST00736,PRD003,Credit,Mobile App,257991.69,Success
TXN000323,2025-08-27,ACC00599,CUST00252,PRD010,Credit,UPI,59479.01,Success
TXN000324,2025-01-25,ACC00858,CUST00671,PRD006,Debit,UPI,18430.74,Success
TXN000325,2024-10-24,ACC00701,CUST00365,PRD007,Debit,ATM,10241.33,Success
TXN000326,2025-03-17,ACC00544,CUST00669,PRD001,Debit,Mobile App,22379.39,Success
TXN000327,2024-12-13,ACC00726,CUST00469,PRD004,Debit,Branch,418.37,Success
TXN000328,2025-09-08,ACC00567,CUST00055,PRD013,Debit,Net Banking,26371.79,Success
TXN000329,2024-12-28,ACC00054,CUST00407,PRD016,Debit,UPI,17406.42,Success
TXN000330,2024-09-13,ACC00862,CUST00588,PRD008,Debit,Net Banking,4301.21,Success
TXN000331,2024-01-26,ACC00270,CUST00738,PRD008,Credit,UPI,21116.33,Success
TXN000332,2025-03-23,ACC00015,CUST00536,PRD007,Credit,UPI,12527.84,Success
TXN000333,2024-02-06,ACC00709,CUST00462,PRD007,Debit,Net Banking,18931.94,Success
TXN000334,2025-11-27,ACC00558,CUST00278,PRD006,Debit,Branch,16700.26,Success
TXN000335,2023-09-13,ACC00704,CUST00520,PRD007,Debit,POS,3769.62,Success
TXN000336,2025-09-09,ACC00349,CUST00637,PRD004,Credit,UPI,5847.46,Success
TXN000337,2023-07-19,ACC00719,CUST00614,PRD016,Debit,UPI,20774.78,Success
TXN000338,2024-03-13,ACC00598,CUST00184,PRD013,Credit,UPI,30426.9,Success
TXN000339,2025-10-02,ACC00767,CUST00400,PRD001,Credit,UPI,19028.27,Success
TXN000340,2025-09-03,ACC00874,CUST00686,PRD009,Debit,Mobile App,243690.48,Success
TXN000341,2025-03-03,ACC00763,CUST00295,PRD012,Credit,Mobile App,27350.69,Success
TXN000342,2025-05-26,ACC00389,CUST00542,PRD010,Debit,Mobile App,386703.16,Success
TXN000343,2023-07-09,ACC00038,CUST00372,PRD012,Debit,ATM,22780.72,Success
TXN000344,2025-12-07,ACC00689,CUST00408,PRD010,Debit,Mobile App,104897.2,Success
TXN000345,2025-09-22,ACC00574,CUST00160,PRD013,Debit,Net Banking,8625.14,Success
TXN000346,2024-06-10,ACC00312,CUST00218,PRD010,Credit,UPI,386725.35,Success
TXN000347,2025-11-10,ACC00286,CUST00417,PRD012,Debit,Mobile App,27199.92,Success
TXN000348,2025-06-07,ACC00100,CUST00418,PRD012,Credit,Mobile App,3258.99,Success
TXN000349,2025-08-20,ACC00926,CUST00322,PRD010,Credit,Mobile App,344714.14,Success
TXN000350,2025-07-04,ACC01000,CUST00485,PRD005,Debit,UPI,14802.54,Success
TXN000351,2024-09-23,ACC00432,CUST00133,PRD002,Credit,UPI,14640.78,Success
TXN000352,2025-08-16,ACC00281,CUST00004,PRD011,Debit,Mobile App,225511.13,Success
TXN000353,2024-04-15,ACC00799,CUST00609,PRD007,Debit,Mobile App,6181.3,Success
TXN000354,2024-09-12,ACC00380,CUST00039,PRD009,Credit,UPI,350235.81,Success
TXN000355,2025-09-21,ACC00407,CUST00130,PRD003,Debit,UPI,278440.07,Success
TXN000356,2025-11-26,ACC00237,CUST00649,PRD016,Credit,Net Banking,12917.52,Success
TXN000357,2024-06-22,ACC00570,CUST00454,PRD014,Credit,UPI,1600.7,Success
TXN000358,2025-08-08,ACC00325,CUST00190,PRD009,Credit,Mobile App,66908.32,Success
TXN000359,2025-11-17,ACC00033,CUST00122,PRD002,Credit,Net Banking,12468.61,Success
TXN000360,2025-09-16,ACC00382,CUST00090,PRD003,Debit,Net Banking,163770.03,Success
TXN000361,2025-05-07,ACC00363,CUST00464,PRD001,Debit,UPI,24355.27,Success
TXN000362,2025-09-02,ACC00835,CUST00225,PRD005,Credit,ATM,6702.36,Success
TXN000363,2023-01-13,ACC00129,CUST00635,PRD015,Credit,Mobile App,15651.85,Success
TXN000364,2024-01-10,ACC00876,CUST00296,PRD012,Debit,Net Banking,29797.3,Success
TXN000365,2024-02-23,ACC00838,CUST00044,PRD011,Credit,Mobile App,225010.83,Success
TXN000366,2025-12-05,ACC00728,CUST00584,PRD002,Credit,UPI,12665.52,Success
TXN000367,2024-04-20,ACC00544,CUST00669,PRD004,Credit,Net Banking,10416.42,Success
TXN000368,2024-08-14,ACC00128,CUST00711,PRD001,Credit,Mobile App,13734.31,Success
TXN000369,2024-06-28,ACC00576,CUST00324,PRD016,Debit,Mobile App,4744.82,Success
TXN000370,2025-09-24,ACC00049,CUST00574,PRD015,Credit,Net Banking,23458.76,Success
TXN000371,2023-08-30,ACC00381,CUST00242,PRD010,Credit,Mobile App,429331.83,Success
TXN000372,2025-02-07,ACC00474,CUST00146,PRD011,Debit,Branch,48743.2,Success
TXN000373,2025-06-07,ACC00501,CUST00051,PRD012,Credit,Mobile App,37448.46,Success
TXN000374,2024-08-09,ACC00673,CUST00579,PRD004,Debit,ATM,21518.63,Success
TXN000375,2025-10-09,ACC00281,CUST00004,PRD002,Debit,Mobile App,6746.68,Success
TXN000376,2024-10-13,ACC00129,CUST00635,PRD013,Credit,UPI,12188.43,Success
TXN000377,2025-09-29,ACC00007,CUST00161,PRD011,Credit,UPI,402581.48,Success
TXN000378,2025-01-04,ACC00124,CUST00195,PRD001,Credit,Mobile App,10608.28,Failed
TXN000379,2024-12-24,ACC00534,CUST00098,PRD004,Debit,UPI,825.63,Success
TXN000380,2025-10-15,ACC00519,CUST00350,PRD010,Debit,UPI,329261.03,Success
TXN000381,2024-07-06,ACC00339,CUST00164,PRD001,Credit,Net Banking,1477.65,Success
TXN000382,2025-06-25,ACC00639,CUST00336,PRD004,Debit,UPI,1683.18,Success
TXN000383,2025-07-05,ACC00792,CUST00027,PRD014,Debit,ATM,44343.11,Success
TXN000384,2023-10-04,ACC00726,CUST00469,PRD012,Credit,ATM,12184.04,Success
TXN000385,2024-10-27,ACC00617,CUST00115,PRD008,Debit,Mobile App,16639.01,Success
TXN000386,2025-09-21,ACC00098,CUST00241,PRD013,Debit,Net Banking,25074.33,Success
TXN000387,2024-12-03,ACC00566,CUST00520,PRD014,Credit,Mobile App,16013.81,Success
TXN000388,2025-05-05,ACC00861,CUST00669,PRD011,Debit,Net Banking,377100.31,Success
TXN000389,2024-07-05,ACC00004,CUST00299,PRD009,Debit,UPI,122772.15,Success
TXN000390,2024-12-31,ACC00239,CUST00096,PRD003,Credit,Mobile App,46844.19,Success
TXN000391,2025-07-09,ACC00274,CUST00372,PRD011,Debit,Net Banking,281957.62,Success
TXN000392,2024-06-18,ACC00187,CUST00048,PRD008,Credit,UPI,19628.4,Success
TXN000393,2025-12-02,ACC00558,CUST00278,PRD005,Credit,Mobile App,7773.47,Success
TXN000394,2024-08-28,ACC00556,CUST00555,PRD009,Debit,Branch,374935.86,Success
TXN000395,2025-03-21,ACC00127,CUST00575,PRD002,Debit,UPI,16822.8,Success
TXN000396,2025-12-09,ACC00961,CUST00745,PRD006,Credit,UPI,17545.36,Success
TXN000397,2024-04-01,ACC00877,CUST00261,PRD012,Debit,Net Banking,12200.9,Success
TXN000398,2025-04-27,ACC00160,CUST00708,PRD001,Credit,UPI,23194.93,Failed
TXN000399,2025-09-24,ACC00054,CUST00407,PRD001,Debit,UPI,18941.03,Failed
TXN000400,2024-08-17,ACC00053,CUST00354,PRD002,Credit,ATM,11027.26,Success
TXN000401,2025-10-08,ACC00287,CUST00506,PRD016,Credit,ATM,19754.0,Success
TXN000402,2023-04-09,ACC00242,CUST00355,PRD008,Credit,UPI,12343.13,Success
TXN000403,2025-11-19,ACC00539,CUST00443,PRD014,Debit,Branch,21407.12,Success
TXN000404,2024-06-25,ACC00102,CUST00058,PRD012,Debit,UPI,13418.02,Success
TXN000405,2024-08-11,ACC00995,CUST00691,PRD003,Credit,Mobile App,282909.31,Success
TXN000406,2025-10-11,ACC00203,CUST00441,PRD014,Credit,Net Banking,32247.95,Success
TXN000407,2025-07-23,ACC00691,CUST00061,PRD015,Credit,Mobile App,176.59,Success
TXN000408,2024-08-01,ACC00359,CUST00610,PRD006,Credit,UPI,2859.62,Success
TXN000409,2025-02-21,ACC00547,CUST00740,PRD013,Credit,Net Banking,32634.44,Success
TXN000410,2025-12-26,ACC00030,CUST00029,PRD001,Credit,Mobile App,23491.51,Success
TXN000411,2025-01-30,ACC00480,CUST00191,PRD009,Credit,ATM,103269.93,Success
TXN000412,2025-12-27,ACC00525,CUST00025,PRD003,Debit,UPI,60511.5,Success
TXN000413,2024-04-29,ACC00201,CUST00521,PRD004,Credit,UPI,20883.51,Success
TXN000414,2024-08-26,ACC00421,CUST00388,PRD015,Debit,UPI,14007.4,Success
TXN000415,2025-07-01,ACC00870,CUST00160,PRD009,Debit,UPI,241963.94,Success
TXN000416,2025-10-28,ACC00586,CUST00279,PRD013,Credit,ATM,31091.2,Success
TXN000417,2023-06-04,ACC00749,CUST00549,PRD011,Debit,UPI,101658.98,Failed
TXN000418,2024-02-14,ACC00336,CUST00507,PRD004,Debit,UPI,19356.65,Success
TXN000419,2025-12-11,ACC00660,CUST00005,PRD015,Debit,ATM,5689.65,Success
TXN000420,2025-08-05,ACC00353,CUST00587,PRD008,Credit,Branch,6728.45,Success
TXN000421,2024-03-31,ACC00222,CUST00235,PRD011,Debit,UPI,119170.86,Success
TXN000422,2023-03-01,ACC00296,CUST00180,PRD002,Credit,ATM,4815.14,Success
TXN000423,2025-12-12,ACC00334,CUST00764,PRD003,Credit,Net Banking,488541.52,Success
TXN000424,2025-09-08,ACC00567,CUST00055,PRD011,Credit,Mobile App,299793.48,Success
TXN000425,2025-10-17,ACC00197,CUST00525,PRD007,Debit,UPI,21798.94,Success
TXN000426,2025-09-23,ACC00111,CUST00272,PRD001,Debit,UPI,9649.04,Success
TXN000427,2023-01-16,ACC00643,CUST00308,PRD007,Credit,Mobile App,13969.3,Success
TXN000428,2025-05-30,ACC00313,CUST00742,PRD005,Credit,Branch,8922.11,Success
TXN000429,2023-10-09,ACC00735,CUST00288,PRD009,Debit,Net Banking,360591.66,Success
TXN000430,2024-04-16,ACC00934,CUST00301,PRD011,Debit,UPI,202850.08,Success
TXN000431,2024-08-15,ACC00455,CUST00260,PRD012,Debit,Net Banking,44665.18,Success
TXN000432,2023-06-14,ACC00833,CUST00285,PRD012,Credit,UPI,24895.57,Success
TXN000433,2024-11-20,ACC00053,CUST00354,PRD014,Credit,Mobile App,35657.65,Success
TXN000434,2025-09-16,ACC00811,CUST00038,PRD004,Credit,UPI,24465.06,Success
TXN000435,2024-11-03,ACC00068,CUST00367,PRD014,Credit,POS,18349.31,Success
TXN000436,2023-06-06,ACC00214,CUST00617,PRD015,Credit,Branch,20756.77,Success
TXN000437,2025-07-21,ACC00640,CUST00089,PRD001,Debit,Mobile App,4208.1,Success
TXN000438,2025-10-06,ACC00488,CUST00196,PRD001,Debit,Mobile App,13936.3,Failed
TXN000439,2024-12-14,ACC00224,CUST00061,PRD005,Debit,Mobile App,4804.11,Success
TXN000440,2025-09-20,ACC00943,CUST00306,PRD002,Credit,UPI,4172.52,Success
TXN000441,2024-07-07,ACC00396,CUST00314,PRD014,Credit,UPI,24998.08,Success
TXN000442,2025-03-29,ACC00953,CUST00611,PRD002,Credit,POS,11498.22,Success
TXN000443,2024-12-27,ACC00514,CUST00663,PRD001,Credit,Net Banking,8805.15,Success
TXN000444,2024-11-08,ACC00243,CUST00661,PRD013,Credit,UPI,37621.86,Success
TXN000445,2025-10-26,ACC00139,CUST00611,PRD014,Debit,Mobile App,11013.61,Success
TXN000446,2024-03-16,ACC00809,CUST00356,PRD002,Debit,UPI,4596.16,Success
TXN000447,2025-05-14,ACC00434,CUST00716,PRD005,Debit,UPI,2448.2,Success
TXN000448,2025-08-12,ACC00866,CUST00701,PRD010,Credit,UPI,78555.65,Failed
TXN000449,2024-10-04,ACC00099,CUST00716,PRD002,Credit,Branch,8156.1,Success
TXN000450,2023-04-13,ACC00789,CUST00122,PRD008,Credit,Mobile App,12048.39,Success
TXN000451,2025-07-02,ACC00904,CUST00614,PRD007,Debit,UPI,8302.73,Success
TXN000452,2024-03-01,ACC00533,CUST00602,PRD003,Credit,Mobile App,474760.83,Success
TXN000453,2025-06-26,ACC00266,CUST00754,PRD006,Debit,Branch,3320.07,Success
TXN000454,2023-03-06,ACC00700,CUST00783,PRD005,Debit,ATM,19973.86,Success
TXN000455,2025-11-14,ACC00689,CUST00408,PRD012,Debit,Mobile App,5081.28,Success
TXN000456,2025-08-04,ACC00467,CUST00169,PRD007,Credit,UPI,10033.04,Success
TXN000457,2024-12-23,ACC00162,CUST00788,PRD011,Credit,UPI,213150.19,Success
TXN000458,2025-11-17,ACC00442,CUST00162,PRD004,Debit,POS,7533.81,Success
TXN000459,2025-08-08,ACC00402,CUST00574,PRD005,Debit,Net Banking,22602.98,Success
TXN000460,2023-09-11,ACC00233,CUST00161,PRD004,Debit,UPI,9249.68,Success
TXN000461,2024-10-19,ACC00746,CUST00398,PRD013,Credit,Mobile App,13789.73,Success
TXN000462,2025-12-26,ACC00052,CUST00351,PRD012,Debit,UPI,18727.68,Success
TXN000463,2024-03-11,ACC00084,CUST00692,PRD007,Credit,Mobile App,12882.2,Success
TXN000464,2025-05-14,ACC00030,CUST00029,PRD001,Debit,Net Banking,17869.52,Success
TXN000465,2024-09-10,ACC00080,CUST00627,PRD009,Debit,Mobile App,60305.65,Success
TXN000466,2025-03-22,ACC00736,CUST00370,PRD007,Debit,UPI,7579.79,Success
TXN000467,2024-04-29,ACC00416,CUST00222,PRD013,Debit,Net Banking,12808.35,Success
TXN000468,2024-04-20,ACC00955,CUST00269,PRD009,Credit,Mobile App,460304.97,Success
TXN000469,2025-03-21,ACC00583,CUST00356,PRD010,Credit,Mobile App,243035.12,Success
TXN000470,2025-11-25,ACC00149,CUST00531,PRD013,Debit,ATM,29485.61,Success
TXN000471,2025-07-13,ACC00711,CUST00629,PRD012,Debit,UPI,23412.51,Success
TXN000472,2025-12-06,ACC00207,CUST00554,PRD001,Debit,ATM,10464.66,Success
TXN000473,2024-05-10,ACC00092,CUST00137,PRD006,Debit,UPI,18958.12,Success
TXN000474,2025-04-03,ACC00686,CUST00596,PRD003,Credit,ATM,460693.72,Success
TXN000475,2025-08-26,ACC00611,CUST00427,PRD001,Debit,UPI,24556.44,Success
TXN000476,2025-10-22,ACC00398,CUST00376,PRD009,Credit,Net Banking,28599.31,Success
TXN000477,2025-06-08,ACC00640,CUST00089,PRD009,Credit,UPI,240878.25,Success
TXN000478,2024-08-31,ACC00416,CUST00222,PRD010,Credit,Net Banking,368437.47,Success
TXN000479,2025-12-05,ACC00526,CUST00704,PRD007,Credit,ATM,17297.49,Success
TXN000480,2023-09-16,ACC00632,CUST00507,PRD016,Debit,Net Banking,2282.11,Success
TXN000481,2025-03-20,ACC00722,CUST00651,PRD009,Credit,UPI,354095.57,Success
TXN000482,2024-12-21,ACC00416,CUST00222,PRD002,Credit,UPI,3714.34,Success
TXN000483,2025-10-06,ACC00644,CUST00057,PRD008,Credit,ATM,13510.71,Success
TXN000484,2025-02-20,ACC00821,CUST00432,PRD014,Credit,Net Banking,21383.02,Success
TXN000485,2025-12-26,ACC00966,CUST00570,PRD001,Credit,Branch,11187.12,Success
TXN000486,2025-12-02,ACC00952,CUST00093,PRD011,Credit,UPI,136462.23,Success
TXN000487,2025-12-13,ACC00852,CUST00419,PRD006,Credit,ATM,8412.87,Success
TXN000488,2023-02-02,ACC00336,CUST00507,PRD016,Credit,ATM,10450.58,Success
TXN000489,2025-03-13,ACC00450,CUST00523,PRD011,Credit,Mobile App,499532.66,Success
TXN000490,2023-11-03,ACC00768,CUST00048,PRD007,Credit,UPI,18142.89,Success
TXN000491,2023-06-16,ACC00204,CUST00426,PRD008,Debit,Branch,5874.45,Success
TXN000492,2025-12-07,ACC00705,CUST00488,PRD008,Credit,UPI,13876.07,Success
TXN000493,2025-07-24,ACC00391,CUST00594,PRD012,Credit,Mobile App,6288.57,Success
TXN000494,2025-11-12,ACC00073,CUST00615,PRD006,Debit,Mobile App,10962.13,Success
TXN000495,2025-06-01,ACC00199,CUST00415,PRD007,Credit,Net Banking,11008.96,Success
TXN000496,2025-11-27,ACC00908,CUST00390,PRD013,Debit,Mobile App,46125.91,Success
TXN000497,2024-11-01,ACC00487,CUST00211,PRD015,Debit,Net Banking,22091.02,Success
TXN000498,2024-11-29,ACC00861,CUST00669,PRD008,Debit,UPI,23535.81,Success
TXN000499,2025-11-29,ACC00089,CUST00390,PRD008,Debit,UPI,24276.45,Success
TXN000500,2025-08-10,ACC00405,CUST00233,PRD012,Credit,UPI,4766.5,Success
TXN000501,2023-06-17,ACC00264,CUST00301,PRD004,Credit,UPI,12355.42,Success
TXN000502,2025-12-06,ACC00354,CUST00455,PRD008,Debit,Branch,5944.5,Success
TXN000503,2025-11-30,ACC00252,CUST00761,PRD009,Debit,POS,145187.84,Success
TXN000504,2024-04-16,ACC00350,CUST00352,PRD001,Debit,UPI,12636.62,Success
TXN000505,2024-08-16,ACC00123,CUST00056,PRD006,Debit,UPI,5744.59,Success
TXN000506,2025-06-08,ACC00952,CUST00093,PRD013,Debit,Mobile App,39351.85,Failed
TXN000507,2025-07-19,ACC00870,CUST00160,PRD012,Debit,Net Banking,44867.73,Success
TXN000508,2025-07-08,ACC00691,CUST00061,PRD005,Debit,ATM,2693.14,Success
TXN000509,2025-10-06,ACC00265,CUST00292,PRD016,Credit,Branch,24069.91,Success
TXN000510,2025-11-20,ACC00974,CUST00404,PRD001,Debit,POS,15280.43,Success
TXN000511,2024-04-27,ACC00472,CUST00749,PRD005,Debit,UPI,12731.91,Success
TXN000512,2025-08-07,ACC00862,CUST00588,PRD010,Credit,UPI,193586.45,Success
TXN000513,2025-01-29,ACC00599,CUST00252,PRD007,Debit,Net Banking,12509.94,Success
TXN000514,2023-05-29,ACC00763,CUST00295,PRD014,Debit,UPI,41048.46,Success
TXN000515,2025-12-26,ACC00947,CUST00735,PRD016,Credit,UPI,19253.56,Failed
TXN000516,2025-12-28,ACC00893,CUST00750,PRD006,Credit,ATM,7240.28,Success
TXN000517,2025-06-26,ACC00610,CUST00349,PRD004,Credit,UPI,10433.71,Success
TXN000518,2025-12-03,ACC00686,CUST00596,PRD013,Debit,UPI,26717.69,Success
TXN000519,2025-12-03,ACC00481,CUST00637,PRD009,Debit,UPI,460649.63,Success
TXN000520,2023-10-23,ACC00003,CUST00180,PRD002,Debit,POS,17086.75,Success
TXN000521,2025-06-13,ACC00232,CUST00076,PRD011,Debit,Mobile App,364460.35,Success
TXN000522,2025-12-18,ACC00108,CUST00461,PRD008,Debit,UPI,10101.11,Success
TXN000523,2025-01-01,ACC00402,CUST00574,PRD011,Debit,Mobile App,37804.99,Success
TXN000524,2025-10-14,ACC00271,CUST00567,PRD003,Debit,UPI,489311.83,Success
TXN000525,2025-10-29,ACC00010,CUST00337,PRD001,Debit,Net Banking,24319.26,Success
TXN000526,2025-08-10,ACC00534,CUST00098,PRD005,Credit,ATM,21851.3,Success
TXN000527,2025-04-18,ACC00121,CUST00369,PRD009,Debit,UPI,416961.71,Success
TXN000528,2025-08-28,ACC00930,CUST00405,PRD005,Debit,Mobile App,10158.06,Success
TXN000529,2025-05-21,ACC00685,CUST00448,PRD002,Debit,ATM,15492.87,Success
TXN000530,2025-08-28,ACC00032,CUST00338,PRD001,Credit,UPI,16254.05,Success
TXN000531,2024-04-30,ACC00250,CUST00600,PRD013,Debit,ATM,27102.96,Success
TXN000532,2025-12-27,ACC00918,CUST00680,PRD007,Credit,Net Banking,13059.7,Success
TXN000533,2025-12-19,ACC00023,CUST00746,PRD001,Debit,UPI,7875.09,Success
TXN000534,2025-11-30,ACC00658,CUST00588,PRD006,Credit,Mobile App,22268.95,Success
TXN000535,2025-10-29,ACC00016,CUST00394,PRD010,Debit,UPI,165892.2,Success
TXN000536,2025-04-02,ACC00633,CUST00671,PRD010,Credit,Mobile App,423960.05,Success
TXN000537,2025-08-27,ACC00188,CUST00772,PRD002,Credit,Mobile App,18938.34,Success
TXN000538,2023-07-22,ACC00649,CUST00760,PRD007,Debit,Mobile App,229.81,Success
TXN000539,2024-06-29,ACC00624,CUST00429,PRD007,Credit,UPI,14581.69,Success
TXN000540,2024-01-28,ACC00735,CUST00288,PRD010,Debit,Branch,425357.97,Success
TXN000541,2024-06-09,ACC00060,CUST00362,PRD004,Credit,UPI,20395.47,Success
TXN000542,2025-11-15,ACC00679,CUST00637,PRD015,Debit,UPI,18464.06,Success
TXN000543,2025-03-25,ACC00090,CUST00503,PRD003,Credit,Mobile App,393703.76,Success
TXN000544,2025-05-15,ACC00427,CUST00494,PRD004,Credit,UPI,10360.12,Success
TXN000545,2025-07-06,ACC00674,CUST00392,PRD001,Credit,Mobile App,5448.13,Success
TXN000546,2024-01-29,ACC00257,CUST00360,PRD006,Credit,Net Banking,14018.31,Success
TXN000547,2025-09-14,ACC00199,CUST00415,PRD009,Debit,ATM,325501.35,Success
TXN000548,2025-02-14,ACC00086,CUST00232,PRD009,Debit,Net Banking,371224.14,Failed
TXN000549,2025-05-20,ACC00678,CUST00026,PRD004,Credit,UPI,12170.63,Success
TXN000550,2025-04-07,ACC00738,CUST00146,PRD010,Credit,POS,273987.73,Success
TXN000551,2025-09-30,ACC00394,CUST00587,PRD014,Debit,Mobile App,8263.57,Success
TXN000552,2025-02-06,ACC00534,CUST00098,PRD003,Debit,Branch,429112.54,Success
TXN000553,2025-11-21,ACC00439,CUST00097,PRD008,Credit,UPI,13117.16,Success
TXN000554,2024-06-22,ACC00779,CUST00628,PRD007,Credit,UPI,7420.13,Success
TXN000555,2023-05-31,ACC00747,CUST00453,PRD006,Credit,UPI,10601.75,Success
TXN000556,2024-03-02,ACC00826,CUST00667,PRD001,Debit,UPI,4658.62,Success
TXN000557,2025-02-10,ACC00033,CUST00122,PRD007,Debit,UPI,1782.36,Success
TXN000558,2025-04-17,ACC00251,CUST00304,PRD009,Credit,Mobile App,237139.73,Success
TXN000559,2023-01-17,ACC00287,CUST00506,PRD003,Credit,UPI,420168.06,Success
TXN000560,2023-10-23,ACC00336,CUST00507,PRD010,Credit,UPI,385605.81,Success
TXN000561,2024-03-28,ACC00905,CUST00585,PRD015,Debit,UPI,2323.94,Success
TXN000562,2025-05-26,ACC00908,CUST00390,PRD014,Debit,Mobile App,45062.1,Success
TXN000563,2025-12-18,ACC00780,CUST00001,PRD002,Credit,UPI,11133.1,Success
TXN000564,2025-11-13,ACC00395,CUST00692,PRD004,Credit,UPI,717.62,Success
TXN000565,2024-07-31,ACC00347,CUST00615,PRD009,Debit,Net Banking,329676.65,Success
TXN000566,2025-11-28,ACC00232,CUST00076,PRD008,Debit,UPI,13591.67,Failed
TXN000567,2025-12-18,ACC00063,CUST00599,PRD016,Debit,POS,18788.91,Success
TXN000568,2025-12-14,ACC00539,CUST00443,PRD012,Credit,UPI,26827.04,Success
TXN000569,2025-03-30,ACC00820,CUST00793,PRD010,Debit,UPI,418251.46,Success
TXN000570,2025-03-25,ACC00792,CUST00027,PRD006,Debit,Mobile App,13385.24,Success
TXN000571,2025-09-19,ACC00275,CUST00755,PRD007,Credit,Mobile App,23352.83,Success
TXN000572,2025-10-29,ACC00872,CUST00512,PRD001,Credit,UPI,13244.75,Success
TXN000573,2024-11-01,ACC00428,CUST00181,PRD015,Credit,UPI,13590.3,Failed
TXN000574,2023-10-17,ACC00901,CUST00108,PRD004,Credit,UPI,3940.26,Success
TXN000575,2025-09-30,ACC00586,CUST00279,PRD008,Debit,Net Banking,24031.97,Success
TXN000576,2024-11-15,ACC00817,CUST00414,PRD006,Credit,Net Banking,2558.73,Success
TXN000577,2024-10-27,ACC00182,CUST00273,PRD008,Credit,ATM,23545.28,Success
TXN000578,2024-10-31,ACC00219,CUST00335,PRD011,Debit,UPI,306562.22,Success
TXN000579,2025-11-27,ACC00811,CUST00038,PRD003,Credit,Mobile App,475691.39,Success
TXN000580,2024-10-12,ACC00123,CUST00056,PRD002,Credit,UPI,1729.91,Success
TXN000581,2025-07-01,ACC00907,CUST00587,PRD009,Credit,Mobile App,28938.96,Success
TXN000582,2025-11-18,ACC00484,CUST00390,PRD015,Debit,Mobile App,19098.16,Success
TXN000583,2025-12-10,ACC00538,CUST00098,PRD008,Debit,UPI,11204.96,Success
TXN000584,2025-09-22,ACC00415,CUST00724,PRD006,Debit,Mobile App,3644.94,Success
TXN000585,2025-10-17,ACC00689,CUST00408,PRD007,Debit,UPI,23820.05,Success
TXN000586,2025-10-05,ACC00578,CUST00236,PRD010,Debit,Mobile App,410068.98,Success
TXN000587,2023-02-16,ACC00110,CUST00024,PRD006,Debit,Mobile App,4267.8,Success
TXN000588,2025-12-27,ACC00999,CUST00547,PRD006,Credit,Branch,6347.14,Success
TXN000589,2024-07-25,ACC00972,CUST00663,PRD015,Debit,POS,5397.58,Success
TXN000590,2024-11-13,ACC00175,CUST00744,PRD001,Debit,UPI,13398.82,Success
TXN000591,2025-03-16,ACC00830,CUST00723,PRD011,Credit,UPI,418639.09,Success
TXN000592,2025-09-26,ACC00591,CUST00184,PRD006,Debit,POS,5350.17,Success
TXN000593,2024-07-19,ACC00615,CUST00716,PRD003,Credit,ATM,473796.06,Success
TXN000594,2025-09-23,ACC00444,CUST00677,PRD006,Debit,POS,6898.03,Success
TXN000595,2023-02-23,ACC00598,CUST00184,PRD007,Debit,UPI,23978.92,Success
TXN000596,2025-03-20,ACC00791,CUST00066,PRD015,Credit,Branch,23064.22,Success
TXN000597,2024-03-11,ACC00775,CUST00133,PRD012,Debit,UPI,9090.03,Success
TXN000598,2024-02-08,ACC00263,CUST00399,PRD016,Debit,Net Banking,9880.5,Success
TXN000599,2025-06-25,ACC00768,CUST00048,PRD011,Credit,ATM,278551.68,Success
TXN000600,2024-12-26,ACC00668,CUST00326,PRD007,Debit,ATM,3173.05,Success
TXN000601,2025-08-22,ACC00705,CUST00488,PRD004,Debit,UPI,9730.1,Success
TXN000602,2025-05-27,ACC00460,CUST00521,PRD002,Debit,ATM,3206.62,Failed
TXN000603,2024-04-28,ACC00576,CUST00324,PRD012,Credit,UPI,37285.65,Success
TXN000604,2025-07-06,ACC00131,CUST00196,PRD006,Debit,Net Banking,4868.64,Success
TXN000605,2025-03-17,ACC00943,CUST00306,PRD001,Debit,Mobile App,5606.58,Success
TXN000606,2025-09-25,ACC00806,CUST00687,PRD007,Debit,POS,12371.66,Success
TXN000607,2024-11-24,ACC00084,CUST00692,PRD007,Debit,Mobile App,24608.16,Success
TXN000608,2025-05-11,ACC00851,CUST00408,PRD011,Debit,UPI,260156.31,Success
TXN000609,2023-05-04,ACC00178,CUST00050,PRD002,Credit,UPI,16837.17,Success
TXN000610,2025-11-27,ACC00593,CUST00602,PRD009,Debit,UPI,378067.25,Success
TXN000611,2025-12-06,ACC00659,CUST00363,PRD003,Credit,Branch,442881.48,Success
TXN000612,2025-10-14,ACC00457,CUST00530,PRD007,Debit,UPI,675.63,Success
TXN000613,2025-08-18,ACC00771,CUST00642,PRD003,Debit,Net Banking,346726.57,Success
TXN000614,2025-02-05,ACC00061,CUST00510,PRD002,Debit,UPI,16860.18,Success
TXN000615,2025-06-14,ACC00525,CUST00025,PRD016,Debit,ATM,21124.1,Success
TXN000616,2023-07-15,ACC00022,CUST00040,PRD014,Credit,UPI,25030.95,Success
TXN000617,2025-11-29,ACC00503,CUST00080,PRD004,Debit,UPI,1269.42,Success
TXN000618,2025-11-25,ACC00886,CUST00728,PRD011,Debit,Mobile App,208092.26,Success
TXN000619,2024-06-18,ACC00568,CUST00566,PRD001,Credit,ATM,24757.59,Success
TXN000620,2024-09-17,ACC00473,CUST00640,PRD006,Credit,Net Banking,22933.18,Failed
TXN000621,2023-01-20,ACC00700,CUST00783,PRD013,Credit,UPI,31452.09,Success
TXN000622,2025-08-27,ACC00217,CUST00470,PRD016,Credit,Mobile App,19950.8,Success
TXN000623,2025-09-20,ACC00932,CUST00431,PRD002,Debit,ATM,11892.06,Success
TXN000624,2025-10-14,ACC00153,CUST00638,PRD004,Debit,ATM,13039.91,Success
TXN000625,2025-08-29,ACC00326,CUST00025,PRD010,Credit,UPI,230494.15,Success
TXN000626,2025-07-03,ACC00729,CUST00194,PRD008,Credit,Mobile App,24365.69,Success
TXN000627,2023-05-06,ACC00247,CUST00476,PRD015,Debit,UPI,17364.76,Success
TXN000628,2024-01-26,ACC00607,CUST00079,PRD003,Debit,UPI,46298.64,Success
TXN000629,2024-02-02,ACC00121,CUST00369,PRD016,Debit,Mobile App,1489.17,Success
TXN000630,2025-07-01,ACC00907,CUST00587,PRD016,Credit,ATM,15470.82,Success
TXN000631,2024-02-25,ACC00905,CUST00585,PRD006,Credit,ATM,15637.8,Success
TXN000632,2025-09-13,ACC00486,CUST00315,PRD008,Credit,Mobile App,15543.25,Success
TXN000633,2025-01-24,ACC00480,CUST00191,PRD004,Credit,Net Banking,746.7,Success
TXN000634,2025-12-21,ACC00405,CUST00233,PRD005,Debit,Mobile App,405.99,Success
TXN000635,2024-04-04,ACC00860,CUST00570,PRD010,Debit,Mobile App,454097.6,Success
TXN000636,2024-02-21,ACC00273,CUST00161,PRD006,Credit,Mobile App,12086.84,Success
TXN000637,2025-09-23,ACC00445,CUST00375,PRD015,Debit,UPI,1197.36,Success
TXN000638,2025-09-12,ACC00813,CUST00262,PRD008,Credit,Mobile App,16327.45,Success
TXN000639,2025-12-21,ACC00023,CUST00746,PRD002,Credit,Mobile App,3726.05,Success
TXN000640,2024-09-11,ACC00737,CUST00559,PRD005,Debit,Mobile App,24259.75,Success
TXN000641,2025-11-10,ACC00352,CUST00240,PRD010,Debit,Net Banking,133945.93,Success
TXN000642,2024-06-22,ACC00542,CUST00274,PRD013,Debit,Mobile App,17518.9,Success
TXN000643,2025-03-07,ACC00102,CUST00058,PRD010,Debit,Mobile App,52833.81,Success
TXN000644,2025-05-27,ACC00439,CUST00097,PRD015,Credit,Mobile App,11738.32,Success
TXN000645,2025-06-04,ACC00196,CUST00519,PRD013,Debit,ATM,17115.19,Success
TXN000646,2024-04-04,ACC00418,CUST00777,PRD015,Credit,UPI,21915.03,Success
TXN000647,2023-12-05,ACC00643,CUST00308,PRD002,Debit,Mobile App,16005.3,Success
TXN000648,2025-12-08,ACC00318,CUST00349,PRD015,Debit,Mobile App,12070.58,Success
TXN000649,2025-09-10,ACC00374,CUST00292,PRD005,Debit,ATM,9460.2,Success
TXN000650,2025-05-16,ACC00086,CUST00232,PRD003,Credit,ATM,24748.2,Success
TXN000651,2025-03-05,ACC00967,CUST00732,PRD014,Credit,Mobile App,22300.2,Success
TXN000652,2023-08-19,ACC00263,CUST00399,PRD015,Debit,Branch,24385.2,Success
TXN000653,2025-01-24,ACC00933,CUST00184,PRD015,Credit,UPI,6623.77,Success
TXN000654,2025-06-19,ACC00010,CUST00337,PRD005,Credit,ATM,4980.09,Success
TXN000655,2025-01-08,ACC00430,CUST00527,PRD011,Credit,UPI,419093.95,Success
TXN000656,2024-08-23,ACC00001,CUST00697,PRD008,Credit,Net Banking,8525.74,Success
TXN000657,2025-07-25,ACC00800,CUST00040,PRD010,Credit,Mobile App,198728.12,Success
TXN000658,2025-07-24,ACC00847,CUST00347,PRD001,Credit,Mobile App,15617.77,Success
TXN000659,2023-01-07,ACC00540,CUST00536,PRD004,Credit,Net Banking,22079.81,Success
TXN000660,2025-12-27,ACC00642,CUST00740,PRD016,Credit,UPI,17389.41,Success
TXN000661,2023-09-18,ACC00471,CUST00613,PRD013,Credit,Mobile App,46090.17,Success
TXN000662,2024-12-17,ACC00493,CUST00764,PRD015,Debit,Mobile App,7425.15,Success
TXN000663,2024-06-04,ACC00597,CUST00133,PRD011,Credit,UPI,154435.19,Success
TXN000664,2024-07-06,ACC00645,CUST00494,PRD013,Credit,Mobile App,24705.04,Success
TXN000665,2023-03-28,ACC00621,CUST00510,PRD016,Debit,Net Banking,15410.67,Success
TXN000666,2024-10-21,ACC00001,CUST00697,PRD001,Credit,UPI,18803.29,Success
TXN000667,2025-10-02,ACC00203,CUST00441,PRD002,Credit,Mobile App,17840.92,Success
TXN000668,2024-12-16,ACC00673,CUST00579,PRD011,Debit,Mobile App,247403.91,Failed
TXN000669,2025-05-19,ACC00005,CUST00442,PRD001,Debit,Mobile App,16278.46,Success
TXN000670,2025-02-09,ACC00557,CUST00045,PRD012,Credit,ATM,12102.04,Success
TXN000671,2025-06-24,ACC00313,CUST00742,PRD001,Credit,Mobile App,4014.51,Success
TXN000672,2023-03-29,ACC00861,CUST00669,PRD006,Debit,UPI,18815.41,Success
TXN000673,2023-06-12,ACC00838,CUST00044,PRD002,Credit,Mobile App,1124.46,Success
TXN000674,2024-05-31,ACC00624,CUST00429,PRD002,Debit,UPI,10869.39,Success
TXN000675,2025-09-13,ACC00581,CUST00762,PRD016,Credit,Mobile App,715.48,Success
TXN000676,2025-10-26,ACC00303,CUST00269,PRD004,Credit,UPI,22546.75,Success
TXN000677,2024-02-09,ACC00214,CUST00617,PRD002,Credit,Mobile App,2046.16,Success
TXN000678,2025-10-29,ACC00074,CUST00135,PRD006,Credit,UPI,9069.9,Success
TXN000679,2025-11-01,ACC00676,CUST00603,PRD006,Debit,UPI,6325.59,Success
TXN000680,2025-11-29,ACC00071,CUST00189,PRD010,Debit,Net Banking,111508.37,Success
TXN000681,2024-10-03,ACC00430,CUST00527,PRD001,Debit,UPI,17933.02,Success
TXN000682,2025-03-05,ACC00456,CUST00623,PRD003,Debit,UPI,155285.73,Success
TXN000683,2024-11-02,ACC00891,CUST00696,PRD006,Credit,POS,20564.35,Failed
TXN000684,2024-10-10,ACC00482,CUST00692,PRD009,Debit,UPI,494851.82,Success
TXN000685,2025-07-17,ACC00265,CUST00292,PRD016,Debit,ATM,18111.06,Success
TXN000686,2025-05-08,ACC00501,CUST00051,PRD011,Credit,UPI,285255.32,Success
TXN000687,2025-05-16,ACC00198,CUST00711,PRD001,Credit,ATM,2238.31,Success
TXN000688,2025-11-28,ACC00886,CUST00728,PRD012,Debit,Mobile App,21175.55,Failed
TXN000689,2025-01-14,ACC00210,CUST00479,PRD005,Credit,ATM,3559.86,Success
TXN000690,2025-06-13,ACC00866,CUST00701,PRD007,Debit,UPI,12545.03,Success
TXN000691,2024-09-25,ACC00397,CUST00775,PRD007,Debit,UPI,10700.41,Success
TXN000692,2025-12-16,ACC00729,CUST00194,PRD011,Debit,Net Banking,163825.86,Success
TXN000693,2024-12-11,ACC00413,CUST00418,PRD005,Debit,Mobile App,3564.45,Success
TXN000694,2025-06-10,ACC00803,CUST00415,PRD015,Debit,POS,19998.73,Success
TXN000695,2024-11-11,ACC00433,CUST00541,PRD001,Debit,Mobile App,9594.83,Success
TXN000696,2024-11-19,ACC00600,CUST00182,PRD007,Debit,UPI,11921.96,Success
TXN000697,2023-03-16,ACC00895,CUST00687,PRD004,Credit,POS,7685.67,Success
TXN000698,2024-04-12,ACC00250,CUST00600,PRD006,Credit,Net Banking,20679.22,Success
TXN000699,2024-10-16,ACC00996,CUST00670,PRD010,Debit,UPI,457445.75,Success
TXN000700,2025-05-27,ACC00260,CUST00057,PRD014,Credit,UPI,26457.59,Success
TXN000701,2023-09-03,ACC00390,CUST00253,PRD011,Credit,UPI,176850.59,Success
TXN000702,2025-02-28,ACC00951,CUST00591,PRD005,Debit,UPI,3315.53,Failed
TXN000703,2025-10-07,ACC00984,CUST00723,PRD013,Credit,Net Banking,45227.58,Success
TXN000704,2023-07-11,ACC00106,CUST00342,PRD013,Credit,ATM,40985.86,Success
TXN000705,2025-04-22,ACC00353,CUST00587,PRD013,Debit,UPI,15860.53,Success
TXN000706,2025-08-24,ACC00239,CUST00096,PRD010,Credit,Net Banking,116817.31,Success
TXN000707,2025-05-11,ACC00462,CUST00699,PRD012,Debit,Mobile App,30440.01,Success
TXN000708,2025-07-22,ACC00052,CUST00351,PRD016,Credit,UPI,12324.87,Success
TXN000709,2025-06-24,ACC00568,CUST00566,PRD009,Credit,UPI,330223.59,Success
TXN000710,2025-07-04,ACC00903,CUST00250,PRD009,Debit,UPI,400326.46,Success
TXN000711,2025-12-18,ACC00076,CUST00788,PRD002,Credit,ATM,10434.81,Success
TXN000712,2025-05-17,ACC00652,CUST00136,PRD010,Credit,Mobile App,204639.2,Success
TXN000713,2025-05-04,ACC00466,CUST00616,PRD012,Debit,Net Banking,35082.92,Success
TXN000714,2025-12-06,ACC00443,CUST00797,PRD016,Credit,ATM,22075.64,Success
TXN000715,2025-04-28,ACC00043,CUST00457,PRD005,Debit,Net Banking,18190.79,Success
TXN000716,2025-09-15,ACC00593,CUST00602,PRD009,Debit,Branch,385693.18,Success
TXN000717,2025-02-17,ACC00641,CUST00500,PRD013,Credit,UPI,25467.54,Success
TXN000718,2025-09-01,ACC00007,CUST00161,PRD001,Debit,Mobile App,5263.57,Success
TXN000719,2024-07-29,ACC00322,CUST00426,PRD007,Credit,UPI,16922.99,Success
TXN000720,2025-12-29,ACC00256,CUST00720,PRD005,Debit,UPI,4940.65,Success
TXN000721,2025-02-01,ACC00965,CUST00720,PRD001,Credit,UPI,3498.37,Success
TXN000722,2025-08-18,ACC00771,CUST00642,PRD003,Debit,Mobile App,59623.34,Success
TXN000723,2025-03-13,ACC00810,CUST00049,PRD011,Debit,Net Banking,245978.11,Success
TXN000724,2024-11-13,ACC00885,CUST00282,PRD014,Credit,UPI,30545.93,Success
TXN000725,2025-03-19,ACC00158,CUST00633,PRD003,Credit,UPI,100857.62,Success
TXN000726,2025-10-06,ACC00661,CUST00562,PRD006,Debit,UPI,11072.38,Success
TXN000727,2023-07-16,ACC00123,CUST00056,PRD015,Credit,Net Banking,13354.24,Success
TXN000728,2025-11-02,ACC00593,CUST00602,PRD010,Credit,UPI,270979.74,Success
TXN000729,2025-07-22,ACC00906,CUST00337,PRD014,Debit,Net Banking,34672.16,Success
TXN000730,2025-12-08,ACC00747,CUST00453,PRD002,Credit,Mobile App,9497.15,Success
TXN000731,2023-01-02,ACC00072,CUST00736,PRD005,Credit,UPI,5079.64,Success
TXN000732,2023-01-29,ACC00270,CUST00738,PRD010,Credit,UPI,413852.74,Success
TXN000733,2025-08-08,ACC00911,CUST00332,PRD005,Debit,UPI,2505.42,Failed
TXN000734,2025-05-13,ACC00337,CUST00391,PRD016,Debit,Net Banking,1195.91,Success
TXN000735,2025-09-12,ACC00261,CUST00154,PRD015,Credit,ATM,15706.98,Success
TXN000736,2025-09-13,ACC00795,CUST00392,PRD008,Debit,Branch,10754.22,Success
TXN000737,2025-12-29,ACC00204,CUST00426,PRD010,Credit,UPI,27197.39,Success
TXN000738,2025-07-17,ACC00904,CUST00614,PRD007,Debit,UPI,5580.4,Success
TXN000739,2025-06-08,ACC00302,CUST00273,PRD010,Debit,UPI,41090.69,Success
TXN000740,2024-09-05,ACC00121,CUST00369,PRD014,Debit,Mobile App,25229.01,Success
TXN000741,2024-11-29,ACC00944,CUST00663,PRD006,Debit,Net Banking,23063.38,Success
TXN000742,2023-01-13,ACC00264,CUST00301,PRD014,Debit,UPI,16555.54,Success
TXN000743,2024-02-08,ACC00254,CUST00664,PRD014,Debit,UPI,38684.62,Success
TXN000744,2024-09-07,ACC00829,CUST00408,PRD010,Credit,UPI,350060.05,Success
TXN000745,2025-10-09,ACC00831,CUST00070,PRD008,Debit,Net Banking,539.46,Success
TXN000746,2023-12-04,ACC00499,CUST00581,PRD012,Debit,Mobile App,37219.79,Success
TXN000747,2024-12-17,ACC00107,CUST00697,PRD010,Credit,Net Banking,30182.42,Success
TXN000748,2023-12-21,ACC00704,CUST00520,PRD005,Debit,UPI,10769.6,Success
TXN000749,2024-11-29,ACC00693,CUST00441,PRD007,Credit,UPI,12518.29,Success
TXN000750,2025-07-21,ACC00954,CUST00430,PRD015,Credit,UPI,6027.79,Success
TXN000751,2025-06-05,ACC00047,CUST00278,PRD001,Debit,POS,21945.56,Success
TXN000752,2025-09-15,ACC00205,CUST00415,PRD005,Credit,UPI,1086.23,Success
TXN000753,2023-10-13,ACC00719,CUST00614,PRD015,Debit,Mobile App,18788.72,Success
TXN000754,2025-11-27,ACC00248,CUST00434,PRD008,Credit,Net Banking,5224.85,Success
TXN000755,2023-07-12,ACC00942,CUST00379,PRD014,Credit,Branch,40171.86,Failed
TXN000756,2023-12-28,ACC00122,CUST00099,PRD004,Debit,UPI,13084.65,Success
TXN000757,2025-08-09,ACC00628,CUST00413,PRD002,Credit,Mobile App,12341.89,Success
TXN000758,2025-05-13,ACC00343,CUST00289,PRD006,Debit,UPI,23463.04,Failed
TXN000759,2024-06-16,ACC00066,CUST00211,PRD005,Credit,UPI,19901.3,Success
TXN000760,2025-08-23,ACC00567,CUST00055,PRD005,Credit,Mobile App,11730.15,Success
TXN000761,2025-11-09,ACC00575,CUST00716,PRD016,Credit,UPI,15185.7,Success
TXN000762,2025-08-13,ACC00515,CUST00519,PRD003,Credit,Mobile App,116672.48,Failed
TXN000763,2025-09-19,ACC00059,CUST00701,PRD002,Debit,Mobile App,9053.59,Failed
TXN000764,2025-10-10,ACC00046,CUST00193,PRD009,Credit,Mobile App,312509.23,Success
TXN000765,2024-10-16,ACC00634,CUST00676,PRD006,Credit,UPI,12101.82,Failed
TXN000766,2024-04-14,ACC00725,CUST00303,PRD013,Debit,Mobile App,45369.62,Success
TXN000767,2025-07-19,ACC00946,CUST00573,PRD012,Credit,Mobile App,9197.12,Success
TXN000768,2025-11-19,ACC00720,CUST00538,PRD013,Credit,UPI,28326.03,Success
TXN000769,2025-12-06,ACC00538,CUST00098,PRD016,Credit,UPI,4973.32,Success
TXN000770,2025-07-07,ACC00161,CUST00079,PRD004,Debit,UPI,18286.18,Success
TXN000771,2024-11-30,ACC00198,CUST00711,PRD007,Credit,Mobile App,9926.78,Success
TXN000772,2025-03-04,ACC00308,CUST00582,PRD007,Debit,UPI,24689.3,Success
TXN000773,2024-10-07,ACC00433,CUST00541,PRD001,Credit,ATM,3199.49,Failed
TXN000774,2024-08-09,ACC00467,CUST00169,PRD009,Debit,UPI,479406.5,Success
TXN000775,2025-07-21,ACC00069,CUST00587,PRD012,Debit,Net Banking,35601.86,Success
TXN000776,2025-07-17,ACC00088,CUST00236,PRD016,Debit,UPI,9694.8,Success
TXN000777,2025-12-02,ACC00188,CUST00772,PRD001,Credit,UPI,23044.57,Success
TXN000778,2025-11-23,ACC00928,CUST00319,PRD008,Credit,Net Banking,16675.32,Success
TXN000779,2024-04-22,ACC00076,CUST00788,PRD016,Credit,Mobile App,3769.45,Failed
TXN000780,2025-12-13,ACC00603,CUST00619,PRD008,Credit,Mobile App,4119.54,Success
TXN000781,2023-11-04,ACC00251,CUST00304,PRD009,Credit,UPI,204486.91,Success
TXN000782,2023-02-04,ACC00440,CUST00552,PRD015,Debit,POS,22757.73,Success
TXN000783,2025-12-30,ACC00642,CUST00740,PRD012,Debit,UPI,34745.92,Success
TXN000784,2025-11-28,ACC00606,CUST00407,PRD004,Credit,Mobile App,14693.39,Success
TXN000785,2025-11-08,ACC00152,CUST00740,PRD013,Debit,Net Banking,43536.19,Success
TXN000786,2024-09-17,ACC00625,CUST00235,PRD009,Credit,Mobile App,410829.45,Success
TXN000787,2024-11-10,ACC00117,CUST00196,PRD002,Credit,UPI,17505.32,Success
TXN000788,2025-10-10,ACC00458,CUST00658,PRD005,Credit,UPI,2512.08,Success
TXN000789,2025-10-02,ACC00605,CUST00109,PRD003,Debit,Mobile App,158403.33,Success
TXN000790,2025-09-20,ACC00301,CUST00260,PRD009,Credit,UPI,84479.39,Success
TXN000791,2025-02-11,ACC00037,CUST00682,PRD015,Credit,Mobile App,14220.59,Success
TXN000792,2025-10-26,ACC00919,CUST00083,PRD013,Credit,UPI,40554.34,Success
TXN000793,2024-01-11,ACC00294,CUST00668,PRD006,Credit,POS,11074.19,Success
TXN000794,2024-11-12,ACC00464,CUST00585,PRD006,Debit,UPI,2087.26,Success
TXN000795,2025-09-16,ACC00788,CUST00557,PRD004,Credit,UPI,838.7,Success
TXN000796,2025-09-05,ACC00524,CUST00226,PRD002,Credit,Mobile App,336.71,Success
TXN000797,2025-11-08,ACC00538,CUST00098,PRD012,Credit,POS,39565.75,Success
TXN000798,2025-11-09,ACC00475,CUST00066,PRD004,Credit,UPI,9454.08,Success
TXN000799,2025-03-24,ACC00150,CUST00524,PRD014,Debit,POS,24553.34,Success
TXN000800,2023-10-11,ACC00135,CUST00047,PRD016,Debit,Mobile App,17078.31,Success
TXN000801,2023-05-03,ACC00288,CUST00421,PRD014,Credit,UPI,18379.93,Success
TXN000802,2025-07-09,ACC00907,CUST00587,PRD010,Credit,Mobile App,439077.17,Failed
TXN000803,2025-07-25,ACC00400,CUST00179,PRD008,Debit,UPI,10105.03,Success
TXN000804,2024-07-07,ACC00214,CUST00617,PRD016,Debit,Branch,3160.07,Success
TXN000805,2025-08-14,ACC00238,CUST00625,PRD009,Debit,POS,139298.07,Success
TXN000806,2025-03-28,ACC00181,CUST00029,PRD011,Credit,Net Banking,267158.72,Success
TXN000807,2024-06-12,ACC00112,CUST00425,PRD001,Debit,UPI,23554.25,Success
TXN000808,2024-07-01,ACC00231,CUST00477,PRD003,Credit,Mobile App,485406.84,Success
TXN000809,2025-05-16,ACC00002,CUST00136,PRD013,Debit,Net Banking,24484.54,Success
TXN000810,2025-10-08,ACC00758,CUST00652,PRD010,Debit,Net Banking,470760.68,Success
TXN000811,2025-10-10,ACC00079,CUST00380,PRD008,Debit,Mobile App,17517.54,Success
TXN000812,2025-09-03,ACC00238,CUST00625,PRD004,Credit,UPI,17827.36,Success
TXN000813,2025-07-10,ACC00501,CUST00051,PRD013,Debit,ATM,35974.95,Success
TXN000814,2025-10-01,ACC00220,CUST00676,PRD012,Credit,Mobile App,41701.53,Success
TXN000815,2025-10-01,ACC00574,CUST00160,PRD011,Debit,POS,450276.12,Success
TXN000816,2025-08-02,ACC00936,CUST00111,PRD011,Debit,Mobile App,136810.88,Success
TXN000817,2025-12-25,ACC00865,CUST00634,PRD007,Credit,Branch,2726.19,Success
TXN000818,2025-03-08,ACC00645,CUST00494,PRD001,Debit,UPI,8229.87,Success
TXN000819,2023-05-26,ACC00562,CUST00189,PRD005,Credit,UPI,16681.72,Success
TXN000820,2023-01-13,ACC00297,CUST00297,PRD014,Debit,Net Banking,46175.44,Success
TXN000821,2025-05-27,ACC00791,CUST00066,PRD008,Debit,Mobile App,8386.75,Success
TXN000822,2025-02-20,ACC00336,CUST00507,PRD004,Credit,Mobile App,1710.21,Success
TXN000823,2024-07-25,ACC00964,CUST00779,PRD008,Credit,Branch,18153.2,Success
TXN000824,2023-01-05,ACC00790,CUST00447,PRD009,Debit,Net Banking,229741.88,Failed
TXN000825,2025-10-17,ACC00597,CUST00133,PRD016,Credit,UPI,2873.42,Success
TXN000826,2024-03-12,ACC00960,CUST00233,PRD016,Credit,Mobile App,23555.99,Success
TXN000827,2025-02-11,ACC00884,CUST00135,PRD008,Debit,UPI,9566.86,Success
TXN000828,2023-11-05,ACC00473,CUST00640,PRD016,Debit,UPI,4827.46,Success
TXN000829,2024-12-10,ACC00051,CUST00766,PRD014,Credit,Mobile App,39977.15,Success
TXN000830,2024-10-12,ACC00634,CUST00676,PRD008,Debit,UPI,14810.32,Success
TXN000831,2024-11-16,ACC00759,CUST00281,PRD005,Credit,UPI,7966.56,Success
TXN000832,2024-12-22,ACC00646,CUST00298,PRD007,Debit,UPI,17031.52,Success
TXN000833,2023-04-24,ACC00106,CUST00342,PRD001,Credit,UPI,21243.27,Success
TXN000834,2025-08-05,ACC00847,CUST00347,PRD010,Debit,UPI,261141.44,Success
TXN000835,2024-10-14,ACC00634,CUST00676,PRD011,Debit,UPI,295506.54,Success
TXN000836,2025-11-13,ACC00753,CUST00385,PRD005,Debit,UPI,24165.74,Success
TXN000837,2023-12-18,ACC00257,CUST00360,PRD003,Credit,ATM,364047.83,Success
TXN000838,2024-09-26,ACC00197,CUST00525,PRD005,Debit,Branch,18419.57,Success
TXN000839,2024-12-22,ACC00954,CUST00430,PRD005,Debit,Net Banking,18212.15,Success
TXN000840,2025-08-22,ACC00870,CUST00160,PRD006,Credit,ATM,4063.91,Success
TXN000841,2025-01-07,ACC00441,CUST00331,PRD009,Credit,UPI,247242.38,Success
TXN000842,2024-04-04,ACC00959,CUST00076,PRD005,Credit,UPI,18196.19,Success
TXN000843,2024-11-24,ACC00914,CUST00213,PRD009,Credit,Branch,283044.82,Success
TXN000844,2024-09-01,ACC00810,CUST00049,PRD013,Credit,UPI,43359.84,Success
TXN000845,2023-03-15,ACC00930,CUST00405,PRD014,Credit,Branch,32904.38,Success
TXN000846,2025-10-20,ACC00926,CUST00322,PRD007,Debit,Mobile App,22440.73,Success
TXN000847,2025-08-13,ACC00036,CUST00217,PRD005,Credit,ATM,16315.83,Success
TXN000848,2025-01-19,ACC00054,CUST00407,PRD014,Credit,ATM,39382.21,Success
TXN000849,2025-11-12,ACC00853,CUST00693,PRD014,Debit,UPI,34132.54,Failed
TXN000850,2024-10-05,ACC00817,CUST00414,PRD007,Credit,UPI,11899.51,Success
TXN000851,2023-12-03,ACC00345,CUST00747,PRD015,Debit,UPI,8528.3,Success
TXN000852,2025-11-13,ACC00114,CUST00513,PRD003,Credit,UPI,137600.48,Success
TXN000853,2023-11-07,ACC00621,CUST00510,PRD007,Credit,UPI,14944.27,Success
TXN000854,2025-04-10,ACC00802,CUST00023,PRD015,Credit,Net Banking,24779.98,Success
TXN000855,2024-10-23,ACC00412,CUST00384,PRD002,Debit,UPI,20473.06,Success
TXN000856,2025-08-06,ACC00573,CUST00220,PRD001,Credit,Mobile App,388.9,Success
TXN000857,2025-06-09,ACC00348,CUST00693,PRD005,Credit,UPI,22721.11,Success
TXN000858,2025-02-26,ACC00535,CUST00701,PRD002,Credit,Mobile App,12039.51,Failed
TXN000859,2024-10-07,ACC00954,CUST00430,PRD001,Debit,UPI,9660.6,Success
TXN000860,2024-05-30,ACC00134,CUST00290,PRD015,Debit,Net Banking,3218.39,Success
TXN000861,2025-04-25,ACC00892,CUST00471,PRD002,Credit,Net Banking,13484.03,Success
TXN000862,2024-04-29,ACC00175,CUST00744,PRD006,Credit,Net Banking,20454.82,Success
TXN000863,2023-10-08,ACC00726,CUST00469,PRD012,Debit,Mobile App,41938.63,Success
TXN000864,2025-09-04,ACC00923,CUST00508,PRD010,Debit,ATM,381683.94,Success
TXN000865,2025-06-19,ACC00403,CUST00668,PRD002,Credit,Net Banking,21563.89,Success
TXN000866,2025-02-28,ACC00950,CUST00437,PRD013,Debit,UPI,16057.66,Success
TXN000867,2025-01-17,ACC00894,CUST00027,PRD016,Credit,Mobile App,2286.74,Success
TXN000868,2025-07-04,ACC00698,CUST00748,PRD008,Credit,Net Banking,3205.46,Success
TXN000869,2025-08-18,ACC00547,CUST00740,PRD009,Credit,POS,489009.49,Success
TXN000870,2025-09-21,ACC00444,CUST00677,PRD006,Debit,UPI,23650.29,Success
TXN000871,2025-10-25,ACC00852,CUST00419,PRD003,Debit,UPI,87130.42,Success
TXN000872,2025-07-25,ACC00254,CUST00664,PRD012,Credit,UPI,49841.46,Success
TXN000873,2025-02-19,ACC00492,CUST00502,PRD007,Debit,Mobile App,16599.16,Success
TXN000874,2025-07-13,ACC00563,CUST00705,PRD002,Credit,UPI,21416.52,Success
TXN000875,2025-06-08,ACC00652,CUST00136,PRD009,Credit,UPI,304055.91,Success
TXN000876,2025-12-19,ACC00652,CUST00136,PRD006,Credit,Net Banking,13791.23,Success
TXN000877,2025-04-07,ACC00710,CUST00738,PRD006,Credit,Mobile App,11456.09,Success
TXN000878,2024-10-02,ACC00994,CUST00677,PRD002,Debit,Net Banking,3666.77,Failed
TXN000879,2023-05-25,ACC00709,CUST00462,PRD003,Credit,Mobile App,323897.52,Success
TXN000880,2025-09-23,ACC00583,CUST00356,PRD010,Debit,Net Banking,330930.13,Success
TXN000881,2025-12-01,ACC00655,CUST00456,PRD003,Debit,UPI,171852.96,Success
TXN000882,2024-05-27,ACC00315,CUST00490,PRD016,Debit,UPI,6262.69,Failed
TXN000883,2025-09-19,ACC00620,CUST00135,PRD001,Credit,Mobile App,10228.85,Success
TXN000884,2025-08-10,ACC00731,CUST00604,PRD004,Credit,UPI,19473.97,Success
TXN000885,2024-07-05,ACC00387,CUST00590,PRD008,Credit,Net Banking,2538.88,Success
TXN000886,2025-03-19,ACC00577,CUST00408,PRD008,Debit,UPI,19590.07,Failed
TXN000887,2024-08-19,ACC00991,CUST00678,PRD002,Credit,Mobile App,14761.79,Success
TXN000888,2025-03-22,ACC00246,CUST00151,PRD015,Debit,UPI,14346.74,Success
TXN000889,2025-04-03,ACC00633,CUST00671,PRD014,Credit,UPI,2874.18,Success
TXN000890,2024-11-06,ACC00216,CUST00631,PRD004,Credit,Net Banking,20171.52,Success
TXN000891,2025-09-26,ACC00250,CUST00600,PRD006,Debit,Net Banking,22062.33,Success
TXN000892,2025-09-15,ACC00584,CUST00781,PRD010,Credit,Mobile App,349596.01,Success
TXN000893,2024-12-29,ACC00043,CUST00457,PRD001,Debit,Net Banking,14232.26,Success
TXN000894,2024-12-29,ACC00273,CUST00161,PRD004,Credit,Branch,9316.75,Success
TXN000895,2025-10-27,ACC00096,CUST00634,PRD005,Debit,Net Banking,11498.89,Success
TXN000896,2025-09-20,ACC00473,CUST00640,PRD001,Credit,UPI,7241.81,Success
TXN000897,2024-09-12,ACC00635,CUST00757,PRD013,Debit,Mobile App,46228.69,Success
TXN000898,2023-09-05,ACC00064,CUST00629,PRD003,Credit,Mobile App,166717.52,Success
TXN000899,2024-06-04,ACC00267,CUST00317,PRD004,Debit,ATM,2009.66,Success
TXN000900,2024-10-23,ACC00810,CUST00049,PRD016,Credit,UPI,2206.17,Success
TXN000901,2025-08-18,ACC00530,CUST00720,PRD003,Credit,Branch,25133.45,Success
TXN000902,2023-08-24,ACC00930,CUST00405,PRD011,Debit,Net Banking,85485.62,Failed
TXN000903,2025-11-08,ACC00705,CUST00488,PRD009,Credit,Net Banking,275556.49,Success
TXN000904,2023-04-05,ACC00789,CUST00122,PRD005,Credit,UPI,20801.8,Success
TXN000905,2023-08-29,ACC00387,CUST00590,PRD002,Credit,Mobile App,8692.01,Success
TXN000906,2024-11-23,ACC00547,CUST00740,PRD002,Debit,Net Banking,24979.28,Success
TXN000907,2025-11-12,ACC00160,CUST00708,PRD002,Debit,Net Banking,11271.44,Success
TXN000908,2025-01-02,ACC00051,CUST00766,PRD007,Credit,Branch,22604.59,Success
TXN000909,2023-12-23,ACC00625,CUST00235,PRD008,Credit,UPI,8896.96,Success
TXN000910,2025-10-25,ACC00237,CUST00649,PRD011,Credit,Mobile App,485469.63,Success
TXN000911,2025-09-07,ACC00103,CUST00313,PRD002,Credit,Net Banking,21284.35,Success
TXN000912,2025-10-18,ACC00151,CUST00662,PRD015,Debit,UPI,6692.29,Success
TXN000913,2024-07-09,ACC00369,CUST00577,PRD016,Credit,Mobile App,23084.1,Success
TXN000914,2025-07-17,ACC00256,CUST00720,PRD009,Debit,POS,448840.57,Success
TXN000915,2025-12-03,ACC00827,CUST00746,PRD012,Debit,ATM,3346.09,Success
TXN000916,2025-04-29,ACC00532,CUST00239,PRD002,Credit,Mobile App,2768.38,Success
TXN000917,2025-12-15,ACC00517,CUST00793,PRD012,Credit,Net Banking,938.75,Success
TXN000918,2024-05-05,ACC00996,CUST00670,PRD016,Credit,UPI,22472.9,Success
TXN000919,2023-11-25,ACC00482,CUST00692,PRD010,Credit,Branch,389334.85,Success
TXN000920,2025-06-10,ACC00760,CUST00067,PRD016,Credit,Mobile App,9175.94,Success
TXN000921,2025-02-04,ACC00999,CUST00547,PRD003,Debit,Mobile App,494897.24,Success
TXN000922,2025-12-05,ACC00980,CUST00595,PRD001,Debit,Mobile App,18702.57,Success
TXN000923,2024-05-03,ACC00808,CUST00186,PRD006,Credit,ATM,2855.57,Success
TXN000924,2025-06-12,ACC00494,CUST00742,PRD014,Credit,UPI,16895.07,Success
TXN000925,2024-08-19,ACC00233,CUST00161,PRD003,Credit,Net Banking,480655.45,Failed
TXN000926,2023-10-28,ACC00357,CUST00545,PRD001,Debit,UPI,12439.63,Success
TXN000927,2024-09-14,ACC00627,CUST00765,PRD004,Debit,UPI,19530.4,Success
TXN000928,2025-07-29,ACC00661,CUST00562,PRD001,Credit,Net Banking,20658.42,Success
TXN000929,2025-12-04,ACC00017,CUST00260,PRD015,Credit,POS,3240.48,Success
TXN000930,2025-09-28,ACC00386,CUST00751,PRD007,Credit,UPI,1395.79,Success
TXN000931,2025-09-17,ACC00018,CUST00487,PRD014,Debit,Mobile App,897.43,Success
TXN000932,2025-05-20,ACC00741,CUST00249,PRD015,Credit,UPI,10780.9,Success
TXN000933,2025-12-01,ACC00367,CUST00197,PRD011,Debit,Net Banking,154946.64,Success
TXN000934,2024-08-30,ACC00747,CUST00453,PRD002,Credit,UPI,16691.63,Success
TXN000935,2025-11-19,ACC00212,CUST00151,PRD015,Credit,Mobile App,2666.32,Success
TXN000936,2024-04-09,ACC00081,CUST00425,PRD016,Debit,Mobile App,21386.31,Success
TXN000937,2025-12-11,ACC00243,CUST00661,PRD016,Debit,UPI,10091.95,Success
TXN000938,2023-03-18,ACC00956,CUST00656,PRD004,Credit,UPI,539.77,Success
TXN000939,2025-07-16,ACC00405,CUST00233,PRD005,Credit,ATM,13171.78,Success
TXN000940,2025-12-03,ACC00281,CUST00004,PRD006,Debit,POS,10709.29,Success
TXN000941,2025-09-04,ACC00010,CUST00337,PRD016,Credit,Mobile App,2840.37,Success
TXN000942,2024-05-10,ACC00692,CUST00582,PRD012,Credit,Branch,12724.95,Success
TXN000943,2025-08-16,ACC00626,CUST00236,PRD006,Debit,UPI,16544.73,Success
TXN000944,2025-10-31,ACC00656,CUST00636,PRD016,Credit,UPI,15202.39,Success
TXN000945,2024-02-12,ACC00046,CUST00193,PRD006,Credit,UPI,8423.63,Success
TXN000946,2025-10-10,ACC00968,CUST00704,PRD010,Credit,Net Banking,389822.55,Success
TXN000947,2025-07-16,ACC00569,CUST00642,PRD006,Credit,UPI,18599.01,Success
TXN000948,2025-08-04,ACC00182,CUST00273,PRD007,Debit,Mobile App,6971.08,Success
TXN000949,2025-09-24,ACC00160,CUST00708,PRD015,Debit,UPI,15776.01,Success
TXN000950,2025-07-10,ACC00754,CUST00438,PRD005,Debit,UPI,22112.63,Failed
TXN000951,2023-06-10,ACC00785,CUST00127,PRD005,Debit,UPI,2556.07,Success
TXN000952,2024-05-15,ACC00648,CUST00760,PRD004,Debit,Mobile App,11907.54,Success
TXN000953,2025-09-16,ACC00705,CUST00488,PRD007,Debit,Mobile App,3283.02,Success
TXN000954,2024-03-03,ACC00849,CUST00444,PRD007,Credit,Net Banking,19007.94,Success
TXN000955,2025-07-19,ACC00491,CUST00637,PRD016,Debit,Mobile App,9213.7,Success
TXN000956,2023-08-03,ACC00497,CUST00247,PRD003,Debit,UPI,251753.9,Success
TXN000957,2025-06-28,ACC00603,CUST00619,PRD008,Debit,POS,4256.68,Success
TXN000958,2024-12-16,ACC00550,CUST00236,PRD014,Credit,POS,47812.24,Success
TXN000959,2025-02-27,ACC00428,CUST00181,PRD006,Credit,POS,20381.88,Success
TXN000960,2025-11-09,ACC00116,CUST00660,PRD003,Credit,Mobile App,55993.05,Success
TXN000961,2024-08-27,ACC00917,CUST00771,PRD012,Credit,Mobile App,19817.22,Success
TXN000962,2025-10-29,ACC00187,CUST00048,PRD014,Debit,UPI,28808.95,Success
TXN000963,2024-12-16,ACC00431,CUST00377,PRD012,Debit,UPI,25883.39,Success
TXN000964,2025-12-16,ACC00837,CUST00708,PRD013,Credit,Net Banking,42697.52,Success
TXN000965,2024-01-14,ACC00270,CUST00738,PRD004,Credit,UPI,5675.84,Success
TXN000966,2025-03-16,ACC00722,CUST00651,PRD012,Debit,UPI,47131.28,Success
TXN000967,2024-01-03,ACC00557,CUST00045,PRD010,Credit,UPI,44729.59,Success
TXN000968,2025-12-25,ACC00508,CUST00114,PRD007,Debit,POS,2993.0,Success
TXN000969,2025-01-25,ACC00806,CUST00687,PRD006,Debit,Mobile App,8181.59,Failed
TXN000970,2024-06-21,ACC00542,CUST00274,PRD004,Debit,ATM,3426.93,Success
TXN000971,2025-09-03,ACC00661,CUST00562,PRD005,Debit,UPI,15686.29,Failed
TXN000972,2025-04-20,ACC00791,CUST00066,PRD001,Credit,UPI,7064.28,Success
TXN000973,2024-12-09,ACC00493,CUST00764,PRD013,Credit,UPI,43465.11,Success
TXN000974,2023-05-26,ACC00601,CUST00620,PRD016,Debit,Mobile App,17234.07,Success
TXN000975,2025-11-07,ACC00647,CUST00347,PRD009,Debit,UPI,310084.01,Success
TXN000976,2025-08-06,ACC00144,CUST00346,PRD015,Credit,Mobile App,5177.57,Success
TXN000977,2024-01-29,ACC00785,CUST00127,PRD016,Debit,ATM,11206.79,Success
TXN000978,2025-12-13,ACC00998,CUST00095,PRD011,Debit,Mobile App,249923.31,Success
TXN000979,2025-12-15,ACC00203,CUST00441,PRD014,Credit,Mobile App,9217.47,Success
TXN000980,2024-04-09,ACC00341,CUST00315,PRD014,Debit,Branch,14461.19,Success
TXN000981,2023-01-15,ACC00498,CUST00779,PRD013,Credit,ATM,34524.66,Success
TXN000982,2024-03-07,ACC00471,CUST00613,PRD010,Credit,UPI,238411.6,Success
TXN000983,2023-06-17,ACC00077,CUST00474,PRD001,Debit,Mobile App,3518.55,Success
TXN000984,2025-04-22,ACC00083,CUST00091,PRD006,Debit,UPI,9661.36,Success
TXN000985,2025-04-08,ACC00355,CUST00121,PRD002,Credit,UPI,23373.48,Success
TXN000986,2025-10-05,ACC00237,CUST00649,PRD015,Credit,Net Banking,23471.1,Success
TXN000987,2025-07-08,ACC00486,CUST00315,PRD002,Debit,Net Banking,19812.35,Success
TXN000988,2024-06-03,ACC00858,CUST00671,PRD002,Debit,ATM,2215.63,Success
TXN000989,2025-07-08,ACC00904,CUST00614,PRD015,Credit,Net Banking,20405.08,Success
TXN000990,2025-07-10,ACC00002,CUST00136,PRD007,Credit,Mobile App,13633.81,Success
TXN000991,2025-10-09,ACC00775,CUST00133,PRD016,Credit,Mobile App,1208.69,Success
TXN000992,2025-08-18,ACC00851,CUST00408,PRD010,Debit,UPI,219336.64,Success
TXN000993,2024-06-03,ACC00053,CUST00354,PRD009,Credit,UPI,204983.87,Success
TXN000994,2025-12-28,ACC00537,CUST00096,PRD006,Credit,UPI,17142.0,Success
TXN000995,2025-11-12,ACC00281,CUST00004,PRD003,Debit,Net Banking,256073.88,Success
TXN000996,2024-12-27,ACC00441,CUST00331,PRD006,Debit,UPI,7117.18,Failed
TXN000997,2025-01-23,ACC00443,CUST00797,PRD015,Credit,UPI,23125.09,Success
TXN000998,2024-07-16,ACC00820,CUST00793,PRD001,Credit,UPI,10772.85,Success
TXN000999,2025-07-10,ACC00041,CUST00714,PRD005,Credit,UPI,22338.63,Success
TXN001000,2025-09-09,ACC00386,CUST00751,PRD012,Debit,Mobile App,43832.41,Success
TXN001001,2025-04-13,ACC00391,CUST00594,PRD005,Credit,Mobile App,6708.48,Success
TXN001002,2025-12-29,ACC00909,CUST00694,PRD012,Debit,Net Banking,43154.84,Success
TXN001003,2023-11-06,ACC00897,CUST00233,PRD010,Debit,Net Banking,90934.49,Success
TXN001004,2025-11-18,ACC00980,CUST00595,PRD007,Credit,Net Banking,20384.78,Failed
TXN001005,2025-06-21,ACC00481,CUST00637,PRD002,Credit,Mobile App,3702.23,Success
TXN001006,2024-10-19,ACC00999,CUST00547,PRD003,Credit,UPI,189252.2,Success
TXN001007,2025-05-25,ACC00357,CUST00545,PRD014,Credit,Mobile App,30286.28,Failed
TXN001008,2025-11-21,ACC00318,CUST00349,PRD008,Debit,UPI,23047.96,Failed
TXN001009,2025-06-08,ACC00285,CUST00090,PRD001,Credit,Mobile App,12365.78,Success
TXN001010,2023-07-16,ACC00179,CUST00017,PRD004,Debit,UPI,17901.53,Success
TXN001011,2025-07-05,ACC00511,CUST00292,PRD015,Debit,Net Banking,5561.42,Success
TXN001012,2025-08-25,ACC00256,CUST00720,PRD006,Credit,UPI,21279.82,Success
TXN001013,2024-05-07,ACC00253,CUST00408,PRD010,Credit,Mobile App,72875.03,Success
TXN001014,2025-09-05,ACC00277,CUST00034,PRD003,Debit,UPI,393750.5,Success
TXN001015,2023-11-25,ACC00619,CUST00417,PRD001,Credit,Mobile App,13832.36,Success
TXN001016,2025-11-01,ACC00593,CUST00602,PRD012,Debit,Mobile App,11617.07,Success
TXN001017,2024-09-24,ACC00435,CUST00247,PRD015,Debit,UPI,3662.61,Success
TXN001018,2025-07-16,ACC00269,CUST00367,PRD011,Debit,Net Banking,45960.01,Success
TXN001019,2025-03-07,ACC00724,CUST00098,PRD011,Credit,Mobile App,305084.31,Success
TXN001020,2024-07-03,ACC00330,CUST00791,PRD005,Credit,UPI,6201.64,Success
TXN001021,2024-12-23,ACC00450,CUST00523,PRD016,Credit,ATM,19158.9,Success
TXN001022,2025-02-22,ACC00668,CUST00326,PRD011,Credit,UPI,475407.57,Success
TXN001023,2025-10-26,ACC00507,CUST00008,PRD003,Credit,Net Banking,329526.63,Success
TXN001024,2025-12-07,ACC00887,CUST00420,PRD003,Credit,UPI,328378.06,Success
TXN001025,2025-01-17,ACC00999,CUST00547,PRD002,Debit,UPI,9970.13,Success
TXN001026,2025-02-10,ACC00072,CUST00736,PRD006,Credit,Branch,17814.03,Success
TXN001027,2023-01-22,ACC00585,CUST00211,PRD011,Credit,Mobile App,129111.13,Success
TXN001028,2025-05-12,ACC00968,CUST00704,PRD007,Debit,UPI,9501.25,Success
TXN001029,2025-02-17,ACC00145,CUST00292,PRD005,Debit,Net Banking,1494.32,Success
TXN001030,2025-07-31,ACC00234,CUST00576,PRD009,Credit,ATM,310440.03,Failed
TXN001031,2025-04-22,ACC00725,CUST00303,PRD013,Credit,Net Banking,32808.65,Success
TXN001032,2025-12-25,ACC00199,CUST00415,PRD001,Credit,UPI,9349.81,Success
TXN001033,2025-12-25,ACC00967,CUST00732,PRD009,Credit,UPI,194096.78,Success
TXN001034,2025-06-25,ACC00113,CUST00602,PRD003,Debit,UPI,98124.99,Success
TXN001035,2025-10-29,ACC00984,CUST00723,PRD002,Credit,UPI,22751.21,Success
TXN001036,2025-03-11,ACC00105,CUST00419,PRD003,Credit,UPI,135360.87,Success
TXN001037,2025-09-16,ACC00570,CUST00454,PRD016,Credit,Mobile App,24663.7,Success
TXN001038,2025-10-15,ACC00323,CUST00687,PRD002,Credit,UPI,7784.26,Success
TXN001039,2024-06-01,ACC00227,CUST00679,PRD003,Debit,Net Banking,260103.72,Failed
TXN001040,2025-03-23,ACC00242,CUST00355,PRD010,Credit,UPI,82168.11,Success
TXN001041,2025-11-17,ACC00409,CUST00610,PRD004,Debit,UPI,12639.1,Success
TXN001042,2024-07-11,ACC00327,CUST00725,PRD006,Debit,Net Banking,19922.13,Success
TXN001043,2025-05-17,ACC00697,CUST00146,PRD005,Debit,ATM,4114.45,Success
TXN001044,2025-09-01,ACC00701,CUST00365,PRD005,Debit,UPI,23825.18,Success
TXN001045,2023-12-09,ACC00621,CUST00510,PRD016,Credit,UPI,3607.48,Success
TXN001046,2023-02-27,ACC00411,CUST00378,PRD014,Debit,POS,49617.8,Success
TXN001047,2024-11-16,ACC00041,CUST00714,PRD002,Debit,Mobile App,11242.26,Success
TXN001048,2025-10-29,ACC00002,CUST00136,PRD014,Credit,UPI,47036.99,Success
TXN001049,2025-08-02,ACC00316,CUST00441,PRD003,Credit,Net Banking,134773.1,Success
TXN001050,2024-07-15,ACC00190,CUST00687,PRD002,Debit,Mobile App,14215.83,Failed
TXN001051,2024-11-23,ACC00221,CUST00737,PRD014,Debit,UPI,38432.71,Success
TXN001052,2025-10-02,ACC00850,CUST00228,PRD009,Credit,ATM,449664.73,Success
TXN001053,2025-10-12,ACC00592,CUST00778,PRD003,Credit,Mobile App,161891.93,Success
TXN001054,2025-12-05,ACC00605,CUST00109,PRD003,Credit,Mobile App,54144.28,Success
TXN001055,2025-07-22,ACC00981,CUST00326,PRD016,Debit,Mobile App,24464.25,Failed
TXN001056,2023-11-13,ACC00564,CUST00760,PRD010,Debit,Mobile App,471118.15,Success
TXN001057,2023-05-05,ACC00245,CUST00594,PRD009,Debit,Mobile App,157580.03,Success
TXN001058,2025-10-07,ACC00270,CUST00738,PRD007,Credit,Mobile App,11076.61,Success
TXN001059,2025-07-17,ACC00186,CUST00093,PRD007,Debit,Mobile App,2178.91,Success
TXN001060,2025-03-07,ACC00048,CUST00348,PRD012,Credit,Mobile App,49566.78,Success
TXN001061,2025-07-08,ACC00791,CUST00066,PRD012,Credit,POS,39634.24,Success
TXN001062,2025-02-10,ACC00523,CUST00479,PRD016,Debit,Mobile App,2721.92,Success
TXN001063,2025-01-24,ACC00544,CUST00669,PRD014,Credit,Mobile App,11541.04,Success
TXN001064,2025-08-30,ACC00281,CUST00004,PRD009,Debit,Net Banking,244874.58,Success
TXN001065,2024-08-01,ACC00111,CUST00272,PRD006,Debit,ATM,4588.81,Success
TXN001066,2025-12-26,ACC00100,CUST00418,PRD014,Credit,POS,21939.16,Success
TXN001067,2025-06-26,ACC00008,CUST00624,PRD011,Credit,UPI,310097.32,Success
TXN001068,2025-08-25,ACC00484,CUST00390,PRD002,Credit,Net Banking,11419.01,Success
TXN001069,2025-12-04,ACC00842,CUST00482,PRD016,Debit,Branch,5415.41,Success
TXN001070,2023-04-01,ACC00775,CUST00133,PRD001,Debit,POS,1653.77,Success
TXN001071,2025-04-10,ACC00577,CUST00408,PRD004,Debit,Net Banking,5414.18,Failed
TXN001072,2024-01-25,ACC00218,CUST00475,PRD010,Credit,UPI,223001.77,Success
TXN001073,2023-11-01,ACC00942,CUST00379,PRD011,Credit,UPI,151474.55,Success
TXN001074,2023-10-24,ACC00645,CUST00494,PRD005,Credit,ATM,10551.07,Success
TXN001075,2023-10-22,ACC00934,CUST00301,PRD003,Credit,ATM,45796.3,Success
TXN001076,2025-10-30,ACC00054,CUST00407,PRD011,Debit,Mobile App,162514.39,Failed
TXN001077,2023-01-16,ACC00669,CUST00113,PRD010,Credit,Branch,277043.02,Success
TXN001078,2024-08-27,ACC00396,CUST00314,PRD006,Debit,POS,22823.69,Success
TXN001079,2025-04-24,ACC00079,CUST00380,PRD010,Debit,ATM,449014.06,Success
TXN001080,2024-10-09,ACC00552,CUST00058,PRD005,Credit,Net Banking,3700.97,Success
TXN001081,2025-05-09,ACC00992,CUST00673,PRD005,Debit,ATM,20648.35,Success
TXN001082,2025-05-07,ACC00209,CUST00677,PRD016,Debit,UPI,23352.1,Success
TXN001083,2025-08-15,ACC00617,CUST00115,PRD004,Credit,UPI,16881.24,Success
TXN001084,2024-03-30,ACC00156,CUST00568,PRD003,Credit,Net Banking,472795.4,Failed
TXN001085,2025-02-06,ACC00360,CUST00296,PRD005,Debit,Mobile App,14501.59,Success
TXN001086,2024-10-27,ACC00053,CUST00354,PRD005,Credit,Net Banking,17441.51,Success
TXN001087,2025-05-25,ACC00112,CUST00425,PRD012,Debit,Mobile App,10883.27,Success
TXN001088,2025-10-30,ACC00224,CUST00061,PRD009,Credit,Net Banking,197723.08,Failed
TXN001089,2024-06-17,ACC00837,CUST00708,PRD006,Credit,UPI,20494.38,Success
TXN001090,2024-09-15,ACC00965,CUST00720,PRD015,Credit,Mobile App,10409.94,Failed
TXN001091,2023-06-15,ACC00614,CUST00331,PRD012,Credit,ATM,48716.47,Success
TXN001092,2025-12-03,ACC00931,CUST00697,PRD001,Credit,Branch,9390.73,Success
TXN001093,2024-10-30,ACC00364,CUST00523,PRD008,Debit,UPI,7197.2,Success
TXN001094,2025-07-28,ACC00348,CUST00693,PRD005,Debit,Net Banking,17582.11,Success
TXN001095,2025-12-29,ACC00079,CUST00380,PRD002,Debit,Branch,2281.74,Success
TXN001096,2025-07-07,ACC00892,CUST00471,PRD003,Debit,UPI,467598.44,Success
TXN001097,2023-05-28,ACC00077,CUST00474,PRD007,Credit,Net Banking,13663.87,Success
TXN001098,2025-02-06,ACC00289,CUST00704,PRD012,Debit,Mobile App,33551.65,Success
TXN001099,2024-11-29,ACC00219,CUST00335,PRD005,Debit,UPI,13834.54,Success
TXN001100,2023-09-17,ACC00861,CUST00669,PRD015,Credit,ATM,8830.28,Failed
TXN001101,2025-03-18,ACC00970,CUST00145,PRD016,Debit,Mobile App,16157.0,Success
TXN001102,2025-10-23,ACC00743,CUST00793,PRD007,Debit,UPI,19576.68,Failed
TXN001103,2025-08-19,ACC00050,CUST00661,PRD002,Debit,UPI,7754.18,Success
TXN001104,2023-01-01,ACC00527,CUST00490,PRD006,Debit,Branch,203.52,Success
TXN001105,2025-04-07,ACC00684,CUST00596,PRD011,Debit,UPI,399444.86,Success
TXN001106,2025-03-27,ACC00983,CUST00477,PRD015,Debit,Mobile App,8005.03,Success
TXN001107,2025-01-22,ACC00931,CUST00697,PRD013,Credit,Mobile App,28009.11,Success
TXN001108,2024-04-14,ACC00839,CUST00771,PRD012,Credit,Mobile App,3053.26,Success
TXN001109,2024-03-08,ACC00520,CUST00645,PRD004,Debit,Mobile App,9821.25,Failed
TXN001110,2025-03-28,ACC00471,CUST00613,PRD011,Debit,Mobile App,96052.95,Success
TXN001111,2025-07-07,ACC00428,CUST00181,PRD015,Credit,Net Banking,3047.48,Success
TXN001112,2024-12-15,ACC00051,CUST00766,PRD008,Debit,UPI,22924.97,Success
TXN001113,2025-07-29,ACC00238,CUST00625,PRD014,Debit,UPI,5116.09,Success
TXN001114,2025-07-23,ACC00154,CUST00315,PRD005,Credit,UPI,3910.91,Success
TXN001115,2025-08-26,ACC00805,CUST00160,PRD012,Debit,Mobile App,28803.79,Failed
TXN001116,2023-12-04,ACC00472,CUST00749,PRD012,Credit,Net Banking,31905.93,Failed
TXN001117,2024-09-28,ACC00387,CUST00590,PRD008,Debit,UPI,5621.71,Success
TXN001118,2025-10-05,ACC00399,CUST00514,PRD002,Credit,ATM,20196.73,Success
TXN001119,2025-11-29,ACC00933,CUST00184,PRD009,Credit,UPI,59822.42,Success
TXN001120,2025-06-28,ACC00943,CUST00306,PRD009,Credit,UPI,436130.74,Failed
TXN001121,2025-01-12,ACC00257,CUST00360,PRD005,Credit,Branch,3631.7,Success
TXN001122,2025-11-22,ACC00245,CUST00594,PRD005,Credit,UPI,21131.13,Success
TXN001123,2025-05-27,ACC00668,CUST00326,PRD003,Debit,UPI,401811.9,Success
TXN001124,2024-12-08,ACC00843,CUST00015,PRD006,Credit,Mobile App,5336.37,Success
TXN001125,2025-10-01,ACC00123,CUST00056,PRD011,Credit,ATM,236421.69,Success
TXN001126,2025-12-05,ACC00293,CUST00795,PRD006,Credit,UPI,16525.69,Success
TXN001127,2025-12-13,ACC00831,CUST00070,PRD007,Debit,ATM,8635.98,Success
TXN001128,2025-02-18,ACC00823,CUST00300,PRD007,Credit,POS,224.86,Success
TXN001129,2025-11-20,ACC00862,CUST00588,PRD012,Debit,UPI,30502.48,Success
TXN001130,2025-09-01,ACC00113,CUST00602,PRD005,Debit,Mobile App,5486.03,Success
TXN001131,2024-01-02,ACC00734,CUST00265,PRD006,Credit,ATM,3550.27,Success
TXN001132,2024-08-02,ACC00786,CUST00695,PRD004,Credit,Net Banking,6914.3,Success
TXN001133,2024-05-19,ACC00548,CUST00073,PRD009,Credit,UPI,332923.77,Success
TXN001134,2024-12-17,ACC00767,CUST00400,PRD002,Credit,ATM,23664.01,Success
TXN001135,2025-10-31,ACC00671,CUST00786,PRD008,Debit,UPI,21166.29,Success
TXN001136,2025-01-26,ACC00512,CUST00342,PRD010,Debit,POS,400713.55,Success
TXN001137,2025-03-31,ACC00745,CUST00369,PRD014,Debit,UPI,36241.99,Success
TXN001138,2025-10-28,ACC00093,CUST00117,PRD002,Credit,Mobile App,6864.68,Success
TXN001139,2024-10-06,ACC00887,CUST00420,PRD003,Credit,UPI,115865.97,Success
TXN001140,2023-12-14,ACC00350,CUST00352,PRD016,Credit,ATM,11290.14,Success
TXN001141,2025-09-05,ACC00574,CUST00160,PRD008,Debit,POS,10304.23,Success
TXN001142,2025-01-25,ACC00643,CUST00308,PRD008,Debit,ATM,13309.4,Failed
TXN001143,2025-03-03,ACC00866,CUST00701,PRD014,Credit,UPI,21754.65,Success
TXN001144,2024-09-24,ACC00681,CUST00205,PRD015,Credit,UPI,9354.34,Success
TXN001145,2025-01-06,ACC00216,CUST00631,PRD016,Credit,UPI,17238.48,Success
TXN001146,2025-06-29,ACC00171,CUST00380,PRD002,Debit,UPI,8106.87,Success
TXN001147,2025-01-24,ACC00028,CUST00761,PRD002,Credit,UPI,5383.16,Success
TXN001148,2024-02-07,ACC00107,CUST00697,PRD011,Credit,Mobile App,474210.11,Success
TXN001149,2023-04-24,ACC00273,CUST00161,PRD014,Debit,Net Banking,32490.37,Success
TXN001150,2025-07-13,ACC00157,CUST00045,PRD011,Debit,Mobile App,115112.2,Success
TXN001151,2025-10-10,ACC00743,CUST00793,PRD012,Credit,Mobile App,14083.56,Success
TXN001152,2023-02-14,ACC00789,CUST00122,PRD007,Credit,Mobile App,14820.16,Success
TXN001153,2023-07-31,ACC00171,CUST00380,PRD009,Credit,UPI,395986.71,Success
TXN001154,2023-01-26,ACC00962,CUST00770,PRD009,Debit,UPI,82907.86,Success
TXN001155,2024-10-05,ACC00825,CUST00417,PRD003,Debit,UPI,273206.57,Success
TXN001156,2024-07-06,ACC00019,CUST00634,PRD007,Credit,UPI,20763.27,Success
TXN001157,2025-08-02,ACC00413,CUST00418,PRD007,Credit,UPI,8711.03,Success
TXN001158,2025-09-25,ACC00802,CUST00023,PRD010,Credit,Net Banking,42594.93,Success
TXN001159,2025-12-05,ACC00965,CUST00720,PRD002,Credit,POS,16063.32,Success
TXN001160,2025-08-12,ACC00911,CUST00332,PRD012,Debit,ATM,5585.81,Failed
TXN001161,2023-05-13,ACC00585,CUST00211,PRD009,Credit,ATM,496899.38,Success
TXN001162,2023-05-12,ACC00360,CUST00296,PRD015,Debit,Net Banking,2291.62,Success
TXN001163,2025-01-15,ACC00078,CUST00399,PRD015,Debit,ATM,13485.2,Success
TXN001164,2025-04-27,ACC00256,CUST00720,PRD012,Credit,Net Banking,44224.31,Success
TXN001165,2024-12-19,ACC00471,CUST00613,PRD015,Credit,UPI,6666.81,Success
TXN001166,2025-09-30,ACC00695,CUST00403,PRD005,Debit,Net Banking,17496.75,Success
TXN001167,2024-09-11,ACC00247,CUST00476,PRD014,Debit,Mobile App,16306.97,Success
TXN001168,2025-12-22,ACC00392,CUST00444,PRD012,Credit,Mobile App,44826.12,Success
TXN001169,2025-09-08,ACC00703,CUST00047,PRD010,Debit,Net Banking,135451.25,Success
TXN001170,2025-03-30,ACC00545,CUST00067,PRD010,Credit,Mobile App,390869.11,Success
TXN001171,2025-11-05,ACC00853,CUST00693,PRD011,Credit,UPI,361463.06,Success
TXN001172,2024-05-26,ACC00927,CUST00673,PRD011,Credit,ATM,330624.45,Success
TXN001173,2025-11-04,ACC00637,CUST00004,PRD013,Debit,Net Banking,24982.98,Success
TXN001174,2025-08-30,ACC00484,CUST00390,PRD015,Credit,Net Banking,9688.0,Success
TXN001175,2025-12-06,ACC00047,CUST00278,PRD004,Credit,UPI,19063.9,Success
TXN001176,2025-04-19,ACC00802,CUST00023,PRD005,Debit,UPI,17741.96,Failed
TXN001177,2024-04-12,ACC00929,CUST00426,PRD007,Debit,ATM,3338.51,Success
TXN001178,2025-09-16,ACC00559,CUST00736,PRD001,Debit,UPI,15549.9,Success
TXN001179,2025-11-12,ACC00320,CUST00324,PRD014,Credit,Mobile App,21443.15,Success
TXN001180,2023-12-21,ACC00490,CUST00050,PRD002,Debit,POS,2641.4,Success
TXN001181,2025-09-14,ACC00868,CUST00548,PRD002,Credit,UPI,513.04,Success
TXN001182,2025-07-20,ACC00331,CUST00176,PRD012,Credit,UPI,26778.83,Success
TXN001183,2025-09-21,ACC00678,CUST00026,PRD016,Credit,UPI,8925.23,Success
TXN001184,2023-01-01,ACC00527,CUST00490,PRD006,Credit,UPI,8410.11,Success
TXN001185,2024-02-24,ACC00257,CUST00360,PRD010,Credit,UPI,203610.81,Success
TXN001186,2025-11-24,ACC00898,CUST00166,PRD015,Debit,UPI,4498.46,Success
TXN001187,2023-01-29,ACC00876,CUST00296,PRD009,Credit,Mobile App,72408.59,Success
TXN001188,2025-11-26,ACC00107,CUST00697,PRD003,Credit,UPI,75290.19,Success
TXN001189,2025-08-29,ACC00661,CUST00562,PRD003,Debit,Mobile App,275423.23,Success
TXN001190,2025-05-29,ACC00205,CUST00415,PRD004,Credit,ATM,10173.53,Success
TXN001191,2024-11-14,ACC00770,CUST00227,PRD016,Credit,UPI,17322.93,Success
TXN001192,2025-12-28,ACC00207,CUST00554,PRD003,Credit,UPI,325711.62,Success
TXN001193,2024-07-22,ACC00003,CUST00180,PRD015,Debit,UPI,4708.46,Success
TXN001194,2025-08-30,ACC00352,CUST00240,PRD006,Debit,Mobile App,21328.84,Success
TXN001195,2025-05-15,ACC00678,CUST00026,PRD011,Debit,UPI,99989.82,Success
TXN001196,2024-01-09,ACC00851,CUST00408,PRD007,Credit,Mobile App,16684.18,Failed
TXN001197,2025-10-03,ACC00119,CUST00780,PRD014,Credit,UPI,44122.25,Failed
TXN001198,2025-08-11,ACC00052,CUST00351,PRD009,Credit,Net Banking,189028.95,Success
TXN001199,2025-07-21,ACC00804,CUST00731,PRD008,Credit,UPI,11866.95,Success
TXN001200,2025-12-14,ACC00115,CUST00048,PRD007,Credit,UPI,7337.4,Success
TXN001201,2025-02-22,ACC00737,CUST00559,PRD002,Credit,Mobile App,19403.89,Success
TXN001202,2025-08-20,ACC00281,CUST00004,PRD001,Credit,ATM,12317.48,Success
TXN001203,2025-07-16,ACC00647,CUST00347,PRD001,Credit,Mobile App,6413.07,Success
TXN001204,2025-05-20,ACC00307,CUST00048,PRD001,Credit,ATM,8410.1,Success
TXN001205,2025-10-03,ACC00203,CUST00441,PRD006,Debit,Net Banking,21108.06,Success
TXN001206,2024-05-03,ACC00044,CUST00064,PRD003,Credit,UPI,327104.15,Success
TXN001207,2025-09-08,ACC00022,CUST00040,PRD011,Credit,Mobile App,497161.79,Success
TXN001208,2023-01-03,ACC00498,CUST00779,PRD016,Credit,UPI,17425.57,Success
TXN001209,2025-07-17,ACC00124,CUST00195,PRD009,Credit,UPI,461910.68,Success
TXN001210,2025-12-07,ACC00580,CUST00719,PRD003,Credit,UPI,320908.02,Success
TXN001211,2025-06-28,ACC00856,CUST00401,PRD009,Debit,Branch,440524.56,Failed
TXN001212,2025-05-27,ACC00974,CUST00404,PRD009,Credit,Branch,178973.92,Success
TXN001213,2025-10-21,ACC00212,CUST00151,PRD006,Debit,Branch,4845.26,Success
TXN001214,2024-09-08,ACC00070,CUST00766,PRD001,Debit,Net Banking,3161.74,Success
TXN001215,2025-02-12,ACC00950,CUST00437,PRD015,Debit,Mobile App,8740.25,Success
TXN001216,2025-07-21,ACC00943,CUST00306,PRD013,Credit,UPI,7782.99,Success
TXN001217,2025-10-26,ACC00219,CUST00335,PRD015,Debit,Mobile App,13997.71,Success
TXN001218,2025-11-01,ACC00984,CUST00723,PRD009,Credit,Mobile App,161468.83,Success
TXN001219,2025-05-04,ACC00933,CUST00184,PRD014,Credit,UPI,6610.07,Success
TXN001220,2024-01-22,ACC00218,CUST00475,PRD005,Debit,UPI,20869.34,Success
TXN001221,2025-12-06,ACC00098,CUST00241,PRD003,Credit,UPI,396926.38,Success
TXN001222,2025-07-08,ACC00144,CUST00346,PRD005,Debit,POS,23846.76,Success
TXN001223,2025-07-06,ACC00911,CUST00332,PRD007,Debit,UPI,10858.06,Success
TXN001224,2023-01-04,ACC00506,CUST00555,PRD004,Debit,UPI,23330.08,Success
TXN001225,2024-12-04,ACC00955,CUST00269,PRD001,Credit,Net Banking,10037.93,Success
TXN001226,2025-09-12,ACC00462,CUST00699,PRD014,Debit,ATM,30053.42,Success
TXN001227,2024-06-11,ACC00204,CUST00426,PRD004,Credit,Mobile App,20129.07,Success
TXN001228,2024-11-15,ACC00494,CUST00742,PRD001,Credit,Net Banking,10466.18,Success
TXN001229,2025-10-20,ACC00739,CUST00685,PRD009,Credit,UPI,465016.95,Success
TXN001230,2025-03-23,ACC00633,CUST00671,PRD013,Credit,UPI,41775.69,Success
TXN001231,2025-01-16,ACC00269,CUST00367,PRD004,Credit,Mobile App,12645.0,Success
TXN001232,2024-11-04,ACC00599,CUST00252,PRD014,Debit,UPI,23594.35,Success
TXN001233,2025-05-17,ACC00185,CUST00715,PRD007,Debit,Mobile App,757.91,Success
TXN001234,2025-12-26,ACC00356,CUST00094,PRD001,Debit,UPI,22680.53,Success
TXN001235,2025-01-30,ACC00443,CUST00797,PRD007,Debit,Mobile App,15560.15,Success
TXN001236,2025-09-28,ACC00374,CUST00292,PRD006,Debit,ATM,21143.17,Success
TXN001237,2025-11-27,ACC00687,CUST00161,PRD006,Credit,Net Banking,19098.59,Success
TXN001238,2024-12-31,ACC00480,CUST00191,PRD016,Debit,ATM,6827.35,Success
TXN001239,2025-08-05,ACC00191,CUST00148,PRD006,Debit,UPI,20566.31,Success
TXN001240,2025-02-28,ACC00764,CUST00510,PRD009,Debit,Net Banking,78292.49,Success
TXN001241,2024-12-10,ACC00298,CUST00626,PRD011,Debit,Mobile App,356754.88,Success
TXN001242,2025-04-22,ACC00595,CUST00554,PRD008,Debit,Mobile App,3496.43,Failed
TXN001243,2023-02-13,ACC00184,CUST00009,PRD014,Debit,Mobile App,31597.85,Success
TXN001244,2025-11-12,ACC00194,CUST00798,PRD013,Debit,Branch,31371.36,Success
TXN001245,2025-04-26,ACC00595,CUST00554,PRD004,Credit,UPI,22009.49,Success
TXN001246,2025-10-23,ACC00762,CUST00765,PRD011,Debit,UPI,31835.06,Success
TXN001247,2025-10-17,ACC00617,CUST00115,PRD008,Credit,UPI,7568.1,Success
TXN001248,2024-10-24,ACC00376,CUST00543,PRD012,Credit,UPI,42462.55,Success
TXN001249,2024-01-29,ACC00767,CUST00400,PRD001,Credit,Mobile App,16488.17,Success
TXN001250,2024-11-23,ACC00914,CUST00213,PRD012,Credit,UPI,7513.47,Success
TXN001251,2025-08-21,ACC00448,CUST00212,PRD015,Debit,UPI,17520.75,Success
TXN001252,2025-03-16,ACC00559,CUST00736,PRD001,Credit,Mobile App,2590.49,Success
TXN001253,2024-06-16,ACC00600,CUST00182,PRD005,Debit,UPI,9706.94,Success
TXN001254,2025-05-31,ACC00848,CUST00299,PRD001,Debit,Mobile App,3789.35,Success
TXN001255,2025-09-13,ACC00146,CUST00507,PRD005,Credit,UPI,14555.4,Success
TXN001256,2025-08-06,ACC00309,CUST00624,PRD008,Credit,Net Banking,11167.54,Success
TXN001257,2023-01-01,ACC00527,CUST00490,PRD011,Debit,UPI,443563.61,Success
TXN001258,2025-06-05,ACC00083,CUST00091,PRD010,Credit,UPI,260306.42,Success
TXN001259,2025-05-02,ACC00952,CUST00093,PRD006,Debit,UPI,13173.89,Success
TXN001260,2025-09-27,ACC00923,CUST00508,PRD011,Credit,UPI,334848.03,Success
TXN001261,2024-12-12,ACC00347,CUST00615,PRD010,Debit,Mobile App,87218.86,Success
TXN001262,2024-08-07,ACC00216,CUST00631,PRD013,Debit,Net Banking,3876.4,Success
TXN001263,2025-11-21,ACC00093,CUST00117,PRD012,Debit,Mobile App,30489.17,Failed
TXN001264,2024-05-06,ACC00140,CUST00754,PRD013,Credit,Net Banking,33115.8,Success
TXN001265,2025-12-29,ACC00595,CUST00554,PRD005,Credit,Net Banking,14560.05,Success
TXN001266,2025-06-10,ACC00320,CUST00324,PRD013,Debit,ATM,1961.33,Success
TXN001267,2024-11-21,ACC00708,CUST00524,PRD002,Debit,UPI,12535.9,Success
TXN001268,2025-05-12,ACC00126,CUST00180,PRD007,Debit,UPI,19316.41,Success
TXN001269,2023-02-16,ACC00636,CUST00318,PRD003,Debit,Net Banking,442762.6,Success
TXN001270,2023-11-27,ACC00635,CUST00757,PRD013,Debit,UPI,46157.6,Failed
TXN001271,2024-01-05,ACC00218,CUST00475,PRD012,Credit,UPI,37621.78,Success
TXN001272,2025-06-29,ACC00347,CUST00615,PRD006,Credit,UPI,833.54,Success
TXN001273,2025-07-26,ACC00299,CUST00200,PRD003,Credit,UPI,83943.99,Success
TXN001274,2025-10-10,ACC00401,CUST00368,PRD013,Debit,Mobile App,24809.6,Success
TXN001275,2025-08-15,ACC00235,CUST00705,PRD015,Debit,UPI,10908.17,Success
TXN001276,2025-02-25,ACC00525,CUST00025,PRD007,Debit,Net Banking,703.65,Success
TXN001277,2023-12-28,ACC00748,CUST00247,PRD016,Debit,UPI,3600.01,Success
TXN001278,2025-10-09,ACC00257,CUST00360,PRD015,Credit,Net Banking,21625.83,Success
TXN001279,2025-10-12,ACC00398,CUST00376,PRD016,Credit,Net Banking,18234.26,Failed
TXN001280,2025-09-12,ACC00539,CUST00443,PRD009,Debit,UPI,417236.35,Success
TXN001281,2025-08-20,ACC00685,CUST00448,PRD001,Credit,UPI,21350.2,Success
TXN001282,2023-03-15,ACC00789,CUST00122,PRD005,Debit,Mobile App,21862.02,Success
TXN001283,2025-12-02,ACC00847,CUST00347,PRD012,Debit,UPI,5495.19,Success
TXN001284,2023-10-11,ACC00994,CUST00677,PRD015,Credit,UPI,661.31,Success
TXN001285,2025-11-17,ACC00522,CUST00408,PRD010,Debit,UPI,207404.68,Success
TXN001286,2023-02-17,ACC00106,CUST00342,PRD012,Credit,ATM,14759.42,Success
TXN001287,2025-05-31,ACC00773,CUST00331,PRD008,Debit,UPI,15320.06,Success
TXN001288,2023-03-18,ACC00657,CUST00182,PRD014,Credit,Mobile App,44644.51,Success
TXN001289,2025-05-10,ACC00252,CUST00761,PRD001,Debit,Branch,16365.48,Failed
TXN001290,2025-07-07,ACC00894,CUST00027,PRD013,Credit,Mobile App,44457.39,Success
TXN001291,2025-05-26,ACC00306,CUST00588,PRD009,Credit,UPI,178212.4,Success
TXN001292,2024-05-17,ACC00912,CUST00738,PRD003,Debit,Branch,256906.45,Success
TXN001293,2025-02-24,ACC00950,CUST00437,PRD011,Debit,Mobile App,420801.66,Success
TXN001294,2025-07-14,ACC00350,CUST00352,PRD013,Debit,UPI,21103.89,Success
TXN001295,2024-11-29,ACC00718,CUST00363,PRD004,Debit,Branch,12021.41,Success
TXN001296,2024-07-10,ACC00109,CUST00707,PRD015,Credit,Net Banking,12465.26,Success
TXN001297,2025-07-12,ACC00262,CUST00712,PRD001,Credit,UPI,19560.39,Success
TXN001298,2024-10-29,ACC00782,CUST00064,PRD010,Debit,UPI,32649.83,Failed
TXN001299,2025-07-17,ACC00262,CUST00712,PRD014,Debit,UPI,19279.73,Success
TXN001300,2024-12-06,ACC00358,CUST00529,PRD016,Debit,UPI,9739.41,Success
TXN001301,2025-11-28,ACC00711,CUST00629,PRD015,Credit,UPI,13783.67,Success
TXN001302,2025-12-11,ACC00597,CUST00133,PRD001,Credit,UPI,22598.43,Success
TXN001303,2025-01-16,ACC00339,CUST00164,PRD008,Credit,UPI,6030.44,Success
TXN001304,2025-02-27,ACC00873,CUST00276,PRD004,Credit,UPI,18838.97,Success
TXN001305,2025-12-14,ACC00668,CUST00326,PRD003,Debit,Mobile App,404848.21,Success
TXN001306,2024-10-03,ACC00161,CUST00079,PRD012,Debit,UPI,3304.4,Success
TXN001307,2023-05-31,ACC00467,CUST00169,PRD015,Credit,UPI,15100.16,Success
TXN001308,2025-09-13,ACC00186,CUST00093,PRD013,Debit,POS,20192.02,Success
TXN001309,2025-08-23,ACC00841,CUST00075,PRD006,Debit,Net Banking,23465.42,Success
TXN001310,2025-09-30,ACC00911,CUST00332,PRD013,Credit,Net Banking,44933.19,Success
TXN001311,2024-10-11,ACC00490,CUST00050,PRD006,Debit,Mobile App,9236.65,Success
TXN001312,2024-01-03,ACC00932,CUST00431,PRD010,Debit,ATM,448629.67,Success
TXN001313,2025-07-31,ACC00383,CUST00365,PRD003,Credit,Mobile App,186385.02,Success
TXN001314,2025-04-15,ACC00707,CUST00527,PRD005,Credit,POS,2053.31,Success
TXN001315,2025-07-07,ACC00707,CUST00527,PRD003,Debit,ATM,166370.82,Success
TXN001316,2024-08-06,ACC00070,CUST00766,PRD001,Debit,UPI,19719.71,Success
TXN001317,2024-08-28,ACC00684,CUST00596,PRD016,Credit,UPI,19128.38,Success
TXN001318,2025-02-23,ACC00347,CUST00615,PRD009,Debit,UPI,149743.31,Success
TXN001319,2025-11-29,ACC00445,CUST00375,PRD006,Debit,UPI,1587.03,Failed
TXN001320,2024-03-16,ACC00165,CUST00229,PRD015,Debit,UPI,9626.45,Success
TXN001321,2024-02-03,ACC00466,CUST00616,PRD003,Credit,UPI,336764.33,Success
TXN001322,2025-07-16,ACC00435,CUST00247,PRD001,Debit,Net Banking,19098.61,Success
TXN001323,2024-07-26,ACC00132,CUST00199,PRD011,Debit,Branch,181384.78,Success
TXN001324,2025-05-01,ACC00944,CUST00663,PRD008,Debit,UPI,5491.95,Success
TXN001325,2025-04-03,ACC00328,CUST00349,PRD014,Credit,Net Banking,43354.24,Success
TXN001326,2024-06-17,ACC00134,CUST00290,PRD009,Debit,Branch,407550.41,Success
TXN001327,2024-01-20,ACC00912,CUST00738,PRD011,Debit,POS,157960.87,Failed
TXN001328,2023-10-22,ACC00778,CUST00044,PRD012,Debit,Mobile App,36101.4,Success
TXN001329,2024-12-05,ACC00708,CUST00524,PRD008,Debit,UPI,11736.58,Failed
TXN001330,2024-06-04,ACC00387,CUST00590,PRD014,Debit,UPI,14394.66,Success
TXN001331,2025-08-29,ACC00282,CUST00130,PRD009,Debit,UPI,390242.82,Failed
TXN001332,2024-03-31,ACC00710,CUST00738,PRD007,Credit,Mobile App,6929.32,Success
TXN001333,2025-11-21,ACC00085,CUST00676,PRD013,Credit,UPI,38692.41,Success
TXN001334,2025-04-25,ACC00155,CUST00604,PRD002,Credit,UPI,20916.39,Success
TXN001335,2025-05-16,ACC00294,CUST00668,PRD004,Debit,Mobile App,320.88,Success
TXN001336,2024-03-22,ACC00721,CUST00536,PRD004,Credit,UPI,13959.55,Success
TXN001337,2025-01-11,ACC00996,CUST00670,PRD007,Credit,Mobile App,22436.4,Success
TXN001338,2024-07-26,ACC00785,CUST00127,PRD011,Debit,POS,143843.34,Success
TXN001339,2024-02-18,ACC00132,CUST00199,PRD006,Debit,UPI,5762.73,Success
TXN001340,2025-11-14,ACC00221,CUST00737,PRD016,Credit,ATM,5893.54,Success
TXN001341,2025-03-20,ACC00084,CUST00692,PRD014,Debit,UPI,22295.29,Success
TXN001342,2025-03-12,ACC00845,CUST00349,PRD010,Credit,Mobile App,476817.82,Success
TXN001343,2025-09-29,ACC00271,CUST00567,PRD002,Debit,POS,21138.78,Success
TXN001344,2024-07-01,ACC00346,CUST00678,PRD009,Debit,Mobile App,132654.49,Success
TXN001345,2025-11-28,ACC00169,CUST00548,PRD006,Credit,Mobile App,2028.51,Success
TXN001346,2025-06-08,ACC00396,CUST00314,PRD005,Credit,Mobile App,17057.3,Success
TXN001347,2025-10-19,ACC00300,CUST00176,PRD002,Credit,Mobile App,714.9,Success
TXN001348,2024-03-12,ACC00546,CUST00360,PRD016,Debit,UPI,22445.07,Failed
TXN001349,2023-01-06,ACC00540,CUST00536,PRD008,Credit,Branch,875.82,Success
TXN001350,2025-03-09,ACC00146,CUST00507,PRD011,Credit,UPI,303789.17,Success
TXN001351,2024-01-09,ACC00144,CUST00346,PRD015,Credit,UPI,17922.62,Success
TXN001352,2024-10-06,ACC00732,CUST00522,PRD005,Debit,Net Banking,23504.5,Success
TXN001353,2023-04-15,ACC00747,CUST00453,PRD007,Credit,Mobile App,3836.86,Success
TXN001354,2024-03-06,ACC00057,CUST00078,PRD011,Debit,Mobile App,480140.08,Failed
TXN001355,2025-05-26,ACC00940,CUST00424,PRD003,Debit,Mobile App,322555.7,Failed
TXN001356,2025-03-04,ACC00600,CUST00182,PRD010,Debit,Mobile App,441670.21,Success
TXN001357,2023-01-17,ACC00332,CUST00154,PRD007,Debit,Mobile App,13056.37,Success
TXN001358,2025-09-30,ACC00071,CUST00189,PRD004,Credit,UPI,22785.63,Success
TXN001359,2024-12-22,ACC00643,CUST00308,PRD010,Credit,Net Banking,130827.54,Failed
TXN001360,2025-09-07,ACC00151,CUST00662,PRD001,Credit,POS,11180.69,Success
TXN001361,2023-08-01,ACC00338,CUST00667,PRD008,Debit,Mobile App,14055.38,Success
TXN001362,2025-08-07,ACC00170,CUST00799,PRD005,Credit,UPI,5835.71,Success
TXN001363,2025-02-02,ACC00389,CUST00542,PRD010,Debit,UPI,493637.59,Success
TXN001364,2025-12-15,ACC00903,CUST00250,PRD003,Debit,UPI,343570.46,Success
TXN001365,2025-08-11,ACC00626,CUST00236,PRD014,Debit,Mobile App,17407.8,Success
TXN001366,2023-07-13,ACC00418,CUST00777,PRD015,Credit,Mobile App,3795.12,Success
TXN001367,2025-01-06,ACC00614,CUST00331,PRD012,Credit,ATM,9405.83,Success
TXN001368,2025-09-12,ACC00813,CUST00262,PRD001,Credit,UPI,19161.19,Success
TXN001369,2023-07-12,ACC00949,CUST00193,PRD008,Debit,Mobile App,21749.52,Success
TXN001370,2025-10-14,ACC00610,CUST00349,PRD010,Debit,UPI,55047.06,Success
TXN001371,2025-09-11,ACC00765,CUST00519,PRD002,Debit,Mobile App,10616.73,Success
TXN001372,2025-02-28,ACC00795,CUST00392,PRD009,Credit,Net Banking,160828.11,Success
TXN001373,2024-01-02,ACC00143,CUST00127,PRD009,Credit,ATM,312203.57,Success
TXN001374,2025-11-20,ACC00788,CUST00557,PRD014,Credit,Net Banking,46075.82,Success
TXN001375,2025-04-10,ACC00022,CUST00040,PRD004,Debit,Branch,18543.37,Success
TXN001376,2024-01-02,ACC00501,CUST00051,PRD001,Credit,Net Banking,18362.73,Success
TXN001377,2025-03-21,ACC00997,CUST00286,PRD005,Debit,Mobile App,12783.41,Success
TXN001378,2025-12-20,ACC00560,CUST00693,PRD014,Credit,UPI,33858.4,Success
TXN001379,2024-10-27,ACC00989,CUST00019,PRD016,Credit,UPI,18091.08,Success
TXN001380,2025-10-14,ACC00334,CUST00764,PRD009,Credit,Net Banking,256780.86,Success
TXN001381,2024-06-15,ACC00037,CUST00682,PRD016,Credit,Mobile App,12754.87,Success
TXN001382,2023-05-08,ACC00790,CUST00447,PRD001,Debit,UPI,18956.78,Success
TXN001383,2025-11-21,ACC00153,CUST00638,PRD016,Debit,UPI,22071.37,Failed
TXN001384,2025-02-28,ACC00330,CUST00791,PRD015,Debit,Mobile App,22001.64,Success
TXN001385,2025-10-09,ACC00458,CUST00658,PRD012,Credit,UPI,14748.24,Success
TXN001386,2024-04-11,ACC00528,CUST00269,PRD015,Credit,UPI,23486.2,Success
TXN001387,2024-07-01,ACC00175,CUST00744,PRD015,Credit,Mobile App,5868.7,Success
TXN001388,2025-01-11,ACC00171,CUST00380,PRD012,Credit,UPI,25680.56,Success
TXN001389,2024-12-21,ACC00823,CUST00300,PRD012,Credit,Mobile App,44586.9,Success
TXN001390,2025-05-02,ACC00454,CUST00033,PRD010,Debit,UPI,414751.14,Success
TXN001391,2023-12-24,ACC00034,CUST00393,PRD012,Credit,UPI,21611.88,Failed
TXN001392,2025-07-17,ACC00244,CUST00020,PRD002,Credit,UPI,22958.08,Success
TXN001393,2025-11-09,ACC00395,CUST00692,PRD010,Debit,Branch,446662.28,Success
TXN001394,2025-10-30,ACC00744,CUST00114,PRD008,Credit,UPI,7033.48,Success
TXN001395,2024-11-01,ACC00358,CUST00529,PRD011,Debit,POS,377253.22,Success
TXN001396,2023-08-30,ACC00121,CUST00369,PRD004,Credit,UPI,8449.9,Success
TXN001397,2025-06-04,ACC00366,CUST00554,PRD001,Credit,Net Banking,1944.8,Success
TXN001398,2023-06-11,ACC00752,CUST00558,PRD013,Debit,ATM,5471.72,Success
TXN001399,2025-09-02,ACC00178,CUST00050,PRD013,Debit,Mobile App,28129.43,Success
TXN001400,2025-02-09,ACC00573,CUST00220,PRD006,Debit,Mobile App,15719.4,Failed
TXN001401,2025-10-13,ACC00233,CUST00161,PRD001,Credit,Mobile App,5583.22,Success
TXN001402,2024-05-13,ACC00613,CUST00646,PRD002,Credit,Mobile App,4758.91,Success
TXN001403,2024-02-29,ACC00130,CUST00671,PRD014,Credit,UPI,4891.23,Success
TXN001404,2025-08-31,ACC00188,CUST00772,PRD001,Debit,Net Banking,10914.54,Success
TXN001405,2025-02-27,ACC00696,CUST00382,PRD015,Credit,Mobile App,1066.44,Success
TXN001406,2024-11-23,ACC00129,CUST00635,PRD013,Debit,Mobile App,12118.43,Success
TXN001407,2025-12-29,ACC00304,CUST00142,PRD005,Credit,Mobile App,21959.45,Failed
TXN001408,2025-11-01,ACC00853,CUST00693,PRD013,Debit,ATM,24765.99,Success
TXN001409,2025-04-07,ACC00096,CUST00634,PRD005,Debit,Mobile App,7455.89,Success
TXN001410,2025-11-30,ACC00318,CUST00349,PRD016,Credit,POS,19122.02,Success
TXN001411,2025-01-03,ACC00970,CUST00145,PRD016,Credit,Mobile App,10679.15,Success
TXN001412,2023-05-30,ACC00521,CUST00592,PRD011,Credit,POS,186837.72,Success
TXN001413,2025-10-16,ACC00100,CUST00418,PRD004,Credit,UPI,21019.01,Success
TXN001414,2024-05-17,ACC00201,CUST00521,PRD015,Debit,Mobile App,821.17,Success
TXN001415,2025-03-04,ACC00511,CUST00292,PRD004,Credit,UPI,10284.24,Success
TXN001416,2025-06-28,ACC00215,CUST00621,PRD006,Debit,UPI,10339.6,Success
TXN001417,2025-11-20,ACC00448,CUST00212,PRD001,Debit,Mobile App,1460.37,Success
TXN001418,2023-10-18,ACC00876,CUST00296,PRD005,Debit,UPI,1236.15,Success
TXN001419,2025-07-01,ACC00824,CUST00744,PRD002,Credit,UPI,13446.73,Success
TXN001420,2025-04-27,ACC00175,CUST00744,PRD006,Debit,UPI,15307.71,Failed
TXN001421,2025-07-23,ACC00815,CUST00151,PRD015,Credit,Mobile App,625.83,Failed
TXN001422,2025-01-02,ACC00694,CUST00550,PRD008,Credit,Net Banking,8882.25,Success
TXN001423,2025-12-05,ACC00635,CUST00757,PRD010,Debit,UPI,121022.43,Success
TXN001424,2025-07-25,ACC00072,CUST00736,PRD015,Debit,POS,9948.6,Success
TXN001425,2025-04-03,ACC00971,CUST00274,PRD014,Debit,UPI,19007.06,Success
TXN001426,2025-07-27,ACC00643,CUST00308,PRD008,Credit,Mobile App,439.66,Success
TXN001427,2024-09-15,ACC00082,CUST00244,PRD007,Debit,Net Banking,12587.33,Success
TXN001428,2025-12-30,ACC00882,CUST00138,PRD002,Debit,UPI,703.68,Success
TXN001429,2025-11-27,ACC00398,CUST00376,PRD007,Debit,Net Banking,18772.89,Success
TXN001430,2025-11-03,ACC00055,CUST00527,PRD014,Debit,UPI,41005.65,Success
TXN001431,2024-04-11,ACC00730,CUST00227,PRD012,Debit,ATM,25473.23,Success
TXN001432,2025-12-04,ACC00852,CUST00419,PRD016,Debit,Net Banking,18592.03,Success
TXN001433,2025-10-08,ACC00755,CUST00628,PRD006,Debit,Branch,14746.08,Success
TXN001434,2025-02-12,ACC00933,CUST00184,PRD014,Credit,ATM,39346.2,Success
TXN001435,2024-05-23,ACC00730,CUST00227,PRD016,Credit,Net Banking,11526.75,Success
TXN001436,2025-01-07,ACC00994,CUST00677,PRD015,Credit,POS,9476.86,Success
TXN001437,2025-01-30,ACC00756,CUST00505,PRD012,Credit,UPI,14288.62,Success
TXN001438,2025-07-17,ACC00781,CUST00251,PRD010,Credit,Net Banking,203556.0,Success
TXN001439,2025-07-14,ACC00202,CUST00025,PRD005,Debit,Net Banking,19091.24,Failed
TXN001440,2025-04-27,ACC00664,CUST00098,PRD016,Debit,Mobile App,719.81,Success
TXN001441,2025-09-11,ACC00039,CUST00392,PRD002,Debit,Mobile App,2812.82,Success
TXN001442,2025-12-11,ACC00996,CUST00670,PRD016,Credit,UPI,2182.5,Success
TXN001443,2025-07-06,ACC00244,CUST00020,PRD003,Debit,UPI,304836.58,Failed
TXN001444,2025-09-02,ACC00705,CUST00488,PRD013,Credit,Mobile App,26408.58,Success
TXN001445,2025-04-21,ACC00048,CUST00348,PRD013,Debit,Net Banking,24924.18,Success
TXN001446,2023-02-06,ACC00325,CUST00190,PRD010,Credit,Net Banking,37524.66,Success
TXN001447,2024-08-04,ACC00615,CUST00716,PRD009,Debit,Mobile App,148709.55,Success
TXN001448,2025-05-22,ACC00154,CUST00315,PRD010,Credit,Mobile App,259911.42,Success
TXN001449,2025-10-25,ACC00481,CUST00637,PRD009,Debit,UPI,251838.24,Success
TXN001450,2025-08-25,ACC00170,CUST00799,PRD007,Debit,Net Banking,23038.64,Success
TXN001451,2025-06-01,ACC00146,CUST00507,PRD008,Credit,UPI,439.25,Success
TXN001452,2023-09-21,ACC00269,CUST00367,PRD011,Debit,UPI,437479.6,Success
TXN001453,2024-06-04,ACC00003,CUST00180,PRD012,Credit,ATM,31495.16,Success
TXN001454,2023-01-14,ACC00045,CUST00667,PRD016,Debit,UPI,10511.87,Success
TXN001455,2025-11-13,ACC00234,CUST00576,PRD009,Credit,UPI,365572.64,Failed
TXN001456,2025-11-09,ACC00145,CUST00292,PRD010,Debit,UPI,446981.64,Success
TXN001457,2024-11-24,ACC00914,CUST00213,PRD001,Debit,UPI,17157.09,Success
TXN001458,2025-05-20,ACC00776,CUST00708,PRD016,Debit,POS,15152.49,Success
TXN001459,2024-12-10,ACC00836,CUST00598,PRD016,Credit,UPI,18694.43,Success
TXN001460,2023-04-10,ACC00598,CUST00184,PRD013,Debit,Branch,35896.53,Success
TXN001461,2024-06-09,ACC00621,CUST00510,PRD014,Credit,UPI,23789.43,Success
TXN001462,2024-06-05,ACC00225,CUST00708,PRD012,Debit,UPI,10363.75,Success
TXN001463,2024-11-09,ACC00482,CUST00692,PRD013,Credit,Mobile App,31436.15,Success
TXN001464,2025-07-28,ACC00272,CUST00129,PRD007,Debit,UPI,22095.25,Success
TXN001465,2025-04-20,ACC00546,CUST00360,PRD008,Credit,UPI,7176.27,Success
TXN001466,2024-01-07,ACC00312,CUST00218,PRD010,Debit,Mobile App,196291.91,Success
TXN001467,2025-09-02,ACC00386,CUST00751,PRD011,Debit,Branch,327967.69,Success
TXN001468,2025-04-25,ACC00434,CUST00716,PRD006,Credit,Mobile App,5489.39,Success
TXN001469,2025-11-10,ACC00791,CUST00066,PRD002,Credit,Mobile App,13105.71,Success
TXN001470,2024-12-04,ACC00605,CUST00109,PRD016,Debit,UPI,21349.67,Success
TXN001471,2025-09-05,ACC00550,CUST00236,PRD001,Debit,POS,15435.59,Success
TXN001472,2025-09-08,ACC00277,CUST00034,PRD012,Debit,UPI,11975.64,Success
TXN001473,2024-05-23,ACC00760,CUST00067,PRD004,Credit,Branch,3669.0,Success
TXN001474,2024-01-19,ACC00214,CUST00617,PRD015,Credit,UPI,24249.07,Success
TXN001475,2025-07-31,ACC00159,CUST00271,PRD004,Credit,ATM,11845.06,Success
TXN001476,2023-03-19,ACC00126,CUST00180,PRD013,Credit,Net Banking,19965.71,Success
TXN001477,2025-09-05,ACC00790,CUST00447,PRD008,Debit,Net Banking,20982.37,Success
TXN001478,2024-04-26,ACC00645,CUST00494,PRD009,Credit,UPI,122671.7,Success
TXN001479,2023-06-22,ACC00570,CUST00454,PRD012,Credit,Mobile App,7572.76,Success
TXN001480,2025-07-31,ACC00439,CUST00097,PRD011,Credit,Mobile App,140258.74,Success
TXN001481,2025-10-28,ACC00424,CUST00440,PRD005,Credit,ATM,4532.51,Success
TXN001482,2025-12-19,ACC00610,CUST00349,PRD016,Debit,ATM,8715.19,Success
TXN001483,2025-04-24,ACC00782,CUST00064,PRD001,Credit,Mobile App,23023.09,Success
TXN001484,2025-09-02,ACC00603,CUST00619,PRD005,Credit,UPI,24886.42,Failed
TXN001485,2025-05-12,ACC00962,CUST00770,PRD012,Credit,UPI,29516.33,Success
TXN001486,2023-03-30,ACC00417,CUST00505,PRD003,Credit,Branch,261340.81,Success
TXN001487,2025-10-18,ACC00774,CUST00712,PRD015,Credit,UPI,16077.68,Success
TXN001488,2025-09-18,ACC00017,CUST00260,PRD016,Credit,POS,6926.93,Success
TXN001489,2023-03-02,ACC00470,CUST00662,PRD011,Credit,Mobile App,364654.17,Success
TXN001490,2025-12-21,ACC00234,CUST00576,PRD005,Debit,Mobile App,4426.9,Success
TXN001491,2025-10-07,ACC00952,CUST00093,PRD007,Debit,Mobile App,2686.79,Success
TXN001492,2025-10-19,ACC00535,CUST00701,PRD011,Credit,Mobile App,358707.0,Success
TXN001493,2025-04-13,ACC00618,CUST00455,PRD015,Credit,ATM,20868.2,Success
TXN001494,2025-12-03,ACC00594,CUST00128,PRD008,Credit,Mobile App,7924.49,Success
TXN001495,2025-03-11,ACC00163,CUST00620,PRD016,Debit,UPI,16412.12,Success
TXN001496,2025-02-05,ACC00563,CUST00705,PRD005,Debit,UPI,22501.7,Success
TXN001497,2023-11-25,ACC00147,CUST00100,PRD003,Debit,UPI,366625.06,Failed
TXN001498,2024-01-16,ACC00735,CUST00288,PRD006,Credit,UPI,10467.83,Success
TXN001499,2025-08-13,ACC00593,CUST00602,PRD016,Debit,UPI,19056.2,Success
TXN001500,2025-11-14,ACC00114,CUST00513,PRD002,Credit,UPI,1208.26,Success
TXN001501,2024-08-01,ACC00339,CUST00164,PRD006,Debit,Net Banking,15918.96,Success
TXN001502,2025-12-19,ACC00899,CUST00456,PRD012,Debit,Branch,28247.69,Success
TXN001503,2024-12-31,ACC00441,CUST00331,PRD006,Credit,Mobile App,2243.77,Success
TXN001504,2023-05-05,ACC00310,CUST00431,PRD006,Debit,UPI,4644.27,Success
TXN001505,2024-07-26,ACC00977,CUST00140,PRD005,Credit,UPI,600.67,Success
TXN001506,2025-11-20,ACC00393,CUST00285,PRD003,Credit,UPI,240967.57,Success
TXN001507,2025-08-20,ACC00326,CUST00025,PRD011,Debit,Branch,346827.49,Success
TXN001508,2025-12-08,ACC00532,CUST00239,PRD007,Debit,ATM,18478.95,Success
TXN001509,2023-05-11,ACC00748,CUST00247,PRD005,Credit,UPI,7046.19,Success
TXN001510,2025-02-06,ACC00480,CUST00191,PRD004,Debit,Mobile App,6892.71,Success
TXN001511,2025-03-27,ACC00309,CUST00624,PRD014,Credit,POS,22260.12,Success
TXN001512,2024-10-23,ACC00810,CUST00049,PRD011,Credit,UPI,390737.86,Success
TXN001513,2023-10-20,ACC00944,CUST00663,PRD002,Debit,ATM,4344.82,Success
TXN001514,2025-05-03,ACC00690,CUST00474,PRD011,Debit,Mobile App,292981.43,Success
TXN001515,2025-03-09,ACC00572,CUST00644,PRD012,Debit,Mobile App,34259.88,Success
TXN001516,2025-01-20,ACC00443,CUST00797,PRD001,Credit,UPI,13835.12,Failed
TXN001517,2024-08-31,ACC00294,CUST00668,PRD007,Debit,UPI,5346.98,Success
TXN001518,2024-06-29,ACC00109,CUST00707,PRD011,Credit,UPI,268174.31,Success
TXN001519,2025-06-10,ACC00708,CUST00524,PRD002,Debit,Mobile App,8142.47,Success
TXN001520,2025-06-01,ACC00217,CUST00470,PRD009,Debit,Net Banking,174738.58,Success
TXN001521,2025-02-16,ACC00649,CUST00760,PRD014,Credit,UPI,8358.15,Success
TXN001522,2025-09-30,ACC00181,CUST00029,PRD011,Credit,UPI,109813.53,Success
TXN001523,2025-09-27,ACC00018,CUST00487,PRD009,Credit,UPI,380981.69,Success
TXN001524,2023-11-17,ACC00932,CUST00431,PRD011,Credit,Mobile App,353359.25,Success
TXN001525,2025-11-03,ACC00524,CUST00226,PRD009,Debit,Mobile App,367218.78,Success
TXN001526,2025-10-08,ACC00792,CUST00027,PRD013,Debit,Mobile App,2486.38,Success
TXN001527,2025-12-21,ACC00383,CUST00365,PRD016,Debit,UPI,23179.47,Failed
TXN001528,2023-10-20,ACC00077,CUST00474,PRD008,Credit,Mobile App,14479.45,Success
TXN001529,2025-11-20,ACC00165,CUST00229,PRD014,Debit,UPI,15378.85,Success
TXN001530,2025-07-14,ACC00277,CUST00034,PRD003,Debit,Net Banking,476717.06,Success
TXN001531,2025-12-12,ACC00295,CUST00452,PRD011,Debit,UPI,398513.32,Success
TXN001532,2025-04-01,ACC00210,CUST00479,PRD003,Credit,UPI,87901.25,Success
TXN001533,2023-03-29,ACC00179,CUST00017,PRD015,Credit,UPI,16499.35,Success
TXN001534,2025-11-17,ACC00209,CUST00677,PRD011,Credit,UPI,108604.96,Success
TXN001535,2025-11-11,ACC00720,CUST00538,PRD001,Debit,Mobile App,3938.03,Success
TXN001536,2025-12-16,ACC00939,CUST00368,PRD010,Debit,Net Banking,96478.31,Success
TXN001537,2023-09-14,ACC00725,CUST00303,PRD005,Credit,Mobile App,5391.05,Success
TXN001538,2025-03-23,ACC00017,CUST00260,PRD006,Debit,UPI,6144.28,Success
TXN001539,2024-07-22,ACC00973,CUST00125,PRD010,Debit,UPI,468925.95,Success
TXN001540,2025-09-26,ACC00620,CUST00135,PRD001,Credit,UPI,16901.27,Success
TXN001541,2025-08-16,ACC00760,CUST00067,PRD003,Debit,Mobile App,186496.25,Success
TXN001542,2024-07-24,ACC00133,CUST00521,PRD001,Debit,POS,22151.14,Success
TXN001543,2024-11-17,ACC00646,CUST00298,PRD013,Credit,UPI,25322.07,Success
TXN001544,2023-12-13,ACC00861,CUST00669,PRD011,Credit,Mobile App,57089.42,Success
TXN001545,2025-12-21,ACC00845,CUST00349,PRD007,Credit,Mobile App,7618.25,Success
TXN001546,2025-08-30,ACC00888,CUST00592,PRD011,Credit,UPI,92358.83,Success
TXN001547,2025-02-18,ACC00525,CUST00025,PRD013,Credit,Net Banking,13420.47,Success
TXN001548,2025-11-02,ACC00872,CUST00512,PRD012,Debit,UPI,26108.75,Success
TXN001549,2024-05-01,ACC00669,CUST00113,PRD009,Credit,ATM,371681.92,Success
TXN001550,2025-04-02,ACC00670,CUST00758,PRD013,Debit,Mobile App,8463.75,Success
TXN001551,2024-11-15,ACC00989,CUST00019,PRD006,Credit,Mobile App,388.56,Success
TXN001552,2024-12-17,ACC00489,CUST00234,PRD016,Debit,Net Banking,1457.33,Success
TXN001553,2025-08-12,ACC00552,CUST00058,PRD012,Credit,Net Banking,40452.69,Success
TXN001554,2023-09-12,ACC00767,CUST00400,PRD016,Debit,Mobile App,17829.38,Success
TXN001555,2025-12-16,ACC00992,CUST00673,PRD013,Debit,POS,9352.56,Success
TXN001556,2025-05-23,ACC00456,CUST00623,PRD010,Credit,Net Banking,58404.37,Success
TXN001557,2025-03-23,ACC00543,CUST00059,PRD010,Credit,Branch,143761.54,Success
TXN001558,2024-02-21,ACC00938,CUST00448,PRD005,Debit,Mobile App,10928.71,Success
TXN001559,2025-08-30,ACC00138,CUST00786,PRD008,Credit,UPI,11560.24,Success
TXN001560,2023-12-24,ACC00187,CUST00048,PRD002,Credit,Mobile App,10699.99,Success
TXN001561,2025-01-13,ACC00441,CUST00331,PRD015,Debit,Net Banking,6754.16,Success
TXN001562,2025-02-02,ACC00045,CUST00667,PRD009,Credit,Mobile App,162888.01,Success
TXN001563,2025-07-10,ACC00122,CUST00099,PRD004,Credit,UPI,13328.59,Success
TXN001564,2025-04-30,ACC00652,CUST00136,PRD002,Credit,UPI,3238.76,Success
TXN001565,2024-01-18,ACC00978,CUST00172,PRD006,Credit,Mobile App,8700.12,Success
TXN001566,2024-01-14,ACC00225,CUST00708,PRD004,Credit,Mobile App,22599.15,Success
TXN001567,2025-09-12,ACC00802,CUST00023,PRD005,Debit,ATM,1111.96,Success
TXN001568,2024-08-13,ACC00556,CUST00555,PRD010,Credit,UPI,367428.9,Success
TXN001569,2025-02-05,ACC00224,CUST00061,PRD016,Debit,UPI,18162.44,Success
TXN001570,2024-06-14,ACC00836,CUST00598,PRD013,Credit,Mobile App,20336.61,Success
TXN001571,2025-12-14,ACC00806,CUST00687,PRD001,Credit,Net Banking,18592.85,Success
TXN001572,2025-04-22,ACC00849,CUST00444,PRD005,Credit,Branch,19861.76,Failed
TXN001573,2025-02-05,ACC00028,CUST00761,PRD009,Debit,POS,278795.66,Success
TXN001574,2025-04-01,ACC00523,CUST00479,PRD016,Debit,Net Banking,14376.07,Success
TXN001575,2024-04-07,ACC00624,CUST00429,PRD003,Credit,Branch,350654.38,Success
TXN001576,2024-12-19,ACC00232,CUST00076,PRD009,Credit,Mobile App,211361.91,Success
TXN001577,2025-10-08,ACC00696,CUST00382,PRD009,Credit,UPI,119425.44,Success
TXN001578,2025-05-07,ACC00225,CUST00708,PRD006,Debit,Net Banking,11614.79,Success
TXN001579,2025-02-10,ACC00678,CUST00026,PRD015,Debit,Mobile App,5698.14,Success
TXN001580,2025-12-29,ACC00859,CUST00391,PRD001,Debit,UPI,18231.28,Success
TXN001581,2025-12-01,ACC00020,CUST00458,PRD013,Debit,Mobile App,29963.92,Success
TXN001582,2025-04-02,ACC00068,CUST00367,PRD005,Debit,Mobile App,8639.47,Success
TXN001583,2025-10-03,ACC00439,CUST00097,PRD005,Credit,ATM,21373.46,Success
TXN001584,2024-07-20,ACC00041,CUST00714,PRD015,Credit,Mobile App,9812.53,Success
TXN001585,2025-10-05,ACC00531,CUST00164,PRD005,Credit,Net Banking,2057.35,Success
TXN001586,2024-11-08,ACC00054,CUST00407,PRD014,Credit,POS,37526.54,Success
TXN001587,2023-12-13,ACC00397,CUST00775,PRD010,Debit,UPI,236719.61,Success
TXN001588,2023-12-18,ACC00113,CUST00602,PRD006,Debit,UPI,15644.2,Success
TXN001589,2025-04-11,ACC00549,CUST00778,PRD012,Debit,Mobile App,37693.73,Success
TXN001590,2025-05-19,ACC00375,CUST00068,PRD007,Credit,Net Banking,9444.58,Failed
TXN001591,2024-06-14,ACC00066,CUST00211,PRD007,Debit,UPI,3175.0,Failed
TXN001592,2023-02-07,ACC00187,CUST00048,PRD004,Credit,UPI,7304.79,Success
TXN001593,2023-12-14,ACC00360,CUST00296,PRD007,Debit,Net Banking,24474.52,Failed
TXN001594,2024-06-08,ACC00537,CUST00096,PRD015,Debit,UPI,22521.43,Success
TXN001595,2025-05-06,ACC00631,CUST00008,PRD015,Credit,Net Banking,16639.44,Success
TXN001596,2025-04-14,ACC00419,CUST00357,PRD012,Debit,Mobile App,25364.08,Success
TXN001597,2024-10-22,ACC00609,CUST00305,PRD003,Debit,UPI,383277.53,Success
TXN001598,2025-03-15,ACC00792,CUST00027,PRD003,Credit,Branch,439204.11,Success
TXN001599,2025-12-10,ACC00457,CUST00530,PRD001,Credit,UPI,19097.08,Success
TXN001600,2024-03-18,ACC00798,CUST00576,PRD003,Debit,Net Banking,298475.76,Success
TXN001601,2025-05-22,ACC00224,CUST00061,PRD005,Credit,Mobile App,823.12,Success
TXN001602,2023-12-27,ACC00885,CUST00282,PRD011,Credit,Mobile App,58642.79,Success
TXN001603,2024-05-16,ACC00863,CUST00298,PRD011,Debit,Mobile App,312710.0,Success
TXN001604,2024-05-07,ACC00068,CUST00367,PRD004,Credit,Mobile App,23800.97,Success
TXN001605,2023-05-21,ACC00797,CUST00237,PRD011,Credit,Mobile App,206882.9,Success
TXN001606,2025-03-19,ACC00253,CUST00408,PRD013,Debit,UPI,23159.56,Success
TXN001607,2024-09-10,ACC00808,CUST00186,PRD006,Debit,UPI,17848.53,Success
TXN001608,2025-08-17,ACC00654,CUST00233,PRD014,Credit,UPI,2029.04,Success
TXN001609,2025-02-11,ACC00613,CUST00646,PRD011,Debit,Mobile App,232953.53,Success
TXN001610,2025-07-19,ACC00904,CUST00614,PRD008,Credit,UPI,16070.34,Success
TXN001611,2025-07-07,ACC00716,CUST00191,PRD004,Debit,ATM,22731.08,Success
TXN001612,2025-12-17,ACC00212,CUST00151,PRD006,Credit,Net Banking,18740.35,Success
TXN001613,2025-12-28,ACC00188,CUST00772,PRD006,Debit,Mobile App,11808.21,Success
TXN001614,2025-02-03,ACC00377,CUST00069,PRD006,Credit,Net Banking,22095.59,Failed
TXN001615,2025-11-03,ACC00526,CUST00704,PRD009,Debit,Net Banking,494820.23,Success
TXN001616,2024-09-10,ACC00251,CUST00304,PRD003,Debit,Mobile App,48697.41,Success
TXN001617,2025-11-13,ACC00683,CUST00669,PRD005,Debit,ATM,1093.67,Success
TXN001618,2025-05-17,ACC00686,CUST00596,PRD015,Credit,Branch,11057.14,Success
TXN001619,2025-01-24,ACC00836,CUST00598,PRD014,Debit,UPI,38018.05,Success
TXN001620,2025-04-22,ACC00619,CUST00417,PRD015,Debit,Net Banking,9224.97,Success
TXN001621,2025-11-28,ACC00551,CUST00114,PRD004,Debit,UPI,12116.52,Success
TXN001622,2025-08-02,ACC00426,CUST00538,PRD012,Credit,UPI,23182.98,Success
TXN001623,2025-07-17,ACC00655,CUST00456,PRD013,Debit,Net Banking,17450.92,Success
TXN001624,2025-02-12,ACC00353,CUST00587,PRD001,Debit,UPI,6522.25,Success
TXN001625,2025-04-18,ACC00265,CUST00292,PRD010,Credit,UPI,270454.06,Success
TXN001626,2025-03-30,ACC00970,CUST00145,PRD008,Credit,ATM,17873.7,Success
TXN001627,2025-02-25,ACC00823,CUST00300,PRD015,Credit,Net Banking,7688.06,Success
TXN001628,2024-05-21,ACC00991,CUST00678,PRD007,Debit,Net Banking,20149.45,Success
TXN001629,2023-03-02,ACC00278,CUST00675,PRD014,Credit,Mobile App,13236.64,Success
TXN001630,2024-12-28,ACC00493,CUST00764,PRD008,Credit,ATM,3794.25,Success
TXN001631,2025-10-06,ACC00923,CUST00508,PRD007,Credit,UPI,21768.79,Success
TXN001632,2025-08-09,ACC00244,CUST00020,PRD003,Debit,Mobile App,486753.59,Success
TXN001633,2025-12-18,ACC00458,CUST00658,PRD014,Debit,Mobile App,26405.2,Success
TXN001634,2024-01-04,ACC00245,CUST00594,PRD007,Credit,Branch,21782.48,Success
TXN001635,2024-11-10,ACC00979,CUST00375,PRD010,Credit,Mobile App,340997.51,Success
TXN001636,2024-08-31,ACC00389,CUST00542,PRD003,Credit,UPI,92042.49,Success
TXN001637,2024-08-26,ACC00472,CUST00749,PRD008,Debit,Net Banking,5003.86,Success
TXN001638,2025-01-05,ACC00672,CUST00237,PRD003,Credit,Mobile App,25856.38,Success
TXN001639,2025-10-12,ACC00424,CUST00440,PRD003,Debit,ATM,451104.64,Success
TXN001640,2024-07-14,ACC00800,CUST00040,PRD002,Debit,UPI,15697.41,Success
TXN001641,2025-01-25,ACC00025,CUST00221,PRD013,Debit,Mobile App,48101.98,Success
TXN001642,2025-05-29,ACC00388,CUST00463,PRD002,Debit,Mobile App,19968.15,Success
TXN001643,2025-08-30,ACC00920,CUST00556,PRD013,Credit,Mobile App,39964.86,Success
TXN001644,2025-12-25,ACC00318,CUST00349,PRD004,Credit,Branch,5785.66,Success
TXN001645,2025-11-30,ACC00152,CUST00740,PRD008,Debit,UPI,6717.51,Failed
TXN001646,2024-03-18,ACC00681,CUST00205,PRD011,Credit,Net Banking,460384.08,Success
TXN001647,2025-05-31,ACC00913,CUST00503,PRD015,Debit,UPI,5272.53,Success
TXN001648,2025-10-11,ACC00741,CUST00249,PRD016,Credit,Net Banking,2546.93,Success
TXN001649,2024-03-17,ACC00930,CUST00405,PRD003,Debit,UPI,55066.18,Success
TXN001650,2025-02-01,ACC00088,CUST00236,PRD006,Debit,Mobile App,2586.91,Success
TXN001651,2024-04-23,ACC00136,CUST00093,PRD008,Debit,Mobile App,339.1,Success
TXN001652,2024-01-20,ACC00836,CUST00598,PRD008,Credit,Branch,11121.78,Success
TXN001653,2025-04-06,ACC00633,CUST00671,PRD008,Debit,Mobile App,18913.02,Success
TXN001654,2025-12-21,ACC00853,CUST00693,PRD010,Debit,UPI,149956.74,Success
TXN001655,2025-03-29,ACC00079,CUST00380,PRD005,Debit,UPI,7165.52,Success
TXN001656,2025-11-17,ACC00465,CUST00638,PRD016,Debit,UPI,8594.44,Success
TXN001657,2024-05-01,ACC00625,CUST00235,PRD001,Debit,Mobile App,2875.6,Success
TXN001658,2025-12-29,ACC00754,CUST00438,PRD013,Debit,UPI,44721.68,Success
TXN001659,2025-08-18,ACC00175,CUST00744,PRD010,Credit,Mobile App,385010.15,Success
TXN001660,2025-08-14,ACC00816,CUST00760,PRD004,Debit,UPI,8626.55,Success
TXN001661,2025-07-23,ACC00341,CUST00315,PRD016,Debit,ATM,2806.92,Success
TXN001662,2025-12-07,ACC00881,CUST00003,PRD008,Credit,UPI,19183.87,Success
TXN001663,2024-04-09,ACC00192,CUST00660,PRD011,Credit,Net Banking,120940.12,Success
TXN001664,2025-09-08,ACC00779,CUST00628,PRD015,Debit,UPI,9966.38,Success
TXN001665,2025-10-22,ACC00558,CUST00278,PRD006,Credit,UPI,8209.46,Success
TXN001666,2024-07-20,ACC00482,CUST00692,PRD009,Debit,Mobile App,220116.4,Success
TXN001667,2024-06-27,ACC00462,CUST00699,PRD010,Debit,UPI,468478.39,Success
TXN001668,2023-08-16,ACC00840,CUST00017,PRD013,Debit,UPI,36472.13,Success
TXN001669,2025-10-01,ACC00295,CUST00452,PRD015,Debit,UPI,14125.83,Success
TXN001670,2025-08-19,ACC00546,CUST00360,PRD006,Debit,UPI,1477.15,Failed
TXN001671,2025-12-16,ACC00346,CUST00678,PRD016,Credit,Mobile App,11476.55,Success
TXN001672,2023-03-14,ACC00887,CUST00420,PRD001,Credit,ATM,16585.16,Success
TXN001673,2025-12-02,ACC00170,CUST00799,PRD009,Credit,ATM,225199.21,Success
TXN001674,2025-08-27,ACC00683,CUST00669,PRD003,Credit,Mobile App,402787.82,Success
TXN001675,2023-05-30,ACC00930,CUST00405,PRD013,Debit,Mobile App,4184.13,Success
TXN001676,2024-03-24,ACC00496,CUST00283,PRD013,Credit,Net Banking,29850.54,Failed
TXN001677,2025-09-28,ACC00625,CUST00235,PRD014,Debit,Branch,19808.12,Success
TXN001678,2025-08-19,ACC00723,CUST00339,PRD001,Debit,Net Banking,24674.54,Success
TXN001679,2024-08-31,ACC00709,CUST00462,PRD016,Debit,UPI,8633.03,Success
TXN001680,2025-09-25,ACC00928,CUST00319,PRD006,Debit,Mobile App,11848.84,Success
TXN001681,2025-07-20,ACC00829,CUST00408,PRD009,Debit,UPI,371575.53,Failed
TXN001682,2024-01-22,ACC00958,CUST00590,PRD007,Debit,ATM,14394.79,Success
TXN001683,2025-11-13,ACC00344,CUST00234,PRD015,Debit,Mobile App,13709.97,Success
TXN001684,2025-10-22,ACC00531,CUST00164,PRD001,Debit,Mobile App,17270.3,Success
TXN001685,2025-06-29,ACC00815,CUST00151,PRD013,Credit,Net Banking,35112.94,Success
TXN001686,2023-01-31,ACC00174,CUST00141,PRD013,Debit,POS,38748.8,Success
TXN001687,2025-09-08,ACC00548,CUST00073,PRD012,Debit,UPI,11770.27,Success
TXN001688,2025-02-23,ACC00043,CUST00457,PRD007,Credit,UPI,6549.74,Failed
TXN001689,2023-01-07,ACC00498,CUST00779,PRD002,Debit,Branch,16091.78,Success
TXN001690,2023-11-24,ACC00453,CUST00736,PRD011,Credit,ATM,419203.73,Success
TXN001691,2025-09-13,ACC00654,CUST00233,PRD001,Credit,POS,14186.29,Success
TXN001692,2025-09-06,ACC00980,CUST00595,PRD016,Debit,POS,8244.04,Success
TXN001693,2023-01-03,ACC00783,CUST00422,PRD001,Debit,UPI,1771.03,Success
TXN001694,2024-03-14,ACC00312,CUST00218,PRD003,Credit,UPI,73920.76,Success
TXN001695,2025-11-12,ACC00621,CUST00510,PRD007,Credit,Mobile App,14390.74,Success
TXN001696,2025-07-16,ACC00546,CUST00360,PRD016,Credit,Net Banking,1919.78,Success
TXN001697,2024-06-01,ACC00249,CUST00724,PRD005,Debit,ATM,22244.96,Success
TXN001698,2025-12-19,ACC00882,CUST00138,PRD016,Debit,UPI,4623.68,Success
TXN001699,2025-10-21,ACC00548,CUST00073,PRD013,Debit,Mobile App,37103.2,Success
TXN001700,2025-02-14,ACC00757,CUST00344,PRD016,Debit,ATM,7415.96,Success
TXN001701,2024-04-14,ACC00092,CUST00137,PRD008,Debit,UPI,8127.37,Success
TXN001702,2025-03-30,ACC00902,CUST00483,PRD005,Credit,ATM,19217.69,Success
TXN001703,2025-04-12,ACC00629,CUST00044,PRD005,Debit,Net Banking,20555.97,Success
TXN001704,2023-05-11,ACC00758,CUST00652,PRD009,Debit,ATM,296890.92,Success
TXN001705,2025-07-01,ACC00291,CUST00146,PRD016,Credit,UPI,2612.32,Success
TXN001706,2025-12-24,ACC00325,CUST00190,PRD012,Debit,Branch,6802.52,Success
TXN001707,2024-04-04,ACC00117,CUST00196,PRD010,Credit,UPI,465663.44,Success
TXN001708,2025-07-10,ACC00117,CUST00196,PRD001,Debit,UPI,24775.99,Success
TXN001709,2024-09-28,ACC00368,CUST00416,PRD004,Credit,Branch,779.68,Success
TXN001710,2025-06-16,ACC00873,CUST00276,PRD009,Debit,Branch,475046.57,Success
TXN001711,2025-08-08,ACC00598,CUST00184,PRD006,Credit,ATM,5293.75,Success
TXN001712,2025-12-15,ACC00594,CUST00128,PRD012,Credit,Mobile App,38663.69,Success
TXN001713,2025-11-03,ACC00023,CUST00746,PRD004,Debit,UPI,12716.91,Failed
TXN001714,2025-02-14,ACC00475,CUST00066,PRD012,Debit,Mobile App,10877.08,Success
TXN001715,2025-08-22,ACC00281,CUST00004,PRD014,Debit,Net Banking,49770.2,Success
TXN001716,2025-03-22,ACC00664,CUST00098,PRD008,Credit,UPI,12722.06,Success
TXN001717,2025-12-16,ACC00207,CUST00554,PRD007,Debit,Mobile App,502.02,Failed
TXN001718,2025-12-07,ACC00593,CUST00602,PRD005,Credit,Mobile App,2591.64,Failed
TXN001719,2024-07-23,ACC00841,CUST00075,PRD001,Credit,UPI,23653.92,Success
TXN001720,2025-08-20,ACC00188,CUST00772,PRD002,Debit,UPI,16295.77,Success
TXN001721,2023-09-28,ACC00588,CUST00298,PRD005,Debit,ATM,24109.44,Success
TXN001722,2025-09-28,ACC00688,CUST00113,PRD003,Debit,ATM,426759.11,Success
TXN001723,2023-05-29,ACC00504,CUST00432,PRD006,Credit,UPI,3591.49,Success
TXN001724,2025-07-20,ACC00816,CUST00760,PRD007,Debit,UPI,5324.66,Success
TXN001725,2025-03-28,ACC00015,CUST00536,PRD006,Debit,UPI,20598.94,Success
TXN001726,2024-04-04,ACC00034,CUST00393,PRD010,Credit,UPI,92662.64,Success
TXN001727,2025-12-14,ACC00244,CUST00020,PRD014,Debit,Net Banking,46285.25,Success
TXN001728,2025-09-12,ACC00813,CUST00262,PRD009,Debit,UPI,213754.06,Success
TXN001729,2025-03-14,ACC00232,CUST00076,PRD002,Credit,ATM,809.11,Success
TXN001730,2023-11-14,ACC00429,CUST00777,PRD009,Credit,UPI,372776.4,Success
TXN001731,2024-07-12,ACC00627,CUST00765,PRD006,Credit,Mobile App,19086.31,Success
TXN001732,2025-11-18,ACC00953,CUST00611,PRD005,Debit,UPI,8781.79,Success
TXN001733,2025-03-04,ACC00697,CUST00146,PRD016,Credit,Mobile App,24221.39,Success
TXN001734,2025-11-16,ACC00926,CUST00322,PRD010,Credit,Mobile App,231399.6,Success
TXN001735,2025-07-05,ACC00610,CUST00349,PRD007,Debit,ATM,11958.46,Success
TXN001736,2023-09-07,ACC00607,CUST00079,PRD012,Debit,UPI,27229.31,Success
TXN001737,2025-09-12,ACC00224,CUST00061,PRD011,Debit,Net Banking,256544.82,Success
TXN001738,2025-03-10,ACC00576,CUST00324,PRD011,Debit,Mobile App,267072.33,Success
TXN001739,2025-08-13,ACC00698,CUST00748,PRD009,Debit,UPI,376728.91,Success
TXN001740,2025-09-13,ACC00841,CUST00075,PRD009,Debit,UPI,139893.82,Success
TXN001741,2025-05-23,ACC00786,CUST00695,PRD002,Credit,Net Banking,17790.47,Success
TXN001742,2025-07-31,ACC00006,CUST00034,PRD007,Debit,Mobile App,24692.31,Success
TXN001743,2025-06-28,ACC00899,CUST00456,PRD015,Credit,ATM,9431.79,Success
TXN001744,2025-08-21,ACC00878,CUST00191,PRD014,Credit,Net Banking,37522.83,Success
TXN001745,2025-06-07,ACC00723,CUST00339,PRD002,Debit,Mobile App,24490.31,Success
TXN001746,2024-07-31,ACC00648,CUST00760,PRD015,Credit,Mobile App,6021.95,Success
TXN001747,2025-11-03,ACC00442,CUST00162,PRD014,Credit,UPI,42955.18,Success
TXN001748,2023-01-15,ACC00467,CUST00169,PRD010,Credit,ATM,214715.29,Failed
TXN001749,2025-04-12,ACC00532,CUST00239,PRD006,Debit,Mobile App,11052.59,Success
TXN001750,2024-02-13,ACC00589,CUST00270,PRD008,Debit,Net Banking,8500.02,Success
TXN001751,2024-10-17,ACC00894,CUST00027,PRD003,Debit,UPI,438546.13,Success
TXN001752,2024-05-07,ACC00695,CUST00403,PRD003,Debit,Mobile App,430982.9,Success
TXN001753,2025-11-15,ACC00965,CUST00720,PRD002,Debit,UPI,10720.21,Success
TXN001754,2023-04-23,ACC00298,CUST00626,PRD009,Credit,Mobile App,488042.18,Success
TXN001755,2023-04-07,ACC00748,CUST00247,PRD004,Debit,UPI,3244.85,Success
TXN001756,2025-06-09,ACC00740,CUST00160,PRD016,Credit,Mobile App,23494.76,Success
TXN001757,2025-01-30,ACC00402,CUST00574,PRD004,Debit,POS,20518.66,Success
TXN001758,2025-12-25,ACC00898,CUST00166,PRD006,Debit,Mobile App,17046.3,Success
TXN001759,2025-04-01,ACC00746,CUST00398,PRD009,Debit,UPI,272275.85,Success
TXN001760,2025-11-10,ACC00889,CUST00209,PRD013,Debit,Mobile App,2826.26,Success
TXN001761,2024-09-09,ACC00245,CUST00594,PRD006,Debit,Mobile App,24929.65,Success
TXN001762,2024-08-05,ACC00471,CUST00613,PRD003,Credit,UPI,324755.52,Success
TXN001763,2025-06-21,ACC00708,CUST00524,PRD003,Debit,UPI,363721.26,Failed
TXN001764,2025-08-05,ACC00736,CUST00370,PRD011,Debit,POS,117054.14,Success
TXN001765,2025-11-01,ACC00859,CUST00391,PRD013,Credit,POS,19793.73,Success
TXN001766,2024-05-19,ACC00944,CUST00663,PRD016,Debit,Mobile App,8115.84,Success
TXN001767,2024-07-12,ACC00664,CUST00098,PRD013,Debit,UPI,35562.88,Success
TXN001768,2025-11-22,ACC00788,CUST00557,PRD008,Debit,UPI,14890.22,Success
TXN001769,2025-11-14,ACC00561,CUST00627,PRD008,Credit,Net Banking,12075.21,Success
TXN001770,2025-05-30,ACC00402,CUST00574,PRD011,Credit,POS,489606.39,Failed
TXN001771,2023-12-08,ACC00409,CUST00610,PRD013,Credit,UPI,29775.11,Success
TXN001772,2025-11-04,ACC00662,CUST00491,PRD007,Credit,UPI,23731.35,Success
TXN001773,2025-06-13,ACC00126,CUST00180,PRD006,Credit,Mobile App,14689.65,Success
TXN001774,2025-12-11,ACC00277,CUST00034,PRD012,Debit,UPI,14135.78,Success
TXN001775,2025-06-07,ACC00987,CUST00749,PRD016,Credit,Mobile App,13153.6,Success
TXN001776,2025-10-23,ACC00963,CUST00771,PRD008,Debit,Mobile App,11012.97,Success
TXN001777,2025-09-25,ACC00522,CUST00408,PRD008,Debit,Mobile App,3926.55,Success
TXN001778,2025-09-11,ACC00573,CUST00220,PRD007,Debit,Net Banking,21893.36,Success
TXN001779,2025-10-18,ACC00503,CUST00080,PRD010,Debit,UPI,142617.14,Success
TXN001780,2025-10-28,ACC00138,CUST00786,PRD008,Debit,Mobile App,17773.04,Success
TXN001781,2025-09-04,ACC00065,CUST00054,PRD009,Debit,Mobile App,270962.87,Success
TXN001782,2025-10-18,ACC00683,CUST00669,PRD011,Credit,Net Banking,435240.83,Failed
TXN001783,2025-07-17,ACC00444,CUST00677,PRD006,Credit,ATM,17569.82,Success
TXN001784,2023-06-02,ACC00229,CUST00333,PRD004,Credit,UPI,19271.65,Success
TXN001785,2024-08-02,ACC00468,CUST00284,PRD003,Debit,Net Banking,327327.4,Success
TXN001786,2025-07-03,ACC00611,CUST00427,PRD009,Credit,Net Banking,191197.42,Success
TXN001787,2025-02-20,ACC00967,CUST00732,PRD013,Credit,Net Banking,29496.31,Success
TXN001788,2025-09-04,ACC00162,CUST00788,PRD002,Credit,Mobile App,24932.83,Success
TXN001789,2025-09-21,ACC00391,CUST00594,PRD016,Debit,Mobile App,14183.94,Success
TXN001790,2024-05-02,ACC00169,CUST00548,PRD011,Debit,ATM,40208.59,Success
TXN001791,2025-04-28,ACC00269,CUST00367,PRD013,Credit,ATM,5379.55,Success
TXN001792,2025-12-23,ACC00642,CUST00740,PRD004,Credit,POS,14545.04,Success
TXN001793,2024-11-04,ACC00652,CUST00136,PRD001,Debit,Mobile App,17985.4,Success
TXN001794,2023-03-25,ACC00749,CUST00549,PRD015,Credit,Mobile App,11572.5,Success
TXN001795,2025-05-18,ACC00942,CUST00379,PRD008,Debit,UPI,20149.99,Success
TXN001796,2024-11-03,ACC00537,CUST00096,PRD001,Debit,Mobile App,5479.38,Success
TXN001797,2025-04-27,ACC00337,CUST00391,PRD014,Credit,Mobile App,14967.7,Success
TXN001798,2024-09-02,ACC00554,CUST00128,PRD011,Credit,UPI,447653.43,Success
TXN001799,2023-10-05,ACC00780,CUST00001,PRD005,Credit,Net Banking,24143.16,Success
TXN001800,2023-12-26,ACC00566,CUST00520,PRD014,Credit,Net Banking,35105.67,Success
TXN001801,2025-01-01,ACC00602,CUST00012,PRD006,Debit,Net Banking,14006.1,Success
TXN001802,2025-12-02,ACC00984,CUST00723,PRD012,Debit,Mobile App,37789.3,Success
TXN001803,2025-12-08,ACC00900,CUST00714,PRD015,Debit,UPI,2312.85,Success
TXN001804,2025-10-04,ACC00330,CUST00791,PRD013,Credit,Mobile App,48312.23,Success
TXN001805,2023-05-27,ACC00174,CUST00141,PRD012,Credit,UPI,4976.41,Success
TXN001806,2025-09-13,ACC00409,CUST00610,PRD007,Credit,Mobile App,18938.46,Success
TXN001807,2025-09-09,ACC00592,CUST00778,PRD012,Credit,ATM,17181.56,Success
TXN001808,2024-07-02,ACC00851,CUST00408,PRD015,Credit,UPI,4296.73,Success
TXN001809,2024-08-05,ACC00166,CUST00152,PRD010,Credit,UPI,262937.25,Success
TXN001810,2025-08-01,ACC00996,CUST00670,PRD010,Debit,UPI,105395.89,Success
TXN001811,2025-04-22,ACC00015,CUST00536,PRD010,Debit,UPI,361599.47,Success
TXN001812,2025-12-17,ACC00626,CUST00236,PRD005,Debit,Net Banking,3729.56,Success
TXN001813,2024-09-29,ACC00553,CUST00631,PRD002,Credit,UPI,9692.48,Success
TXN001814,2024-01-17,ACC00960,CUST00233,PRD010,Debit,Net Banking,403273.87,Success
TXN001815,2025-07-30,ACC00260,CUST00057,PRD005,Debit,POS,5698.14,Success
TXN001816,2025-06-21,ACC00456,CUST00623,PRD004,Debit,UPI,24817.66,Success
TXN001817,2024-11-05,ACC00333,CUST00100,PRD009,Credit,UPI,125108.08,Success
TXN001818,2025-08-17,ACC00388,CUST00463,PRD005,Debit,Mobile App,3719.88,Success
TXN001819,2024-11-24,ACC00874,CUST00686,PRD010,Credit,POS,251971.18,Success
TXN001820,2025-06-26,ACC00224,CUST00061,PRD011,Credit,Mobile App,112274.77,Failed
TXN001821,2023-01-16,ACC00739,CUST00685,PRD003,Credit,Mobile App,296219.29,Success
TXN001822,2025-06-14,ACC00301,CUST00260,PRD012,Debit,UPI,39941.47,Success
TXN001823,2025-08-09,ACC00331,CUST00176,PRD012,Credit,ATM,18543.47,Success
TXN001824,2024-06-26,ACC00542,CUST00274,PRD003,Debit,UPI,56979.42,Success
TXN001825,2025-12-01,ACC00835,CUST00225,PRD002,Debit,UPI,17590.63,Success
TXN001826,2025-12-11,ACC00189,CUST00080,PRD015,Debit,Mobile App,22945.24,Success
TXN001827,2025-12-02,ACC00122,CUST00099,PRD009,Debit,Net Banking,70307.66,Success
TXN001828,2025-07-14,ACC00405,CUST00233,PRD001,Debit,UPI,17583.4,Success
TXN001829,2024-01-12,ACC00809,CUST00356,PRD007,Debit,ATM,6801.42,Success
TXN001830,2024-12-31,ACC00365,CUST00179,PRD006,Debit,Mobile App,14817.47,Success
TXN001831,2025-11-18,ACC00575,CUST00716,PRD015,Credit,POS,11266.86,Success
TXN001832,2025-02-09,ACC00987,CUST00749,PRD011,Debit,ATM,359028.33,Success
TXN001833,2025-07-25,ACC00074,CUST00135,PRD014,Credit,UPI,14166.47,Failed
TXN001834,2025-09-04,ACC00788,CUST00557,PRD004,Credit,ATM,14983.69,Success
TXN001835,2025-12-19,ACC00626,CUST00236,PRD013,Credit,Net Banking,20114.18,Success
TXN001836,2025-05-19,ACC00119,CUST00780,PRD009,Debit,UPI,166237.31,Success
TXN001837,2024-12-12,ACC00005,CUST00442,PRD003,Credit,Net Banking,215428.16,Success
TXN001838,2025-03-30,ACC00224,CUST00061,PRD004,Debit,POS,21582.08,Success
TXN001839,2023-01-17,ACC00700,CUST00783,PRD010,Debit,UPI,301974.88,Success
TXN001840,2025-01-27,ACC00243,CUST00661,PRD009,Debit,UPI,218581.49,Success
TXN001841,2025-11-28,ACC00728,CUST00584,PRD002,Credit,UPI,19365.98,Failed
TXN001842,2025-12-29,ACC00510,CUST00077,PRD013,Debit,ATM,46476.9,Success
TXN001843,2024-07-10,ACC00553,CUST00631,PRD005,Debit,UPI,10148.53,Success
TXN001844,2023-05-01,ACC00434,CUST00716,PRD003,Debit,Net Banking,203019.54,Success
TXN001845,2024-06-06,ACC00953,CUST00611,PRD002,Credit,ATM,7848.77,Success
TXN001846,2025-09-20,ACC00948,CUST00398,PRD014,Credit,Mobile App,4991.36,Success
TXN001847,2025-08-11,ACC00572,CUST00644,PRD012,Credit,UPI,32537.65,Success
TXN001848,2025-04-29,ACC00856,CUST00401,PRD004,Credit,Mobile App,6518.42,Success
TXN001849,2025-06-06,ACC00727,CUST00228,PRD013,Debit,UPI,34294.15,Success
TXN001850,2023-12-26,ACC00779,CUST00628,PRD006,Credit,UPI,413.2,Failed
TXN001851,2023-05-07,ACC00767,CUST00400,PRD013,Credit,UPI,28619.89,Success
TXN001852,2023-11-07,ACC00552,CUST00058,PRD010,Credit,UPI,325511.24,Success
TXN001853,2025-08-01,ACC00162,CUST00788,PRD003,Credit,Mobile App,66543.58,Failed
TXN001854,2025-09-20,ACC00281,CUST00004,PRD003,Debit,UPI,104925.58,Success
TXN001855,2025-12-22,ACC00967,CUST00732,PRD006,Credit,ATM,12732.49,Success
TXN001856,2024-10-18,ACC00505,CUST00462,PRD004,Debit,Mobile App,23388.8,Success
TXN001857,2025-08-04,ACC00476,CUST00142,PRD016,Debit,Net Banking,23362.77,Success
TXN001858,2024-07-11,ACC00221,CUST00737,PRD008,Debit,UPI,14793.65,Success
TXN001859,2025-12-16,ACC00507,CUST00008,PRD001,Credit,UPI,3965.79,Success
TXN001860,2023-07-26,ACC00615,CUST00716,PRD010,Debit,UPI,336074.24,Success
TXN001861,2023-12-21,ACC00884,CUST00135,PRD008,Debit,Net Banking,16750.76,Failed
TXN001862,2025-07-09,ACC00120,CUST00124,PRD014,Credit,UPI,48039.16,Success
TXN001863,2024-06-04,ACC00269,CUST00367,PRD009,Credit,Net Banking,48139.61,Success
TXN001864,2025-10-08,ACC00952,CUST00093,PRD002,Debit,Mobile App,16525.53,Success
TXN001865,2025-08-07,ACC00331,CUST00176,PRD006,Debit,Mobile App,2364.74,Success
TXN001866,2025-12-29,ACC00262,CUST00712,PRD003,Debit,Branch,357058.84,Success
TXN001867,2025-10-04,ACC00295,CUST00452,PRD013,Debit,Net Banking,14486.8,Success
TXN001868,2025-11-27,ACC00728,CUST00584,PRD008,Credit,Net Banking,15695.85,Success
TXN001869,2025-11-10,ACC00662,CUST00491,PRD001,Credit,UPI,12331.86,Success
TXN001870,2025-04-03,ACC00884,CUST00135,PRD008,Credit,Mobile App,12490.6,Success
TXN001871,2024-02-21,ACC00127,CUST00575,PRD002,Debit,UPI,1472.38,Success
TXN001872,2025-08-27,ACC00024,CUST00580,PRD014,Debit,UPI,44658.58,Success
TXN001873,2024-07-05,ACC00545,CUST00067,PRD016,Debit,Mobile App,7909.98,Success
TXN001874,2025-09-13,ACC00848,CUST00299,PRD016,Credit,UPI,9684.04,Failed
TXN001875,2025-02-24,ACC00138,CUST00786,PRD006,Credit,Mobile App,17135.72,Success
TXN001876,2025-10-16,ACC00546,CUST00360,PRD005,Credit,Mobile App,12767.77,Success
TXN001877,2025-12-25,ACC00869,CUST00063,PRD015,Debit,UPI,11485.12,Success
TXN001878,2025-01-30,ACC00448,CUST00212,PRD007,Credit,UPI,17879.46,Success
TXN001879,2025-12-03,ACC00632,CUST00507,PRD016,Credit,Mobile App,1226.32,Success
TXN001880,2024-01-06,ACC00506,CUST00555,PRD005,Credit,Branch,7332.0,Success
TXN001881,2025-08-12,ACC00629,CUST00044,PRD010,Debit,Net Banking,178760.33,Success
TXN001882,2025-12-20,ACC00467,CUST00169,PRD002,Credit,UPI,22947.83,Success
TXN001883,2023-05-15,ACC00780,CUST00001,PRD014,Credit,UPI,31277.31,Success
TXN001884,2025-08-29,ACC00946,CUST00573,PRD014,Credit,Branch,35653.54,Success
TXN001885,2025-11-12,ACC00234,CUST00576,PRD016,Debit,UPI,16368.08,Failed
TXN001886,2025-04-21,ACC00580,CUST00719,PRD001,Debit,Mobile App,20606.52,Success
TXN001887,2025-02-20,ACC00429,CUST00777,PRD002,Credit,ATM,19502.71,Success
TXN001888,2025-11-27,ACC00558,CUST00278,PRD010,Credit,UPI,40063.69,Success
TXN001889,2024-03-29,ACC00345,CUST00747,PRD004,Debit,UPI,1856.06,Success
TXN001890,2025-10-02,ACC00445,CUST00375,PRD005,Credit,UPI,1755.86,Success
TXN001891,2025-03-02,ACC00113,CUST00602,PRD002,Debit,UPI,23887.4,Success
TXN001892,2024-10-07,ACC00416,CUST00222,PRD004,Debit,Net Banking,7232.33,Success
TXN001893,2024-06-05,ACC00094,CUST00370,PRD013,Debit,UPI,20047.86,Success
TXN001894,2025-04-16,ACC00969,CUST00575,PRD009,Debit,UPI,426298.06,Success
TXN001895,2024-03-18,ACC00259,CUST00561,PRD006,Credit,Mobile App,12022.61,Success
TXN001896,2025-11-19,ACC00961,CUST00745,PRD016,Credit,UPI,2181.84,Success
TXN001897,2023-02-22,ACC00585,CUST00211,PRD016,Debit,UPI,9335.46,Success
TXN001898,2025-10-29,ACC00515,CUST00519,PRD001,Debit,Mobile App,16605.63,Success
TXN001899,2024-12-31,ACC00083,CUST00091,PRD016,Credit,POS,18150.26,Success
TXN001900,2023-10-02,ACC00296,CUST00180,PRD003,Credit,UPI,432554.03,Success
TXN001901,2025-10-05,ACC00295,CUST00452,PRD016,Credit,UPI,22548.91,Success
TXN001902,2025-11-06,ACC00522,CUST00408,PRD003,Credit,UPI,262685.41,Failed
TXN001903,2023-05-28,ACC00298,CUST00626,PRD005,Credit,Mobile App,18057.41,Success
TXN001904,2023-06-23,ACC00860,CUST00570,PRD014,Credit,Mobile App,30282.17,Success
TXN001905,2023-02-27,ACC00646,CUST00298,PRD015,Credit,UPI,8007.08,Success
TXN001906,2024-10-26,ACC00658,CUST00588,PRD011,Credit,UPI,28381.67,Success
TXN001907,2025-03-10,ACC00317,CUST00495,PRD002,Debit,Net Banking,1056.91,Success
TXN001908,2025-12-18,ACC00804,CUST00731,PRD015,Debit,Net Banking,185.18,Success
TXN001909,2024-08-12,ACC00144,CUST00346,PRD009,Credit,UPI,431361.45,Success
TXN001910,2025-01-13,ACC00087,CUST00517,PRD007,Debit,UPI,592.85,Success
TXN001911,2025-08-22,ACC00407,CUST00130,PRD008,Debit,Mobile App,9712.76,Success
TXN001912,2025-03-15,ACC00688,CUST00113,PRD012,Debit,UPI,12264.62,Success
TXN001913,2025-05-05,ACC00439,CUST00097,PRD003,Credit,UPI,325614.83,Failed
TXN001914,2023-03-25,ACC00201,CUST00521,PRD015,Credit,ATM,21998.16,Success
TXN001915,2025-06-11,ACC00280,CUST00202,PRD015,Credit,UPI,24079.69,Success
TXN001916,2025-08-09,ACC00154,CUST00315,PRD008,Credit,UPI,18526.14,Success
TXN001917,2025-09-23,ACC00241,CUST00527,PRD003,Credit,UPI,216978.3,Success
TXN001918,2023-08-10,ACC00140,CUST00754,PRD013,Debit,ATM,6688.7,Failed
TXN001919,2025-04-15,ACC00107,CUST00697,PRD012,Debit,UPI,44239.28,Success
TXN001920,2025-05-23,ACC00054,CUST00407,PRD012,Credit,Mobile App,23444.1,Failed
TXN001921,2023-02-10,ACC00789,CUST00122,PRD015,Credit,Net Banking,13295.43,Success
TXN001922,2025-10-22,ACC00220,CUST00676,PRD004,Credit,Net Banking,23705.32,Success
TXN001923,2024-07-27,ACC00973,CUST00125,PRD001,Debit,Net Banking,11638.06,Success
TXN001924,2024-08-21,ACC00616,CUST00012,PRD001,Debit,Net Banking,7741.78,Success
TXN001925,2025-11-28,ACC00935,CUST00118,PRD015,Credit,Mobile App,11362.76,Success
TXN001926,2025-09-09,ACC00984,CUST00723,PRD003,Debit,POS,217816.57,Success
TXN001927,2023-04-07,ACC00750,CUST00006,PRD005,Credit,UPI,16525.32,Success
TXN001928,2025-10-18,ACC00254,CUST00664,PRD013,Debit,Mobile App,1679.85,Failed
TXN001929,2025-03-29,ACC00547,CUST00740,PRD014,Credit,Mobile App,49189.81,Success
TXN001930,2023-12-11,ACC00836,CUST00598,PRD009,Debit,Net Banking,296033.19,Success
TXN001931,2025-08-18,ACC00444,CUST00677,PRD005,Debit,UPI,6217.89,Success
TXN001932,2024-11-11,ACC00670,CUST00758,PRD008,Debit,Net Banking,15297.92,Success
TXN001933,2025-04-21,ACC00766,CUST00524,PRD014,Debit,Mobile App,2247.43,Success
TXN001934,2024-09-01,ACC00418,CUST00777,PRD001,Credit,UPI,23012.28,Success
TXN001935,2025-08-28,ACC00518,CUST00749,PRD007,Debit,UPI,23295.91,Success
TXN001936,2024-05-21,ACC00936,CUST00111,PRD003,Credit,Net Banking,167629.68,Failed
TXN001937,2025-02-12,ACC00126,CUST00180,PRD016,Credit,Mobile App,22622.43,Success
TXN001938,2025-10-21,ACC00560,CUST00693,PRD008,Credit,UPI,7650.69,Success
TXN001939,2023-04-01,ACC00229,CUST00333,PRD004,Debit,UPI,4165.09,Success
TXN001940,2025-02-22,ACC00123,CUST00056,PRD002,Credit,Branch,14085.44,Success
TXN001941,2025-04-28,ACC00543,CUST00059,PRD001,Debit,Net Banking,21215.07,Success
TXN001942,2025-05-08,ACC00848,CUST00299,PRD015,Credit,UPI,22738.7,Failed
TXN001943,2024-04-24,ACC00607,CUST00079,PRD012,Credit,UPI,23904.25,Success
TXN001944,2025-03-21,ACC00673,CUST00579,PRD012,Credit,Net Banking,49394.77,Success
TXN001945,2025-08-07,ACC00124,CUST00195,PRD002,Credit,Mobile App,11238.6,Success
TXN001946,2024-09-18,ACC00582,CUST00736,PRD010,Credit,Mobile App,185037.83,Success
TXN001947,2025-05-08,ACC00303,CUST00269,PRD010,Credit,UPI,105073.03,Success
TXN001948,2025-07-24,ACC00308,CUST00582,PRD016,Debit,Net Banking,2863.2,Success
TXN001949,2024-11-04,ACC00759,CUST00281,PRD015,Debit,POS,15892.15,Success
TXN001950,2025-05-17,ACC00050,CUST00661,PRD006,Credit,Net Banking,8932.33,Success
TXN001951,2025-08-13,ACC00375,CUST00068,PRD005,Debit,Mobile App,14799.04,Success
TXN001952,2025-12-10,ACC00343,CUST00289,PRD007,Debit,UPI,12884.23,Success
TXN001953,2024-11-06,ACC00436,CUST00354,PRD009,Debit,Branch,172912.42,Success
TXN001954,2024-02-26,ACC00057,CUST00078,PRD002,Credit,Mobile App,6651.52,Success
TXN001955,2025-12-27,ACC00560,CUST00693,PRD007,Debit,UPI,24877.91,Success
TXN001956,2025-01-17,ACC00987,CUST00749,PRD002,Debit,Net Banking,881.21,Success
TXN001957,2023-01-05,ACC00789,CUST00122,PRD011,Debit,Branch,295353.25,Success
TXN001958,2024-01-13,ACC00312,CUST00218,PRD013,Credit,UPI,19725.66,Success
TXN001959,2025-10-23,ACC00239,CUST00096,PRD007,Debit,UPI,9233.17,Success
TXN001960,2025-09-06,ACC00574,CUST00160,PRD001,Debit,POS,17711.28,Success
TXN001961,2025-03-23,ACC00514,CUST00663,PRD006,Credit,UPI,4903.3,Success
TXN001962,2025-03-05,ACC00302,CUST00273,PRD015,Credit,UPI,16828.02,Success
TXN001963,2025-09-15,ACC00996,CUST00670,PRD015,Debit,Branch,22405.9,Success
TXN001964,2025-09-20,ACC00407,CUST00130,PRD008,Credit,UPI,6149.73,Success
TXN001965,2023-09-22,ACC00645,CUST00494,PRD006,Credit,UPI,5999.94,Success
TXN001966,2024-10-14,ACC00846,CUST00447,PRD009,Credit,UPI,373521.69,Success
TXN001967,2024-04-09,ACC00078,CUST00399,PRD013,Credit,Branch,29346.37,Success
TXN001968,2023-01-01,ACC00223,CUST00124,PRD012,Debit,POS,16879.58,Success
TXN001969,2024-09-29,ACC00917,CUST00771,PRD006,Debit,Mobile App,3554.0,Success
TXN001970,2024-12-25,ACC00863,CUST00298,PRD001,Debit,Branch,17984.53,Success
TXN001971,2025-10-16,ACC00356,CUST00094,PRD016,Credit,Mobile App,5334.45,Success
TXN001972,2025-08-27,ACC00285,CUST00090,PRD001,Debit,UPI,4896.7,Success
TXN001973,2025-07-04,ACC00652,CUST00136,PRD001,Debit,Net Banking,17686.22,Success
TXN001974,2025-10-22,ACC00158,CUST00633,PRD007,Debit,Net Banking,21536.38,Success
TXN001975,2023-04-30,ACC00283,CUST00568,PRD012,Credit,Mobile App,48722.42,Success
TXN001976,2025-05-23,ACC00105,CUST00419,PRD014,Credit,ATM,9872.61,Success
TXN001977,2024-04-16,ACC00725,CUST00303,PRD016,Credit,Net Banking,21230.55,Success
TXN001978,2025-05-31,ACC00006,CUST00034,PRD013,Debit,UPI,41884.0,Success
TXN001979,2025-05-03,ACC00334,CUST00764,PRD005,Credit,Mobile App,5534.63,Success
TXN001980,2025-03-07,ACC00856,CUST00401,PRD004,Credit,UPI,273.88,Success
TXN001981,2025-09-24,ACC00428,CUST00181,PRD014,Debit,Net Banking,8482.58,Success
TXN001982,2024-09-14,ACC00772,CUST00506,PRD013,Credit,Mobile App,3490.0,Success
TXN001983,2025-11-18,ACC00948,CUST00398,PRD008,Debit,Mobile App,22476.13,Success
TXN001984,2024-10-10,ACC00667,CUST00357,PRD002,Credit,POS,8028.11,Success
TXN001985,2025-05-30,ACC00917,CUST00771,PRD016,Debit,Branch,15177.12,Success
TXN001986,2025-12-05,ACC00875,CUST00202,PRD008,Debit,Mobile App,8044.69,Success
TXN001987,2025-12-29,ACC00039,CUST00392,PRD001,Credit,ATM,7576.15,Success
TXN001988,2024-07-23,ACC00936,CUST00111,PRD012,Credit,Mobile App,11791.53,Success
TXN001989,2024-03-03,ACC00397,CUST00775,PRD002,Credit,Net Banking,22011.37,Success
TXN001990,2023-04-18,ACC00585,CUST00211,PRD012,Credit,Net Banking,20460.46,Failed
TXN001991,2025-04-01,ACC00587,CUST00274,PRD013,Debit,Mobile App,37024.03,Success
TXN001992,2023-04-20,ACC00895,CUST00687,PRD014,Credit,Branch,39519.13,Success
TXN001993,2025-06-11,ACC00041,CUST00714,PRD013,Credit,ATM,18602.65,Success
TXN001994,2025-05-07,ACC00285,CUST00090,PRD005,Credit,ATM,3860.86,Success
TXN001995,2025-08-27,ACC00401,CUST00368,PRD001,Debit,UPI,11859.98,Success
TXN001996,2025-04-17,ACC00780,CUST00001,PRD002,Credit,UPI,4042.08,Success
TXN001997,2023-03-05,ACC00585,CUST00211,PRD010,Debit,ATM,111174.11,Success
TXN001998,2025-05-07,ACC00774,CUST00712,PRD004,Debit,Mobile App,21304.77,Success
TXN001999,2025-09-21,ACC00151,CUST00662,PRD016,Credit,Net Banking,2739.69,Success
TXN002000,2024-04-22,ACC00429,CUST00777,PRD007,Debit,Net Banking,3622.8,Success
TXN002001,2025-06-28,ACC00866,CUST00701,PRD009,Debit,Mobile App,255443.3,Success
TXN002002,2025-07-16,ACC00905,CUST00585,PRD014,Debit,Mobile App,15875.29,Success
TXN002003,2025-07-20,ACC00107,CUST00697,PRD005,Debit,Mobile App,13287.95,Success
TXN002004,2025-07-09,ACC00278,CUST00675,PRD016,Credit,UPI,3290.52,Success
TXN002005,2025-08-29,ACC00439,CUST00097,PRD014,Debit,Mobile App,18815.42,Success
TXN002006,2023-11-23,ACC00607,CUST00079,PRD007,Credit,Branch,22762.64,Success
TXN002007,2025-11-05,ACC00344,CUST00234,PRD015,Debit,Mobile App,11957.07,Success
TXN002008,2025-12-26,ACC00478,CUST00275,PRD015,Credit,UPI,17488.41,Success
TXN002009,2024-05-26,ACC00778,CUST00044,PRD012,Debit,POS,28827.61,Success
TXN002010,2023-09-05,ACC00672,CUST00237,PRD016,Debit,Net Banking,20351.72,Success
TXN002011,2025-08-03,ACC00327,CUST00725,PRD013,Credit,Mobile App,16016.27,Success
TXN002012,2024-04-23,ACC00358,CUST00529,PRD006,Debit,UPI,8109.21,Success
TXN002013,2025-11-12,ACC00920,CUST00556,PRD003,Debit,Mobile App,474629.26,Success
TXN002014,2024-09-19,ACC00010,CUST00337,PRD005,Debit,UPI,4910.22,Success
TXN002015,2023-03-04,ACC00585,CUST00211,PRD006,Debit,Net Banking,19466.21,Success
TXN002016,2025-01-05,ACC00205,CUST00415,PRD015,Credit,UPI,8968.6,Success
TXN002017,2025-07-05,ACC00063,CUST00599,PRD009,Debit,Mobile App,479200.46,Success
TXN002018,2024-11-12,ACC00505,CUST00462,PRD006,Debit,UPI,5081.45,Success
TXN002019,2024-03-17,ACC00890,CUST00785,PRD007,Debit,UPI,15166.53,Success
TXN002020,2025-06-02,ACC00930,CUST00405,PRD005,Credit,UPI,13135.2,Success
TXN002021,2025-07-15,ACC00903,CUST00250,PRD011,Credit,UPI,356310.12,Success
TXN002022,2023-11-27,ACC00264,CUST00301,PRD015,Debit,UPI,7472.97,Success
TXN002023,2025-05-30,ACC00758,CUST00652,PRD003,Credit,Mobile App,196943.19,Success
TXN002024,2024-04-19,ACC00478,CUST00275,PRD002,Debit,POS,9612.28,Success
TXN002025,2025-09-27,ACC00069,CUST00587,PRD005,Credit,Mobile App,23428.88,Success
TXN002026,2024-12-29,ACC00715,CUST00693,PRD002,Credit,UPI,7190.59,Success
TXN002027,2025-03-19,ACC00479,CUST00733,PRD005,Debit,UPI,1405.34,Success
TXN002028,2025-07-30,ACC00083,CUST00091,PRD012,Credit,Mobile App,41674.31,Success
TXN002029,2024-09-27,ACC00901,CUST00108,PRD015,Credit,UPI,8164.72,Success
TXN002030,2025-04-01,ACC00633,CUST00671,PRD004,Credit,Mobile App,16126.16,Success
TXN002031,2024-02-05,ACC00877,CUST00261,PRD005,Credit,Net Banking,12841.54,Success
TXN002032,2023-11-29,ACC00158,CUST00633,PRD015,Debit,Net Banking,23181.02,Success
TXN002033,2025-03-06,ACC00546,CUST00360,PRD003,Credit,UPI,362649.82,Success
TXN002034,2024-11-09,ACC00941,CUST00184,PRD009,Credit,UPI,58956.19,Success
TXN002035,2023-01-01,ACC00527,CUST00490,PRD012,Credit,UPI,3576.45,Success
TXN002036,2025-06-01,ACC00483,CUST00745,PRD008,Credit,Net Banking,13747.63,Success
TXN002037,2025-08-07,ACC00244,CUST00020,PRD014,Credit,UPI,38256.82,Success
TXN002038,2025-12-23,ACC00654,CUST00233,PRD007,Debit,UPI,17119.7,Success
TXN002039,2025-08-10,ACC00856,CUST00401,PRD006,Credit,Mobile App,12019.46,Success
TXN002040,2024-06-24,ACC00839,CUST00771,PRD015,Credit,Net Banking,23865.08,Failed
TXN002041,2025-12-04,ACC00878,CUST00191,PRD004,Credit,UPI,15894.83,Success
TXN002042,2025-07-21,ACC00586,CUST00279,PRD005,Credit,Mobile App,685.48,Success
TXN002043,2025-07-10,ACC00731,CUST00604,PRD006,Debit,Mobile App,5083.1,Success
TXN002044,2025-12-06,ACC00220,CUST00676,PRD012,Credit,UPI,17794.39,Success
TXN002045,2025-11-04,ACC00356,CUST00094,PRD005,Credit,ATM,20743.01,Success
TXN002046,2025-05-22,ACC00683,CUST00669,PRD015,Credit,UPI,15729.23,Success
TXN002047,2024-11-17,ACC00924,CUST00087,PRD008,Debit,UPI,9771.65,Success
TXN002048,2025-04-16,ACC00820,CUST00793,PRD012,Debit,Net Banking,10190.74,Success
TXN002049,2025-03-30,ACC00173,CUST00428,PRD011,Debit,UPI,236791.89,Success
TXN002050,2025-05-26,ACC00529,CUST00787,PRD016,Credit,POS,19273.41,Success
TXN002051,2023-06-14,ACC00282,CUST00130,PRD004,Credit,UPI,2757.57,Success
TXN002052,2025-09-07,ACC00090,CUST00503,PRD008,Debit,UPI,18418.99,Success
TXN002053,2024-10-22,ACC00450,CUST00523,PRD014,Credit,Net Banking,29866.28,Success
TXN002054,2025-03-29,ACC00463,CUST00455,PRD002,Credit,Mobile App,5822.27,Success
TXN002055,2025-08-23,ACC00091,CUST00677,PRD002,Debit,ATM,692.93,Success
TXN002056,2025-09-18,ACC00086,CUST00232,PRD005,Credit,ATM,5238.18,Success
TXN002057,2025-09-19,ACC00098,CUST00241,PRD011,Debit,UPI,492430.15,Success
TXN002058,2023-12-29,ACC00645,CUST00494,PRD002,Debit,UPI,14064.66,Success
TXN002059,2024-03-27,ACC00710,CUST00738,PRD008,Credit,POS,6288.11,Success
TXN002060,2025-06-20,ACC00308,CUST00582,PRD003,Debit,ATM,317252.84,Success
TXN002061,2025-08-10,ACC00306,CUST00588,PRD008,Debit,Branch,7655.82,Failed
TXN002062,2023-10-08,ACC00471,CUST00613,PRD002,Credit,Mobile App,1433.09,Success
TXN002063,2025-10-25,ACC00661,CUST00562,PRD002,Credit,UPI,21923.47,Success
TXN002064,2025-09-18,ACC00383,CUST00365,PRD004,Credit,Mobile App,19284.05,Success
TXN002065,2025-03-11,ACC00476,CUST00142,PRD015,Debit,UPI,23260.13,Success
TXN002066,2023-07-30,ACC00298,CUST00626,PRD016,Debit,ATM,22993.22,Success
TXN002067,2025-11-17,ACC00344,CUST00234,PRD014,Debit,Net Banking,46586.63,Success
TXN002068,2025-11-29,ACC00647,CUST00347,PRD006,Debit,UPI,5946.59,Success
TXN002069,2025-06-07,ACC00074,CUST00135,PRD007,Debit,Mobile App,6824.66,Success
TXN002070,2025-08-13,ACC00388,CUST00463,PRD008,Debit,Mobile App,3917.04,Success
TXN002071,2024-04-22,ACC00123,CUST00056,PRD004,Credit,Net Banking,12485.84,Success
TXN002072,2025-09-11,ACC00640,CUST00089,PRD005,Debit,Mobile App,14461.34,Failed
TXN002073,2025-08-20,ACC00592,CUST00778,PRD005,Credit,UPI,7092.49,Success
TXN002074,2024-01-18,ACC00908,CUST00390,PRD015,Credit,Mobile App,707.88,Success
TXN002075,2025-10-16,ACC00424,CUST00440,PRD016,Credit,ATM,11254.93,Success
TXN002076,2023-10-10,ACC00819,CUST00207,PRD008,Credit,Net Banking,20901.27,Success
TXN002077,2025-07-21,ACC00826,CUST00667,PRD013,Credit,POS,11960.28,Success
TXN002078,2025-07-09,ACC00987,CUST00749,PRD013,Debit,UPI,30103.43,Success
TXN002079,2023-12-06,ACC00317,CUST00495,PRD015,Credit,Mobile App,16499.17,Success
TXN002080,2025-09-19,ACC00604,CUST00034,PRD009,Credit,Mobile App,372893.58,Success
TXN002081,2025-11-26,ACC00949,CUST00193,PRD016,Credit,UPI,11740.36,Success
TXN002082,2025-07-11,ACC00152,CUST00740,PRD014,Credit,UPI,37707.13,Success
TXN002083,2024-02-20,ACC00937,CUST00739,PRD014,Credit,Mobile App,21869.71,Success
TXN002084,2025-11-17,ACC00096,CUST00634,PRD005,Debit,ATM,9030.85,Success
TXN002085,2025-03-16,ACC00047,CUST00278,PRD006,Debit,Net Banking,4190.48,Success
TXN002086,2023-12-31,ACC00214,CUST00617,PRD009,Credit,Mobile App,320030.15,Success
TXN002087,2025-08-07,ACC00895,CUST00687,PRD004,Debit,Mobile App,4069.76,Success
TXN002088,2025-09-13,ACC00029,CUST00147,PRD007,Debit,UPI,5224.74,Success
TXN002089,2025-05-26,ACC00443,CUST00797,PRD011,Debit,UPI,73702.38,Success
TXN002090,2024-02-02,ACC00178,CUST00050,PRD003,Credit,UPI,21939.44,Success
TXN002091,2025-08-22,ACC00573,CUST00220,PRD010,Debit,Net Banking,128855.52,Success
TXN002092,2025-02-07,ACC00309,CUST00624,PRD006,Debit,UPI,18323.18,Success
TXN002093,2025-12-12,ACC00300,CUST00176,PRD006,Debit,Mobile App,16456.61,Success
TXN002094,2023-01-15,ACC00498,CUST00779,PRD012,Credit,Mobile App,34546.15,Success
TXN002095,2025-01-25,ACC00831,CUST00070,PRD003,Debit,UPI,94736.57,Success
TXN002096,2023-11-26,ACC00136,CUST00093,PRD015,Debit,Net Banking,22340.27,Success
TXN002097,2025-10-11,ACC00707,CUST00527,PRD001,Debit,Net Banking,22904.51,Success
TXN002098,2025-04-17,ACC00339,CUST00164,PRD007,Debit,UPI,7641.15,Success
TXN002099,2025-01-01,ACC00946,CUST00573,PRD006,Credit,Mobile App,4856.06,Failed
TXN002100,2025-06-26,ACC00838,CUST00044,PRD015,Credit,UPI,20708.65,Success
TXN002101,2025-12-22,ACC00426,CUST00538,PRD012,Debit,UPI,6388.17,Success
TXN002102,2024-08-04,ACC00607,CUST00079,PRD014,Debit,Net Banking,30079.26,Success
TXN002103,2025-06-14,ACC00118,CUST00549,PRD007,Credit,UPI,15519.52,Success
TXN002104,2025-10-28,ACC00347,CUST00615,PRD012,Debit,Mobile App,34116.31,Success
TXN002105,2025-05-11,ACC00157,CUST00045,PRD008,Debit,Mobile App,6468.98,Success
TXN002106,2024-12-22,ACC00979,CUST00375,PRD008,Credit,Net Banking,19267.71,Success
TXN002107,2025-11-14,ACC00805,CUST00160,PRD015,Credit,Mobile App,23733.15,Success
TXN002108,2024-04-07,ACC00949,CUST00193,PRD008,Debit,POS,24072.93,Success
TXN002109,2024-10-01,ACC00814,CUST00288,PRD003,Debit,UPI,64183.44,Success
TXN002110,2025-05-07,ACC00491,CUST00637,PRD002,Credit,ATM,2440.74,Success
TXN002111,2025-09-06,ACC00715,CUST00693,PRD010,Credit,UPI,245254.16,Success
TXN002112,2023-09-16,ACC00338,CUST00667,PRD012,Credit,Mobile App,22834.35,Success
TXN002113,2025-11-12,ACC00323,CUST00687,PRD012,Debit,UPI,29874.74,Success
TXN002114,2025-10-02,ACC00679,CUST00637,PRD003,Debit,UPI,53167.81,Success
TXN002115,2024-02-26,ACC00721,CUST00536,PRD014,Credit,UPI,40164.73,Success
TXN002116,2025-12-04,ACC00687,CUST00161,PRD011,Debit,Net Banking,76480.91,Success
TXN002117,2025-05-19,ACC00306,CUST00588,PRD013,Debit,UPI,42750.98,Success
TXN002118,2025-06-27,ACC00530,CUST00720,PRD015,Credit,Mobile App,17201.5,Success
TXN002119,2024-10-07,ACC00703,CUST00047,PRD016,Debit,UPI,6301.16,Success
TXN002120,2023-12-24,ACC00168,CUST00547,PRD015,Credit,Net Banking,4498.13,Success
TXN002121,2024-02-15,ACC00311,CUST00362,PRD003,Credit,UPI,435471.48,Success
TXN002122,2025-11-10,ACC00008,CUST00624,PRD008,Debit,Mobile App,20229.62,Success
TXN002123,2024-12-26,ACC00795,CUST00392,PRD012,Debit,UPI,7033.95,Success
TXN002124,2024-09-16,ACC00721,CUST00536,PRD008,Debit,Mobile App,12454.03,Success
TXN002125,2025-10-17,ACC00279,CUST00268,PRD003,Debit,Mobile App,450890.94,Success
TXN002126,2025-12-19,ACC00623,CUST00190,PRD007,Credit,Mobile App,935.07,Success
TXN002127,2025-08-20,ACC00120,CUST00124,PRD010,Credit,Net Banking,61876.62,Success
TXN002128,2025-12-03,ACC00173,CUST00428,PRD009,Debit,Net Banking,263414.51,Success
TXN002129,2025-10-03,ACC00560,CUST00693,PRD011,Credit,Branch,31572.45,Success
TXN002130,2025-02-22,ACC00288,CUST00421,PRD015,Credit,UPI,16530.56,Success
TXN002131,2025-06-18,ACC00120,CUST00124,PRD012,Debit,Mobile App,48557.84,Success
TXN002132,2024-02-19,ACC00769,CUST00303,PRD005,Debit,Mobile App,1089.92,Success
TXN002133,2025-11-24,ACC00521,CUST00592,PRD011,Credit,UPI,207540.68,Success
TXN002134,2025-04-15,ACC00605,CUST00109,PRD015,Credit,Mobile App,13161.62,Success
TXN002135,2025-09-25,ACC00086,CUST00232,PRD003,Credit,Mobile App,409501.64,Success
TXN002136,2024-12-26,ACC00492,CUST00502,PRD007,Credit,UPI,5417.67,Success
TXN002137,2025-12-23,ACC00539,CUST00443,PRD003,Debit,Mobile App,102760.63,Success
TXN002138,2025-06-08,ACC00953,CUST00611,PRD016,Debit,Mobile App,1865.87,Success
TXN002139,2025-05-13,ACC00227,CUST00679,PRD006,Debit,ATM,19036.9,Success
TXN002140,2023-09-20,ACC00800,CUST00040,PRD014,Credit,POS,8654.27,Success
TXN002141,2025-10-11,ACC00871,CUST00439,PRD012,Debit,Mobile App,46911.62,Success
TXN002142,2025-07-07,ACC00457,CUST00530,PRD016,Debit,Mobile App,1168.43,Success
TXN002143,2025-12-23,ACC00584,CUST00781,PRD008,Credit,UPI,18189.73,Success
TXN002144,2025-05-25,ACC00474,CUST00146,PRD006,Credit,Mobile App,5695.55,Success
TXN002145,2025-06-08,ACC00011,CUST00265,PRD008,Debit,Mobile App,12787.73,Failed
TXN002146,2025-03-01,ACC00586,CUST00279,PRD002,Credit,ATM,6109.38,Success
TXN002147,2025-11-25,ACC00118,CUST00549,PRD004,Debit,Mobile App,15035.56,Success
TXN002148,2025-09-22,ACC00217,CUST00470,PRD009,Credit,Mobile App,392983.05,Success
TXN002149,2025-02-01,ACC00532,CUST00239,PRD007,Debit,UPI,7092.75,Success
TXN002150,2025-12-03,ACC00845,CUST00349,PRD005,Debit,POS,20924.48,Success
TXN002151,2025-05-04,ACC00274,CUST00372,PRD008,Debit,Branch,11800.81,Success
TXN002152,2025-12-25,ACC00392,CUST00444,PRD002,Credit,Net Banking,14780.07,Success
TXN002153,2023-12-30,ACC00008,CUST00624,PRD012,Debit,Net Banking,39397.9,Success
TXN002154,2024-04-06,ACC00604,CUST00034,PRD006,Credit,UPI,24383.14,Success
TXN002155,2025-10-13,ACC00718,CUST00363,PRD011,Debit,Mobile App,321978.26,Success
TXN002156,2023-09-15,ACC00564,CUST00760,PRD016,Debit,ATM,5773.27,Success
TXN002157,2024-04-17,ACC00505,CUST00462,PRD015,Debit,UPI,4862.54,Success
TXN002158,2025-09-01,ACC00830,CUST00723,PRD014,Debit,UPI,33966.96,Success
TXN002159,2025-09-29,ACC00712,CUST00203,PRD007,Credit,Mobile App,4789.98,Success
TXN002160,2025-10-11,ACC00006,CUST00034,PRD013,Debit,Net Banking,34572.44,Success
TXN002161,2025-11-07,ACC00968,CUST00704,PRD007,Credit,Net Banking,13867.29,Success
TXN002162,2025-08-26,ACC00532,CUST00239,PRD005,Credit,Mobile App,3018.55,Success
TXN002163,2025-07-01,ACC00096,CUST00634,PRD012,Debit,UPI,30107.5,Success
TXN002164,2023-10-23,ACC00461,CUST00716,PRD002,Debit,UPI,20258.48,Success
TXN002165,2025-10-28,ACC00744,CUST00114,PRD008,Credit,UPI,23318.85,Success
TXN002166,2025-09-18,ACC00289,CUST00704,PRD009,Credit,UPI,54584.12,Success
TXN002167,2025-10-26,ACC00014,CUST00701,PRD004,Credit,UPI,9887.72,Success
TXN002168,2024-09-21,ACC00590,CUST00481,PRD004,Credit,ATM,12426.88,Success
TXN002169,2025-03-07,ACC00100,CUST00418,PRD015,Debit,Mobile App,12826.85,Success
TXN002170,2025-08-31,ACC00107,CUST00697,PRD007,Credit,UPI,15740.01,Failed
TXN002171,2025-10-04,ACC00986,CUST00273,PRD001,Credit,UPI,7897.24,Success
TXN002172,2025-10-04,ACC00343,CUST00289,PRD008,Credit,UPI,24855.33,Success
TXN002173,2025-11-08,ACC00803,CUST00415,PRD010,Credit,UPI,276906.87,Success
TXN002174,2025-12-17,ACC00194,CUST00798,PRD012,Credit,UPI,21451.56,Success
TXN002175,2025-02-03,ACC00956,CUST00656,PRD009,Credit,Net Banking,73487.38,Success
TXN002176,2025-12-15,ACC00642,CUST00740,PRD013,Debit,Net Banking,12413.67,Success
TXN002177,2024-09-21,ACC00261,CUST00154,PRD009,Credit,Mobile App,465368.74,Success
TXN002178,2025-05-31,ACC00062,CUST00204,PRD010,Credit,UPI,300377.6,Success
TXN002179,2025-07-18,ACC00068,CUST00367,PRD016,Debit,UPI,9643.47,Failed
TXN002180,2025-03-18,ACC00179,CUST00017,PRD011,Debit,UPI,294195.33,Success
TXN002181,2024-05-11,ACC00201,CUST00521,PRD008,Debit,POS,3201.63,Success
TXN002182,2024-02-13,ACC00464,CUST00585,PRD005,Credit,Mobile App,15279.22,Success
TXN002183,2024-08-28,ACC00493,CUST00764,PRD006,Debit,Branch,178.89,Success
TXN002184,2025-04-11,ACC00015,CUST00536,PRD013,Debit,Mobile App,42554.68,Success
TXN002185,2025-11-19,ACC00271,CUST00567,PRD014,Credit,UPI,20722.46,Success
TXN002186,2025-12-03,ACC00811,CUST00038,PRD002,Credit,UPI,21279.6,Success
TXN002187,2024-12-27,ACC00441,CUST00331,PRD016,Debit,UPI,5207.71,Success
TXN002188,2025-11-04,ACC00872,CUST00512,PRD009,Debit,Mobile App,184298.59,Success
TXN002189,2025-05-28,ACC00446,CUST00401,PRD003,Credit,Mobile App,232250.95,Success
TXN002190,2024-03-16,ACC00651,CUST00473,PRD013,Credit,UPI,41928.52,Success
TXN002191,2023-03-18,ACC00003,CUST00180,PRD002,Debit,UPI,5526.42,Success
TXN002192,2025-08-27,ACC00352,CUST00240,PRD001,Credit,UPI,22471.47,Success
TXN002193,2025-11-09,ACC00220,CUST00676,PRD016,Credit,ATM,17193.66,Failed
TXN002194,2025-12-16,ACC00744,CUST00114,PRD012,Debit,Mobile App,35796.95,Success
TXN002195,2025-08-14,ACC00280,CUST00202,PRD011,Credit,Mobile App,29837.18,Success
TXN002196,2023-05-23,ACC00585,CUST00211,PRD007,Credit,Mobile App,10990.32,Success
TXN002197,2025-08-17,ACC00345,CUST00747,PRD011,Credit,UPI,144732.36,Success
TXN002198,2025-03-27,ACC00183,CUST00338,PRD012,Credit,UPI,26099.9,Success
TXN002199,2025-05-17,ACC00737,CUST00559,PRD015,Debit,UPI,9597.96,Success
TXN002200,2023-12-16,ACC00630,CUST00549,PRD016,Credit,UPI,4052.97,Success
TXN002201,2024-06-07,ACC00643,CUST00308,PRD008,Debit,Mobile App,13178.82,Success
TXN002202,2025-10-15,ACC00299,CUST00200,PRD009,Credit,UPI,229229.01,Success
TXN002203,2025-03-07,ACC00843,CUST00015,PRD015,Debit,UPI,4249.06,Success
TXN002204,2025-12-06,ACC00827,CUST00746,PRD011,Credit,ATM,294852.34,Success
TXN002205,2025-06-24,ACC00646,CUST00298,PRD015,Debit,ATM,18553.26,Success
TXN002206,2025-09-12,ACC00075,CUST00114,PRD011,Credit,Mobile App,100604.58,Success
TXN002207,2023-08-06,ACC00120,CUST00124,PRD004,Credit,POS,2018.48,Success
TXN002208,2024-09-01,ACC00043,CUST00457,PRD007,Debit,UPI,13395.44,Success
TXN002209,2023-07-19,ACC00021,CUST00211,PRD015,Debit,Mobile App,4555.21,Success
TXN002210,2025-08-17,ACC00034,CUST00393,PRD003,Debit,UPI,176229.37,Success
TXN002211,2025-11-09,ACC00147,CUST00100,PRD007,Credit,UPI,12572.74,Success
TXN002212,2025-12-08,ACC00883,CUST00095,PRD014,Debit,UPI,23718.81,Success
TXN002213,2025-01-10,ACC00777,CUST00691,PRD011,Debit,UPI,196251.61,Success
TXN002214,2025-11-18,ACC00225,CUST00708,PRD014,Debit,Mobile App,35655.35,Success
TXN002215,2025-10-07,ACC00037,CUST00682,PRD011,Debit,UPI,40291.3,Success
TXN002216,2025-07-23,ACC00873,CUST00276,PRD001,Debit,UPI,13269.44,Success
TXN002217,2024-11-17,ACC00636,CUST00318,PRD011,Credit,Net Banking,368592.77,Success
TXN002218,2025-09-19,ACC00863,CUST00298,PRD009,Debit,Mobile App,269434.95,Success
TXN002219,2025-12-23,ACC00889,CUST00209,PRD016,Debit,Mobile App,10189.45,Success
TXN002220,2024-09-30,ACC00197,CUST00525,PRD001,Credit,Branch,21462.38,Success
TXN002221,2025-02-06,ACC00887,CUST00420,PRD005,Credit,UPI,24868.39,Success
TXN002222,2024-09-03,ACC00446,CUST00401,PRD002,Debit,UPI,9626.05,Success
TXN002223,2025-03-28,ACC00124,CUST00195,PRD002,Credit,UPI,18782.75,Success
TXN002224,2024-10-22,ACC00946,CUST00573,PRD007,Credit,Net Banking,11303.52,Success
TXN002225,2023-10-12,ACC00454,CUST00033,PRD007,Debit,Net Banking,19864.64,Success
TXN002226,2023-06-29,ACC00372,CUST00251,PRD008,Credit,UPI,22601.23,Success
TXN002227,2025-06-04,ACC00476,CUST00142,PRD001,Credit,UPI,9352.02,Success
TXN002228,2025-12-16,ACC00680,CUST00293,PRD011,Credit,UPI,137775.68,Failed
TXN002229,2023-12-17,ACC00851,CUST00408,PRD008,Credit,Mobile App,9413.49,Success
TXN002230,2025-11-29,ACC00531,CUST00164,PRD001,Credit,Branch,21815.61,Success
TXN002231,2025-09-04,ACC00611,CUST00427,PRD002,Credit,UPI,13835.01,Success
TXN002232,2025-10-04,ACC00288,CUST00421,PRD012,Credit,POS,3853.91,Success
TXN002233,2024-12-16,ACC00176,CUST00642,PRD006,Credit,UPI,375.3,Success
TXN002234,2025-01-07,ACC00336,CUST00507,PRD016,Credit,Net Banking,1591.19,Success
TXN002235,2024-05-25,ACC00828,CUST00284,PRD001,Debit,Mobile App,11264.13,Success
TXN002236,2025-11-15,ACC00465,CUST00638,PRD013,Credit,Mobile App,16663.96,Success
TXN002237,2023-07-28,ACC00216,CUST00631,PRD007,Credit,ATM,22099.97,Success
TXN002238,2025-08-01,ACC00267,CUST00317,PRD010,Debit,Mobile App,339833.61,Success
TXN002239,2025-10-13,ACC00334,CUST00764,PRD011,Debit,Net Banking,499349.37,Success
TXN002240,2025-04-13,ACC00608,CUST00341,PRD006,Credit,ATM,17885.35,Success
TXN002241,2025-04-25,ACC00523,CUST00479,PRD016,Debit,Mobile App,19076.51,Success
TXN002242,2024-11-27,ACC00715,CUST00693,PRD006,Credit,Mobile App,5583.91,Success
TXN002243,2025-11-04,ACC00724,CUST00098,PRD003,Credit,UPI,220820.42,Success
TXN002244,2024-10-19,ACC00742,CUST00535,PRD004,Credit,Net Banking,10730.1,Success
TXN002245,2025-12-30,ACC00593,CUST00602,PRD004,Debit,POS,24776.56,Success
TXN002246,2025-05-18,ACC00388,CUST00463,PRD008,Credit,UPI,19696.6,Success
TXN002247,2025-01-11,ACC00758,CUST00652,PRD013,Credit,Branch,33794.28,Success
TXN002248,2024-12-01,ACC00351,CUST00298,PRD015,Credit,Net Banking,8634.15,Success
TXN002249,2025-06-26,ACC00755,CUST00628,PRD001,Debit,UPI,23917.44,Success
TXN002250,2025-07-20,ACC00141,CUST00622,PRD001,Debit,Mobile App,18578.57,Success
TXN002251,2025-07-07,ACC00067,CUST00446,PRD005,Debit,UPI,17080.74,Success
TXN002252,2025-06-10,ACC00328,CUST00349,PRD016,Debit,Mobile App,14886.87,Success
TXN002253,2024-11-07,ACC00598,CUST00184,PRD014,Debit,UPI,24428.1,Success
TXN002254,2025-12-02,ACC00845,CUST00349,PRD011,Credit,Mobile App,367652.86,Success
TXN002255,2025-04-28,ACC00724,CUST00098,PRD005,Credit,POS,21591.84,Success
TXN002256,2025-10-28,ACC00458,CUST00658,PRD013,Credit,UPI,39282.08,Success
TXN002257,2025-09-22,ACC00007,CUST00161,PRD010,Debit,UPI,464504.78,Success
TXN002258,2024-06-02,ACC00327,CUST00725,PRD015,Debit,Mobile App,10056.28,Success
TXN002259,2025-01-14,ACC00489,CUST00234,PRD003,Debit,UPI,319067.91,Success
TXN002260,2023-12-20,ACC00915,CUST00022,PRD007,Debit,Net Banking,23160.5,Success
TXN002261,2024-09-28,ACC00627,CUST00765,PRD002,Credit,Mobile App,10414.15,Success
TXN002262,2025-07-05,ACC00385,CUST00185,PRD014,Debit,UPI,15746.37,Success
TXN002263,2025-08-15,ACC00543,CUST00059,PRD002,Credit,POS,9968.98,Success
TXN002264,2025-11-04,ACC00663,CUST00029,PRD008,Credit,Mobile App,6156.57,Success
TXN002265,2025-07-29,ACC00904,CUST00614,PRD001,Debit,UPI,14876.81,Success
TXN002266,2023-07-02,ACC00174,CUST00141,PRD010,Debit,UPI,373966.5,Success
TXN002267,2025-10-17,ACC00660,CUST00005,PRD003,Credit,Mobile App,468499.64,Success
TXN002268,2023-03-06,ACC00495,CUST00372,PRD004,Debit,Net Banking,1378.81,Success
TXN002269,2025-01-04,ACC00891,CUST00696,PRD016,Credit,UPI,21105.14,Success
TXN002270,2025-10-07,ACC00098,CUST00241,PRD004,Debit,Branch,16684.85,Success
TXN002271,2025-12-06,ACC00337,CUST00391,PRD007,Credit,UPI,2589.29,Success
TXN002272,2025-12-27,ACC00187,CUST00048,PRD001,Debit,UPI,105.31,Success
TXN002273,2025-12-08,ACC00009,CUST00297,PRD013,Debit,Net Banking,41297.45,Success
TXN002274,2025-11-25,ACC00451,CUST00782,PRD006,Debit,UPI,20937.56,Success
TXN002275,2025-07-23,ACC00975,CUST00146,PRD013,Credit,Mobile App,23385.66,Success
TXN002276,2025-08-26,ACC00364,CUST00523,PRD004,Debit,UPI,12920.8,Success
TXN002277,2023-02-19,ACC00745,CUST00369,PRD005,Debit,UPI,9895.5,Success
TXN002278,2025-03-04,ACC00587,CUST00274,PRD015,Credit,UPI,11367.46,Success
TXN002279,2024-12-07,ACC00681,CUST00205,PRD014,Debit,UPI,40824.58,Success
TXN002280,2024-04-19,ACC00518,CUST00749,PRD016,Credit,Branch,21193.36,Success
TXN002281,2024-05-31,ACC00076,CUST00788,PRD009,Debit,UPI,357552.61,Success
TXN002282,2025-11-01,ACC00538,CUST00098,PRD001,Credit,UPI,3777.23,Success
TXN002283,2025-12-17,ACC00931,CUST00697,PRD016,Debit,UPI,7133.63,Success
TXN002284,2024-11-05,ACC00651,CUST00473,PRD008,Credit,UPI,12091.76,Success
TXN002285,2025-04-19,ACC00556,CUST00555,PRD011,Credit,Branch,342387.53,Success
TXN002286,2025-09-02,ACC00114,CUST00513,PRD007,Debit,UPI,22400.18,Success
TXN002287,2025-06-20,ACC00017,CUST00260,PRD010,Debit,UPI,185641.11,Success
TXN002288,2025-11-09,ACC00127,CUST00575,PRD003,Credit,ATM,206988.35,Success
TXN002289,2025-09-04,ACC00410,CUST00779,PRD006,Debit,Mobile App,19614.75,Failed
TXN002290,2024-10-25,ACC00825,CUST00417,PRD002,Debit,Mobile App,18657.5,Success
TXN002291,2023-12-14,ACC00264,CUST00301,PRD005,Debit,Net Banking,18812.7,Failed
TXN002292,2025-10-10,ACC00383,CUST00365,PRD007,Debit,UPI,4188.06,Success
TXN002293,2024-08-28,ACC00197,CUST00525,PRD004,Credit,UPI,8430.45,Success
TXN002294,2023-05-08,ACC00929,CUST00426,PRD011,Credit,UPI,257771.67,Success
TXN002295,2023-11-24,ACC00699,CUST00715,PRD007,Credit,UPI,1057.38,Success
TXN002296,2024-03-16,ACC00416,CUST00222,PRD003,Credit,UPI,315140.93,Success
TXN002297,2025-08-18,ACC00475,CUST00066,PRD014,Credit,UPI,48479.07,Success
TXN002298,2025-11-05,ACC00152,CUST00740,PRD004,Credit,UPI,21458.57,Success
TXN002299,2025-05-03,ACC00732,CUST00522,PRD002,Debit,UPI,13265.51,Success
TXN002300,2025-11-02,ACC00501,CUST00051,PRD002,Debit,Branch,19265.82,Success
TXN002301,2025-08-25,ACC00234,CUST00576,PRD003,Debit,UPI,303668.07,Failed
TXN002302,2025-08-18,ACC00451,CUST00782,PRD010,Credit,POS,156553.12,Success
TXN002303,2025-04-24,ACC00379,CUST00441,PRD006,Credit,Mobile App,1663.68,Failed
TXN002304,2025-11-03,ACC00399,CUST00514,PRD009,Debit,Mobile App,444496.55,Success
TXN002305,2025-10-19,ACC00318,CUST00349,PRD010,Debit,Branch,126991.78,Success
TXN002306,2025-08-13,ACC00018,CUST00487,PRD010,Credit,ATM,412033.41,Success
TXN002307,2025-12-26,ACC00189,CUST00080,PRD006,Debit,Mobile App,206.7,Success
TXN002308,2024-05-15,ACC00824,CUST00744,PRD015,Credit,UPI,6050.6,Success
TXN002309,2025-12-29,ACC00157,CUST00045,PRD007,Credit,UPI,20101.77,Success
TXN002310,2024-12-04,ACC00914,CUST00213,PRD011,Debit,ATM,27844.83,Failed
TXN002311,2023-06-15,ACC00311,CUST00362,PRD012,Debit,Net Banking,39505.69,Success
TXN002312,2025-11-12,ACC00481,CUST00637,PRD005,Debit,Net Banking,14546.39,Success
TXN002313,2025-05-04,ACC00568,CUST00566,PRD006,Debit,Mobile App,21395.32,Success
TXN002314,2025-07-12,ACC00653,CUST00497,PRD007,Debit,UPI,4513.19,Success
TXN002315,2025-01-05,ACC00631,CUST00008,PRD016,Debit,UPI,8286.49,Success
TXN002316,2023-01-01,ACC00321,CUST00650,PRD002,Credit,Mobile App,23283.94,Success
TXN002317,2025-05-03,ACC00316,CUST00441,PRD007,Debit,UPI,6501.6,Success
TXN002318,2023-09-09,ACC00672,CUST00237,PRD007,Credit,Mobile App,9099.6,Success
TXN002319,2023-07-27,ACC00596,CUST00514,PRD002,Debit,UPI,17319.78,Failed
TXN002320,2023-01-06,ACC00498,CUST00779,PRD014,Debit,UPI,6511.32,Success
TXN002321,2025-10-04,ACC00427,CUST00494,PRD011,Debit,POS,389762.93,Success
TXN002322,2023-03-23,ACC00585,CUST00211,PRD013,Debit,UPI,38362.56,Success
TXN002323,2025-12-29,ACC00228,CUST00519,PRD013,Credit,Mobile App,26962.3,Success
TXN002324,2025-12-16,ACC00909,CUST00694,PRD014,Debit,Mobile App,39382.1,Success
TXN002325,2023-02-14,ACC00432,CUST00133,PRD003,Credit,UPI,407168.91,Success
TXN002326,2024-01-26,ACC00932,CUST00431,PRD011,Debit,UPI,458662.34,Success
TXN002327,2025-03-15,ACC00951,CUST00591,PRD007,Debit,Net Banking,1679.48,Success
TXN002328,2024-10-11,ACC00254,CUST00664,PRD016,Credit,UPI,13416.75,Success
TXN002329,2024-06-23,ACC00830,CUST00723,PRD012,Credit,Branch,1974.56,Success
TXN002330,2025-12-18,ACC00194,CUST00798,PRD004,Debit,Net Banking,20201.15,Success
TXN002331,2025-08-07,ACC00784,CUST00158,PRD011,Debit,Mobile App,318116.04,Success
TXN002332,2024-09-06,ACC00757,CUST00344,PRD007,Debit,Mobile App,24405.82,Success
TXN002333,2023-04-13,ACC00924,CUST00087,PRD011,Debit,ATM,394767.45,Failed
TXN002334,2025-10-16,ACC00425,CUST00750,PRD011,Debit,Mobile App,197057.99,Success
TXN002335,2023-07-17,ACC00233,CUST00161,PRD006,Debit,UPI,14316.39,Success
TXN002336,2023-07-04,ACC00812,CUST00012,PRD011,Credit,Net Banking,182588.3,Success
TXN002337,2024-04-19,ACC00211,CUST00360,PRD014,Debit,UPI,23442.32,Success
TXN002338,2023-10-26,ACC00672,CUST00237,PRD016,Credit,UPI,19176.52,Success
TXN002339,2024-01-04,ACC00168,CUST00547,PRD013,Debit,Mobile App,27804.43,Success
TXN002340,2025-07-21,ACC00691,CUST00061,PRD012,Debit,UPI,39414.24,Success
TXN002341,2025-07-12,ACC00931,CUST00697,PRD001,Debit,UPI,10698.45,Success
TXN002342,2025-12-22,ACC00623,CUST00190,PRD003,Credit,UPI,339115.36,Failed
TXN002343,2025-09-30,ACC00141,CUST00622,PRD002,Debit,Net Banking,24982.09,Success
TXN002344,2025-10-16,ACC00331,CUST00176,PRD001,Credit,ATM,24380.73,Failed
TXN002345,2024-07-24,ACC00063,CUST00599,PRD010,Credit,Mobile App,215298.02,Success
TXN002346,2023-03-26,ACC00703,CUST00047,PRD013,Credit,UPI,5107.27,Success
TXN002347,2025-09-16,ACC00804,CUST00731,PRD006,Credit,Mobile App,2593.05,Success
TXN002348,2024-11-17,ACC00102,CUST00058,PRD009,Credit,POS,172789.63,Success
TXN002349,2025-12-14,ACC00281,CUST00004,PRD005,Credit,Mobile App,2063.09,Success
TXN002350,2025-11-21,ACC00966,CUST00570,PRD012,Credit,UPI,37864.61,Success
TXN002351,2025-11-01,ACC00405,CUST00233,PRD015,Debit,UPI,23386.71,Success
TXN002352,2025-01-15,ACC00785,CUST00127,PRD007,Debit,Mobile App,16481.7,Success
TXN002353,2024-07-27,ACC00473,CUST00640,PRD011,Credit,Mobile App,169708.25,Failed
TXN002354,2025-05-23,ACC00549,CUST00778,PRD010,Debit,UPI,375725.27,Success
TXN002355,2025-12-11,ACC00843,CUST00015,PRD015,Credit,UPI,199.84,Failed
TXN002356,2025-07-05,ACC00564,CUST00760,PRD001,Debit,UPI,10209.12,Success
TXN002357,2023-06-18,ACC00562,CUST00189,PRD007,Credit,UPI,22386.11,Failed
TXN002358,2025-07-14,ACC00115,CUST00048,PRD016,Credit,UPI,22962.26,Success
TXN002359,2025-07-09,ACC00938,CUST00448,PRD009,Debit,UPI,245751.52,Success
TXN002360,2024-12-23,ACC00942,CUST00379,PRD007,Debit,UPI,20572.17,Success
TXN002361,2024-05-12,ACC00249,CUST00724,PRD003,Debit,UPI,347077.38,Success
TXN002362,2025-12-18,ACC00465,CUST00638,PRD010,Debit,Mobile App,424083.29,Success
TXN002363,2025-09-12,ACC00097,CUST00096,PRD004,Credit,UPI,15370.12,Success
TXN002364,2025-07-07,ACC00137,CUST00132,PRD008,Credit,ATM,3491.64,Success
TXN002365,2025-12-17,ACC00054,CUST00407,PRD010,Debit,Mobile App,149292.91,Success
TXN002366,2025-07-04,ACC00971,CUST00274,PRD016,Debit,ATM,6449.48,Success
TXN002367,2024-08-19,ACC00624,CUST00429,PRD002,Debit,UPI,14809.36,Success
TXN002368,2025-04-13,ACC00911,CUST00332,PRD014,Debit,Net Banking,40815.09,Success
TXN002369,2025-03-12,ACC00942,CUST00379,PRD010,Debit,POS,361312.73,Success
TXN002370,2025-10-17,ACC00002,CUST00136,PRD002,Credit,UPI,1897.76,Success
TXN002371,2025-12-16,ACC00847,CUST00347,PRD005,Credit,POS,2904.08,Success
TXN002372,2025-09-09,ACC00766,CUST00524,PRD001,Credit,UPI,17435.98,Success
TXN002373,2023-09-17,ACC00861,CUST00669,PRD016,Credit,UPI,3759.99,Success
TXN002374,2023-02-23,ACC00130,CUST00671,PRD015,Debit,UPI,24433.53,Success
TXN002375,2024-12-05,ACC00562,CUST00189,PRD016,Credit,Mobile App,16611.68,Success
TXN002376,2025-06-29,ACC00680,CUST00293,PRD001,Debit,UPI,4781.22,Success
TXN002377,2024-12-09,ACC00083,CUST00091,PRD009,Debit,Branch,254678.49,Success
TXN002378,2023-03-19,ACC00187,CUST00048,PRD003,Credit,UPI,242519.6,Success
TXN002379,2025-11-27,ACC00176,CUST00642,PRD014,Credit,ATM,23208.01,Success
TXN002380,2025-05-09,ACC00631,CUST00008,PRD013,Credit,Mobile App,7464.54,Success
TXN002381,2024-03-12,ACC00031,CUST00342,PRD004,Credit,Mobile App,19663.81,Success
TXN002382,2023-12-23,ACC00063,CUST00599,PRD013,Debit,Mobile App,32390.38,Success
TXN002383,2025-11-22,ACC00242,CUST00355,PRD008,Credit,Net Banking,11973.2,Success
TXN002384,2025-11-21,ACC00329,CUST00101,PRD004,Credit,UPI,22629.68,Success
TXN002385,2025-03-17,ACC00755,CUST00628,PRD015,Credit,UPI,5549.93,Success
TXN002386,2025-10-05,ACC00899,CUST00456,PRD010,Debit,Mobile App,72715.71,Failed
TXN002387,2024-08-01,ACC00774,CUST00712,PRD007,Debit,Mobile App,6868.12,Success
TXN002388,2025-11-05,ACC00401,CUST00368,PRD010,Debit,Net Banking,29743.79,Success
TXN002389,2025-01-18,ACC00456,CUST00623,PRD012,Debit,ATM,14499.26,Success
TXN002390,2025-04-04,ACC00037,CUST00682,PRD009,Debit,Net Banking,286859.96,Success
TXN002391,2025-12-11,ACC00367,CUST00197,PRD013,Debit,Net Banking,9555.89,Success
TXN002392,2025-06-06,ACC00349,CUST00637,PRD003,Credit,Mobile App,29393.62,Success
TXN002393,2025-10-06,ACC00661,CUST00562,PRD013,Debit,Net Banking,17394.16,Success
TXN002394,2024-12-08,ACC00989,CUST00019,PRD007,Debit,UPI,18049.93,Success
TXN002395,2025-06-01,ACC00703,CUST00047,PRD014,Credit,Net Banking,10373.6,Success
TXN002396,2024-01-20,ACC00978,CUST00172,PRD004,Credit,ATM,14144.15,Success
TXN002397,2025-01-20,ACC00031,CUST00342,PRD011,Credit,Mobile App,137544.35,Success
TXN002398,2023-05-24,ACC00625,CUST00235,PRD003,Credit,UPI,135760.22,Success
TXN002399,2024-12-29,ACC00045,CUST00667,PRD011,Credit,UPI,27887.06,Failed
TXN002400,2025-12-07,ACC00382,CUST00090,PRD001,Credit,Mobile App,10327.31,Success
TXN002401,2025-05-23,ACC00873,CUST00276,PRD006,Credit,Mobile App,18491.52,Success
TXN002402,2024-06-20,ACC00739,CUST00685,PRD012,Credit,POS,36062.33,Success
TXN002403,2025-11-10,ACC00694,CUST00550,PRD015,Credit,UPI,1011.74,Success
TXN002404,2025-09-20,ACC00663,CUST00029,PRD014,Credit,Mobile App,14380.34,Success
TXN002405,2024-09-08,ACC00336,CUST00507,PRD003,Debit,Mobile App,183590.86,Success
TXN002406,2024-04-08,ACC00143,CUST00127,PRD011,Credit,UPI,399727.78,Success
TXN002407,2024-09-13,ACC00941,CUST00184,PRD005,Debit,Mobile App,1199.85,Success
TXN002408,2025-06-07,ACC00704,CUST00520,PRD002,Debit,Mobile App,17427.13,Success
TXN002409,2024-11-03,ACC00310,CUST00431,PRD005,Credit,ATM,5487.33,Success
TXN002410,2025-03-10,ACC00307,CUST00048,PRD004,Credit,UPI,14613.69,Success
TXN002411,2025-07-23,ACC00013,CUST00344,PRD011,Debit,UPI,187500.23,Success
TXN002412,2023-02-14,ACC00159,CUST00271,PRD002,Credit,Mobile App,769.79,Success
TXN002413,2025-07-20,ACC00067,CUST00446,PRD011,Credit,Mobile App,152123.81,Success
TXN002414,2024-05-22,ACC00988,CUST00581,PRD014,Credit,UPI,36755.79,Success
TXN002415,2023-01-01,ACC00527,CUST00490,PRD012,Credit,UPI,23312.33,Success
TXN002416,2023-09-03,ACC00140,CUST00754,PRD001,Debit,UPI,3035.12,Success
TXN002417,2025-10-11,ACC00773,CUST00331,PRD004,Debit,UPI,22016.14,Success
TXN002418,2025-07-24,ACC00620,CUST00135,PRD014,Credit,Net Banking,3631.77,Success
TXN002419,2025-11-25,ACC00293,CUST00795,PRD012,Debit,Mobile App,19039.51,Success
TXN002420,2025-05-06,ACC00916,CUST00796,PRD002,Debit,Net Banking,2802.26,Success
TXN002421,2025-08-06,ACC00260,CUST00057,PRD010,Debit,UPI,72051.07,Success
TXN002422,2023-12-07,ACC00793,CUST00456,PRD002,Credit,ATM,13054.52,Success
TXN002423,2024-11-04,ACC00416,CUST00222,PRD010,Debit,Net Banking,467385.12,Failed
TXN002424,2025-11-09,ACC00399,CUST00514,PRD016,Debit,Branch,22171.07,Failed
TXN002425,2024-06-06,ACC00783,CUST00422,PRD002,Credit,POS,14225.61,Success
TXN002426,2025-08-21,ACC00407,CUST00130,PRD015,Debit,Mobile App,19888.44,Success
TXN002427,2025-09-18,ACC00980,CUST00595,PRD004,Credit,UPI,18362.02,Success
TXN002428,2025-09-15,ACC00887,CUST00420,PRD003,Debit,UPI,200252.54,Success
TXN002429,2025-12-17,ACC00510,CUST00077,PRD008,Debit,Branch,2972.15,Success
TXN002430,2025-11-08,ACC00039,CUST00392,PRD006,Debit,Branch,17536.71,Success
TXN002431,2023-06-17,ACC00833,CUST00285,PRD007,Debit,UPI,22742.39,Success
TXN002432,2025-07-21,ACC00423,CUST00020,PRD014,Debit,Net Banking,26138.74,Success
TXN002433,2023-11-07,ACC00653,CUST00497,PRD016,Debit,UPI,22709.23,Success
TXN002434,2025-03-09,ACC00920,CUST00556,PRD011,Credit,Mobile App,135917.47,Success
TXN002435,2025-08-29,ACC00592,CUST00778,PRD011,Debit,UPI,144635.95,Success
TXN002436,2024-11-19,ACC00343,CUST00289,PRD005,Credit,UPI,10750.25,Success
TXN002437,2025-02-01,ACC00608,CUST00341,PRD004,Debit,UPI,5590.64,Success
TXN002438,2024-12-24,ACC00956,CUST00656,PRD005,Debit,Mobile App,1878.74,Success
TXN002439,2025-05-13,ACC00062,CUST00204,PRD016,Debit,Mobile App,8113.88,Success
TXN002440,2023-10-05,ACC00785,CUST00127,PRD003,Credit,UPI,34380.86,Success
TXN002441,2023-10-07,ACC00264,CUST00301,PRD004,Debit,Net Banking,17303.0,Success
TXN002442,2024-12-09,ACC00239,CUST00096,PRD002,Debit,Net Banking,4206.61,Success
TXN002443,2025-09-13,ACC00386,CUST00751,PRD012,Debit,Mobile App,34553.84,Success
TXN002444,2025-07-29,ACC00383,CUST00365,PRD015,Credit,ATM,22367.93,Success
TXN002445,2025-05-24,ACC00969,CUST00575,PRD012,Debit,UPI,48447.86,Success
TXN002446,2024-03-10,ACC00999,CUST00547,PRD015,Credit,UPI,9538.22,Success
TXN002447,2025-04-10,ACC00551,CUST00114,PRD006,Credit,Branch,18837.98,Success
TXN002448,2024-03-06,ACC00696,CUST00382,PRD004,Credit,UPI,15048.67,Success
TXN002449,2025-11-12,ACC00073,CUST00615,PRD001,Debit,Mobile App,22765.31,Success
TXN002450,2025-05-21,ACC00590,CUST00481,PRD012,Credit,UPI,25320.06,Success
TXN002451,2025-04-20,ACC00525,CUST00025,PRD005,Debit,UPI,12727.88,Success
TXN002452,2025-09-15,ACC00773,CUST00331,PRD005,Debit,UPI,16584.72,Success
TXN002453,2025-09-24,ACC00656,CUST00636,PRD005,Debit,UPI,2308.35,Success
TXN002454,2025-02-15,ACC00692,CUST00582,PRD013,Debit,UPI,19197.2,Success
TXN002455,2025-11-28,ACC00016,CUST00394,PRD001,Credit,Mobile App,12840.9,Success
TXN002456,2025-03-20,ACC00146,CUST00507,PRD008,Debit,UPI,7822.15,Success
TXN002457,2025-11-24,ACC00985,CUST00597,PRD013,Credit,Mobile App,27850.89,Success
TXN002458,2025-11-06,ACC00239,CUST00096,PRD013,Credit,Mobile App,12399.3,Success
TXN002459,2023-09-07,ACC00993,CUST00174,PRD006,Debit,Mobile App,8941.42,Success
TXN002460,2025-02-04,ACC00355,CUST00121,PRD011,Debit,Net Banking,477490.61,Success
TXN002461,2025-05-28,ACC00485,CUST00108,PRD016,Debit,Mobile App,1611.72,Success
TXN002462,2025-02-01,ACC00821,CUST00432,PRD006,Debit,Branch,6395.1,Success
TXN002463,2025-10-28,ACC00862,CUST00588,PRD002,Debit,ATM,18488.8,Success
TXN002464,2023-04-27,ACC00625,CUST00235,PRD006,Credit,Net Banking,16130.06,Failed
TXN002465,2024-11-28,ACC00759,CUST00281,PRD013,Debit,Mobile App,12826.26,Success
TXN002466,2025-10-25,ACC00859,CUST00391,PRD002,Credit,Net Banking,16228.79,Success
TXN002467,2024-01-16,ACC00770,CUST00227,PRD002,Credit,UPI,3623.37,Success
TXN002468,2025-07-14,ACC00069,CUST00587,PRD015,Credit,Net Banking,13090.91,Success
TXN002469,2025-09-27,ACC00277,CUST00034,PRD014,Debit,Net Banking,15230.54,Success
TXN002470,2025-11-16,ACC00522,CUST00408,PRD001,Credit,ATM,3349.71,Success
TXN002471,2025-11-23,ACC00963,CUST00771,PRD001,Debit,ATM,2691.91,Success
TXN002472,2025-11-23,ACC00418,CUST00777,PRD003,Debit,UPI,39573.85,Success
TXN002473,2024-10-21,ACC00562,CUST00189,PRD005,Credit,Branch,4001.13,Success
TXN002474,2025-11-07,ACC00900,CUST00714,PRD006,Debit,UPI,21849.33,Success
TXN002475,2024-11-08,ACC00598,CUST00184,PRD015,Credit,Net Banking,9289.29,Success
TXN002476,2025-12-02,ACC00235,CUST00705,PRD010,Debit,UPI,435424.66,Success
TXN002477,2024-01-30,ACC00247,CUST00476,PRD014,Debit,Net Banking,15732.61,Success
TXN002478,2025-05-29,ACC00393,CUST00285,PRD008,Debit,ATM,24003.3,Success
TXN002479,2025-01-25,ACC00471,CUST00613,PRD013,Debit,Branch,11680.39,Success
TXN002480,2025-04-02,ACC00015,CUST00536,PRD004,Credit,UPI,13016.8,Success
TXN002481,2025-03-07,ACC00265,CUST00292,PRD002,Debit,UPI,3442.92,Success
TXN002482,2024-05-28,ACC01000,CUST00485,PRD007,Debit,Net Banking,8564.23,Success
TXN002483,2023-01-16,ACC00516,CUST00333,PRD009,Credit,Mobile App,159860.6,Failed
TXN002484,2024-02-28,ACC00046,CUST00193,PRD012,Credit,UPI,41284.91,Failed
TXN002485,2025-10-14,ACC00139,CUST00611,PRD010,Credit,Mobile App,444070.52,Success
TXN002486,2025-12-05,ACC00730,CUST00227,PRD013,Credit,Net Banking,40394.43,Success
TXN002487,2025-08-15,ACC00778,CUST00044,PRD013,Credit,Net Banking,23589.28,Success
TXN002488,2024-10-02,ACC00421,CUST00388,PRD007,Debit,UPI,24392.2,Success
TXN002489,2024-05-15,ACC00156,CUST00568,PRD009,Credit,UPI,256438.91,Success
TXN002490,2025-10-28,ACC00277,CUST00034,PRD010,Credit,Mobile App,38821.35,Failed
TXN002491,2025-03-16,ACC00683,CUST00669,PRD005,Credit,UPI,2188.25,Success
TXN002492,2025-08-27,ACC00030,CUST00029,PRD014,Debit,Net Banking,48104.2,Success
TXN002493,2025-06-12,ACC00797,CUST00237,PRD007,Debit,UPI,21473.62,Failed
TXN002494,2025-07-18,ACC00069,CUST00587,PRD009,Debit,Net Banking,24023.34,Success
TXN002495,2024-10-25,ACC00774,CUST00712,PRD011,Debit,UPI,409129.85,Success
TXN002496,2025-03-12,ACC00075,CUST00114,PRD010,Debit,UPI,283875.41,Success
TXN002497,2024-06-03,ACC00636,CUST00318,PRD005,Debit,Mobile App,17241.08,Success
TXN002498,2024-01-28,ACC00677,CUST00105,PRD007,Credit,Mobile App,18258.6,Success
TXN002499,2023-07-01,ACC00964,CUST00779,PRD015,Debit,Mobile App,22707.63,Failed
TXN002500,2023-11-14,ACC00317,CUST00495,PRD010,Debit,ATM,208045.48,Success
TXN002501,2025-02-08,ACC00712,CUST00203,PRD009,Debit,UPI,56600.93,Success
TXN002502,2025-11-21,ACC00179,CUST00017,PRD010,Debit,ATM,326858.47,Success
TXN002503,2025-02-20,ACC00422,CUST00088,PRD005,Debit,UPI,5860.6,Success
TXN002504,2025-04-27,ACC00027,CUST00211,PRD002,Debit,UPI,3568.41,Success
TXN002505,2025-08-16,ACC00939,CUST00368,PRD009,Debit,UPI,95685.49,Success
TXN002506,2024-03-19,ACC00280,CUST00202,PRD016,Credit,Mobile App,6079.55,Success
TXN002507,2024-11-07,ACC00751,CUST00270,PRD009,Credit,UPI,142470.72,Success
TXN002508,2025-07-02,ACC00250,CUST00600,PRD002,Credit,Net Banking,3338.31,Success
TXN002509,2024-01-08,ACC00501,CUST00051,PRD004,Debit,Branch,9234.22,Success
TXN002510,2023-01-09,ACC00602,CUST00012,PRD016,Credit,Net Banking,23396.25,Success
TXN002511,2023-02-17,ACC00700,CUST00783,PRD007,Credit,POS,13031.55,Success
TXN002512,2025-12-09,ACC00853,CUST00693,PRD004,Credit,Net Banking,21178.77,Success
TXN002513,2025-12-24,ACC00845,CUST00349,PRD016,Debit,Branch,1479.15,Success
TXN002514,2025-09-08,ACC00571,CUST00604,PRD006,Debit,UPI,15224.94,Success
TXN002515,2025-07-31,ACC00535,CUST00701,PRD014,Debit,Net Banking,34402.95,Success
TXN002516,2024-10-14,ACC00492,CUST00502,PRD008,Credit,Branch,23824.39,Success
TXN002517,2025-01-13,ACC00384,CUST00622,PRD013,Debit,UPI,3076.58,Success
TXN002518,2025-08-27,ACC00331,CUST00176,PRD013,Credit,Mobile App,5884.3,Success
TXN002519,2024-11-10,ACC00339,CUST00164,PRD002,Debit,Mobile App,16139.36,Success
TXN002520,2024-06-16,ACC00905,CUST00585,PRD005,Credit,UPI,6668.2,Success
TXN002521,2025-08-18,ACC00761,CUST00319,PRD015,Debit,UPI,22419.38,Success
TXN002522,2025-04-17,ACC00186,CUST00093,PRD013,Credit,Mobile App,10106.42,Success
TXN002523,2025-12-04,ACC00660,CUST00005,PRD011,Credit,Mobile App,284138.34,Success
TXN002524,2025-07-16,ACC00809,CUST00356,PRD006,Debit,UPI,5920.31,Success
TXN002525,2025-10-26,ACC00539,CUST00443,PRD007,Credit,Net Banking,16708.94,Success
TXN002526,2025-04-29,ACC00897,CUST00233,PRD011,Credit,Net Banking,42795.81,Success
TXN002527,2024-10-16,ACC00528,CUST00269,PRD015,Credit,Mobile App,20101.83,Success
TXN002528,2023-03-15,ACC00579,CUST00158,PRD011,Credit,UPI,497774.49,Success
TXN002529,2024-10-01,ACC00638,CUST00365,PRD002,Debit,Mobile App,18929.85,Success
TXN002530,2023-03-11,ACC00346,CUST00678,PRD005,Debit,Mobile App,19189.05,Success
TXN002531,2025-11-19,ACC00491,CUST00637,PRD004,Debit,UPI,7480.65,Success
TXN002532,2025-06-01,ACC00090,CUST00503,PRD016,Debit,Mobile App,18270.98,Success
TXN002533,2024-06-02,ACC00790,CUST00447,PRD006,Debit,POS,22239.87,Success
TXN002534,2024-04-22,ACC00482,CUST00692,PRD003,Credit,Mobile App,204367.44,Success
TXN002535,2025-11-11,ACC00641,CUST00500,PRD009,Debit,UPI,69413.11,Success
TXN002536,2024-01-15,ACC00947,CUST00735,PRD001,Credit,Mobile App,15507.71,Success
TXN002537,2025-12-13,ACC00855,CUST00401,PRD002,Debit,UPI,4840.36,Success
TXN002538,2023-01-23,ACC00011,CUST00265,PRD016,Credit,Net Banking,7431.35,Success
TXN002539,2023-11-12,ACC00836,CUST00598,PRD015,Credit,POS,14040.23,Success
TXN002540,2025-05-22,ACC00375,CUST00068,PRD015,Debit,Mobile App,24751.56,Success
TXN002541,2025-03-25,ACC00413,CUST00418,PRD010,Credit,UPI,386619.98,Success
TXN002542,2025-01-10,ACC00650,CUST00026,PRD011,Debit,UPI,379652.75,Success
TXN002543,2024-09-03,ACC00697,CUST00146,PRD009,Credit,Branch,269597.01,Success
TXN002544,2025-09-22,ACC00772,CUST00506,PRD016,Credit,Net Banking,9108.86,Success
TXN002545,2025-06-13,ACC00536,CUST00338,PRD001,Credit,POS,22436.94,Success
TXN002546,2025-05-13,ACC00446,CUST00401,PRD006,Debit,ATM,20717.54,Failed
TXN002547,2025-10-05,ACC00103,CUST00313,PRD001,Debit,POS,3033.35,Success
TXN002548,2025-07-29,ACC00731,CUST00604,PRD002,Credit,Net Banking,8599.36,Success
TXN002549,2023-05-24,ACC00269,CUST00367,PRD013,Debit,ATM,29730.35,Success
TXN002550,2024-12-07,ACC00554,CUST00128,PRD010,Credit,Net Banking,147698.5,Success
TXN002551,2025-02-17,ACC00698,CUST00748,PRD012,Debit,UPI,20642.78,Success
TXN002552,2025-12-24,ACC00524,CUST00226,PRD012,Credit,ATM,24355.49,Success
TXN002553,2025-11-24,ACC00628,CUST00413,PRD010,Credit,Net Banking,89944.43,Success
TXN002554,2025-04-09,ACC00509,CUST00129,PRD005,Credit,Mobile App,24513.81,Success
TXN002555,2025-09-25,ACC00477,CUST00151,PRD014,Debit,UPI,13718.83,Success
TXN002556,2025-10-27,ACC00755,CUST00628,PRD012,Debit,UPI,15881.76,Success
TXN002557,2025-05-25,ACC00250,CUST00600,PRD006,Debit,Mobile App,833.41,Success
TXN002558,2025-12-11,ACC00868,CUST00548,PRD003,Debit,Mobile App,23126.4,Success
TXN002559,2024-11-11,ACC00436,CUST00354,PRD009,Debit,Mobile App,444912.22,Success
TXN002560,2023-11-06,ACC00521,CUST00592,PRD015,Credit,UPI,19105.02,Success
TXN002561,2025-07-12,ACC00165,CUST00229,PRD004,Credit,UPI,20376.41,Success
TXN002562,2024-07-14,ACC00990,CUST00426,PRD013,Credit,POS,2871.85,Success
TXN002563,2023-05-29,ACC00614,CUST00331,PRD010,Credit,Mobile App,154038.6,Success
TXN002564,2025-06-01,ACC00118,CUST00549,PRD011,Credit,Mobile App,174268.54,Success
TXN002565,2024-07-23,ACC00070,CUST00766,PRD009,Credit,Net Banking,270467.7,Success
TXN002566,2024-10-21,ACC00149,CUST00531,PRD011,Debit,Branch,320949.28,Success
TXN002567,2024-03-31,ACC00227,CUST00679,PRD010,Credit,UPI,149658.32,Success
TXN002568,2025-12-27,ACC00208,CUST00451,PRD010,Debit,Mobile App,207554.22,Success
TXN002569,2025-03-14,ACC00854,CUST00470,PRD012,Credit,Branch,36438.05,Success
TXN002570,2023-08-18,ACC00672,CUST00237,PRD011,Debit,Mobile App,85852.69,Success
TXN002571,2023-11-27,ACC00362,CUST00114,PRD001,Credit,Net Banking,12353.14,Success
TXN002572,2023-02-16,ACC00750,CUST00006,PRD012,Debit,Mobile App,2860.91,Success
TXN002573,2025-08-22,ACC00956,CUST00656,PRD004,Credit,Net Banking,19250.92,Success
TXN002574,2024-11-04,ACC00548,CUST00073,PRD012,Credit,UPI,26910.03,Success
TXN002575,2025-07-31,ACC00647,CUST00347,PRD005,Credit,UPI,5879.62,Success
TXN002576,2025-11-09,ACC00707,CUST00527,PRD012,Debit,POS,35888.49,Success
TXN002577,2025-12-14,ACC00524,CUST00226,PRD011,Credit,UPI,72182.38,Failed
TXN002578,2024-09-12,ACC00463,CUST00455,PRD006,Debit,UPI,21253.68,Success
TXN002579,2025-01-24,ACC00511,CUST00292,PRD002,Debit,UPI,15112.89,Success
TXN002580,2025-02-18,ACC00347,CUST00615,PRD003,Credit,UPI,134227.03,Success
TXN002581,2025-04-08,ACC00604,CUST00034,PRD015,Credit,Net Banking,12444.13,Success
TXN002582,2024-10-14,ACC00483,CUST00745,PRD004,Debit,UPI,5534.52,Success
TXN002583,2024-05-23,ACC00046,CUST00193,PRD012,Credit,Net Banking,13597.63,Success
TXN002584,2025-07-31,ACC00729,CUST00194,PRD001,Credit,POS,8143.26,Success
TXN002585,2025-06-02,ACC00844,CUST00676,PRD008,Credit,UPI,24329.66,Success
TXN002586,2024-01-24,ACC00790,CUST00447,PRD001,Credit,UPI,5989.04,Failed
TXN002587,2024-07-22,ACC00396,CUST00314,PRD001,Credit,UPI,11812.91,Success
TXN002588,2025-12-13,ACC00188,CUST00772,PRD011,Credit,UPI,399649.68,Success
TXN002589,2025-07-30,ACC00788,CUST00557,PRD005,Debit,UPI,448.94,Success
TXN002590,2023-06-15,ACC00927,CUST00673,PRD002,Credit,UPI,20533.81,Success
TXN002591,2025-04-26,ACC00981,CUST00326,PRD004,Debit,UPI,6601.35,Success
TXN002592,2024-07-18,ACC00478,CUST00275,PRD007,Debit,Mobile App,8569.43,Success
TXN002593,2025-01-03,ACC00044,CUST00064,PRD001,Debit,Net Banking,11004.48,Success
TXN002594,2025-04-28,ACC00901,CUST00108,PRD005,Debit,ATM,20581.35,Success
TXN002595,2025-10-11,ACC00506,CUST00555,PRD006,Credit,UPI,13633.44,Success
TXN002596,2025-06-05,ACC00655,CUST00456,PRD008,Debit,Mobile App,14353.39,Success
TXN002597,2025-07-18,ACC00845,CUST00349,PRD001,Credit,Net Banking,17600.2,Success
TXN002598,2025-08-21,ACC00826,CUST00667,PRD008,Debit,Mobile App,23184.92,Success
TXN002599,2023-05-02,ACC00282,CUST00130,PRD013,Credit,Mobile App,43114.75,Success
TXN002600,2024-08-16,ACC00061,CUST00510,PRD002,Credit,Branch,20209.38,Success
TXN002601,2025-08-05,ACC00631,CUST00008,PRD004,Debit,UPI,9465.31,Success
TXN002602,2025-10-07,ACC00146,CUST00507,PRD002,Credit,Net Banking,5675.31,Success
TXN002603,2025-05-20,ACC00053,CUST00354,PRD015,Credit,Net Banking,9894.58,Success
TXN002604,2025-08-28,ACC00786,CUST00695,PRD014,Debit,UPI,27184.19,Success
TXN002605,2023-11-04,ACC00978,CUST00172,PRD004,Credit,UPI,14278.85,Success
TXN002606,2024-03-07,ACC00127,CUST00575,PRD014,Debit,Mobile App,9123.63,Success
TXN002607,2024-11-20,ACC00615,CUST00716,PRD006,Debit,UPI,24226.02,Success
TXN002608,2025-10-25,ACC00125,CUST00308,PRD012,Debit,POS,26945.85,Success
TXN002609,2025-11-07,ACC00701,CUST00365,PRD015,Debit,UPI,13592.26,Success
TXN002610,2025-07-07,ACC00904,CUST00614,PRD002,Debit,ATM,3259.16,Failed
TXN002611,2025-05-01,ACC00474,CUST00146,PRD009,Debit,ATM,476671.99,Success
TXN002612,2025-07-12,ACC00595,CUST00554,PRD007,Debit,UPI,10885.46,Success
TXN002613,2025-05-08,ACC00099,CUST00716,PRD007,Debit,Net Banking,24229.73,Success
TXN002614,2025-08-20,ACC00825,CUST00417,PRD001,Debit,UPI,21168.77,Success
TXN002615,2023-10-06,ACC00545,CUST00067,PRD002,Debit,Mobile App,2191.95,Success
TXN002616,2025-12-16,ACC00189,CUST00080,PRD012,Credit,Mobile App,48140.28,Success
TXN002617,2025-06-08,ACC00302,CUST00273,PRD007,Debit,UPI,2382.48,Success
TXN002618,2023-01-01,ACC00223,CUST00124,PRD009,Debit,UPI,234838.0,Success
TXN002619,2025-03-26,ACC00551,CUST00114,PRD003,Credit,Mobile App,109645.3,Failed
TXN002620,2025-08-02,ACC00904,CUST00614,PRD006,Debit,Mobile App,2042.0,Success
TXN002621,2024-06-28,ACC00008,CUST00624,PRD005,Debit,Net Banking,11589.01,Success
TXN002622,2024-03-31,ACC00616,CUST00012,PRD009,Debit,Mobile App,431371.41,Success
TXN002623,2025-04-22,ACC00397,CUST00775,PRD007,Debit,Mobile App,21153.23,Success
TXN002624,2024-05-09,ACC00590,CUST00481,PRD008,Debit,UPI,4984.22,Success
TXN002625,2025-03-14,ACC00553,CUST00631,PRD009,Debit,UPI,172761.85,Success
TXN002626,2024-09-29,ACC00176,CUST00642,PRD011,Debit,UPI,320096.08,Success
TXN002627,2024-10-30,ACC00136,CUST00093,PRD006,Credit,UPI,844.45,Success
TXN002628,2023-10-13,ACC00183,CUST00338,PRD014,Debit,UPI,19356.49,Failed
TXN002629,2024-02-12,ACC00235,CUST00705,PRD011,Debit,Net Banking,34704.39,Success
TXN002630,2025-04-06,ACC00880,CUST00161,PRD002,Credit,UPI,19481.64,Success
TXN002631,2025-10-24,ACC00679,CUST00637,PRD008,Credit,UPI,23362.35,Success
TXN002632,2025-02-08,ACC00340,CUST00779,PRD011,Credit,Mobile App,189449.57,Success
TXN002633,2023-11-30,ACC00063,CUST00599,PRD009,Debit,UPI,324295.53,Success
TXN002634,2025-08-02,ACC00086,CUST00232,PRD013,Credit,Mobile App,13828.0,Success
TXN002635,2024-04-06,ACC00201,CUST00521,PRD006,Credit,ATM,4944.74,Success
TXN002636,2023-09-07,ACC00409,CUST00610,PRD002,Debit,Branch,8570.63,Failed
TXN002637,2025-11-26,ACC00754,CUST00438,PRD007,Credit,UPI,8264.23,Success
TXN002638,2024-10-05,ACC00688,CUST00113,PRD015,Debit,UPI,12134.24,Failed
TXN002639,2024-06-22,ACC00070,CUST00766,PRD008,Debit,UPI,14428.55,Success
TXN002640,2025-06-19,ACC00334,CUST00764,PRD013,Credit,Mobile App,11502.39,Success
TXN002641,2023-11-20,ACC00719,CUST00614,PRD015,Debit,Net Banking,5666.49,Success
TXN002642,2025-05-20,ACC00021,CUST00211,PRD007,Debit,Mobile App,9841.36,Success
TXN002643,2024-08-27,ACC00688,CUST00113,PRD008,Credit,POS,6644.95,Success
TXN002644,2023-02-02,ACC00849,CUST00444,PRD014,Credit,ATM,30689.25,Success
TXN002645,2024-08-19,ACC00327,CUST00725,PRD015,Debit,Net Banking,6616.5,Success
TXN002646,2024-04-02,ACC00916,CUST00796,PRD006,Credit,UPI,21955.98,Success
TXN002647,2025-07-31,ACC00450,CUST00523,PRD012,Debit,ATM,41703.66,Success
TXN002648,2025-11-18,ACC00535,CUST00701,PRD013,Debit,Mobile App,10357.82,Success
TXN002649,2025-04-05,ACC00406,CUST00584,PRD012,Debit,UPI,39775.85,Success
TXN002650,2023-12-11,ACC00434,CUST00716,PRD012,Credit,UPI,4866.26,Success
TXN002651,2025-12-18,ACC00810,CUST00049,PRD011,Credit,UPI,117102.65,Success
TXN002652,2025-05-07,ACC00316,CUST00441,PRD014,Credit,UPI,11116.15,Success
TXN002653,2023-02-07,ACC00214,CUST00617,PRD014,Credit,Net Banking,5320.21,Failed
TXN002654,2025-12-10,ACC00606,CUST00407,PRD012,Debit,Mobile App,1294.81,Success
TXN002655,2025-09-28,ACC00328,CUST00349,PRD005,Debit,POS,21620.04,Success
TXN002656,2024-12-03,ACC00121,CUST00369,PRD003,Debit,UPI,61825.77,Success
TXN002657,2025-11-16,ACC00715,CUST00693,PRD010,Debit,UPI,274021.82,Success
TXN002658,2025-08-28,ACC00811,CUST00038,PRD009,Debit,Net Banking,289513.09,Success
TXN002659,2025-08-01,ACC00794,CUST00666,PRD010,Debit,ATM,23228.73,Success
TXN002660,2024-01-19,ACC00596,CUST00514,PRD016,Credit,UPI,13989.34,Success
TXN002661,2025-08-11,ACC00792,CUST00027,PRD003,Debit,Mobile App,468883.51,Success
TXN002662,2025-01-27,ACC00568,CUST00566,PRD003,Debit,Branch,219719.89,Success
TXN002663,2025-03-16,ACC00931,CUST00697,PRD006,Debit,ATM,10446.27,Success
TXN002664,2024-07-18,ACC00082,CUST00244,PRD010,Debit,Mobile App,434044.49,Success
TXN002665,2025-09-01,ACC00508,CUST00114,PRD010,Credit,Net Banking,491913.89,Success
TXN002666,2024-10-31,ACC00449,CUST00420,PRD016,Debit,UPI,18348.91,Success
TXN002667,2025-03-04,ACC00173,CUST00428,PRD002,Credit,UPI,19711.43,Success
TXN002668,2025-12-19,ACC00058,CUST00434,PRD011,Debit,UPI,166180.02,Success
TXN002669,2025-09-06,ACC00567,CUST00055,PRD015,Debit,UPI,17360.19,Success
TXN002670,2023-01-09,ACC00675,CUST00410,PRD014,Debit,UPI,809.75,Failed
TXN002671,2025-05-18,ACC00983,CUST00477,PRD002,Credit,UPI,16015.21,Success
TXN002672,2024-05-27,ACC00312,CUST00218,PRD016,Debit,ATM,5986.89,Success
TXN002673,2025-10-04,ACC00760,CUST00067,PRD004,Debit,ATM,2981.77,Failed
TXN002674,2025-08-19,ACC00874,CUST00686,PRD008,Credit,UPI,8167.02,Success
TXN002675,2024-09-04,ACC00730,CUST00227,PRD005,Debit,Mobile App,10699.5,Success
TXN002676,2024-12-06,ACC00463,CUST00455,PRD011,Debit,Net Banking,156494.23,Success
TXN002677,2025-01-06,ACC00505,CUST00462,PRD012,Debit,Mobile App,31188.13,Success
TXN002678,2025-12-13,ACC00961,CUST00745,PRD006,Debit,UPI,17289.98,Failed
TXN002679,2025-11-10,ACC00575,CUST00716,PRD016,Debit,Mobile App,19741.81,Success
TXN002680,2025-05-12,ACC00501,CUST00051,PRD011,Debit,UPI,378512.05,Success
TXN002681,2025-12-13,ACC00524,CUST00226,PRD016,Credit,ATM,17621.74,Failed
TXN002682,2025-09-02,ACC00111,CUST00272,PRD002,Debit,UPI,1832.87,Failed
TXN002683,2023-01-31,ACC00700,CUST00783,PRD009,Credit,ATM,407709.99,Success
TXN002684,2023-08-25,ACC00161,CUST00079,PRD012,Credit,UPI,6751.62,Success
TXN002685,2023-11-27,ACC00011,CUST00265,PRD016,Debit,ATM,15710.11,Success
TXN002686,2023-02-10,ACC00533,CUST00602,PRD010,Debit,UPI,445031.42,Success
TXN002687,2025-09-05,ACC00584,CUST00781,PRD015,Debit,Mobile App,5178.53,Success
TXN002688,2025-10-18,ACC00888,CUST00592,PRD007,Debit,UPI,19196.68,Success
TXN002689,2025-03-21,ACC00094,CUST00370,PRD010,Credit,Net Banking,104931.76,Success
TXN002690,2024-01-01,ACC00627,CUST00765,PRD006,Credit,UPI,6582.48,Success
TXN002691,2025-12-22,ACC00273,CUST00161,PRD006,Debit,Mobile App,3478.1,Success
TXN002692,2025-04-15,ACC00371,CUST00547,PRD001,Credit,Mobile App,3646.9,Success
TXN002693,2023-04-12,ACC00964,CUST00779,PRD012,Credit,ATM,37224.12,Success
TXN002694,2025-07-23,ACC00448,CUST00212,PRD009,Credit,Net Banking,69079.97,Success
TXN002695,2024-07-24,ACC00454,CUST00033,PRD003,Credit,ATM,480968.28,Success
TXN002696,2024-08-16,ACC00070,CUST00766,PRD014,Debit,UPI,11145.89,Success
TXN002697,2025-10-25,ACC00194,CUST00798,PRD012,Credit,Net Banking,28442.0,Success
TXN002698,2024-11-10,ACC00051,CUST00766,PRD009,Debit,UPI,34047.95,Success
TXN002699,2025-03-30,ACC00035,CUST00756,PRD012,Credit,UPI,45527.26,Failed
TXN002700,2024-10-10,ACC00272,CUST00129,PRD014,Credit,Mobile App,5490.1,Success
TXN002701,2023-09-22,ACC00126,CUST00180,PRD006,Credit,UPI,1976.54,Success
TXN002702,2025-04-27,ACC00790,CUST00447,PRD013,Credit,Mobile App,44886.97,Success
TXN002703,2025-11-04,ACC00069,CUST00587,PRD005,Credit,UPI,19754.86,Failed
TXN002704,2025-12-28,ACC00711,CUST00629,PRD008,Debit,Mobile App,23498.43,Success
TXN002705,2024-02-22,ACC00501,CUST00051,PRD010,Credit,UPI,242253.17,Success
TXN002706,2025-09-23,ACC00679,CUST00637,PRD007,Debit,Mobile App,9887.74,Success
TXN002707,2024-02-13,ACC00022,CUST00040,PRD009,Credit,UPI,435407.92,Success
TXN002708,2025-10-10,ACC00386,CUST00751,PRD003,Debit,POS,363435.63,Success
TXN002709,2025-08-01,ACC00279,CUST00268,PRD008,Credit,ATM,21213.8,Success
TXN002710,2023-04-03,ACC00389,CUST00542,PRD005,Debit,UPI,11059.53,Success
TXN002711,2025-03-28,ACC00884,CUST00135,PRD016,Credit,UPI,14937.81,Success
TXN002712,2024-04-29,ACC00976,CUST00521,PRD010,Debit,Branch,122833.85,Success
TXN002713,2024-01-31,ACC00960,CUST00233,PRD001,Debit,ATM,23785.78,Success
TXN002714,2025-07-20,ACC00697,CUST00146,PRD010,Debit,Mobile App,33477.62,Success
TXN002715,2025-04-25,ACC00777,CUST00691,PRD011,Debit,POS,194867.49,Success
TXN002716,2024-11-13,ACC00990,CUST00426,PRD015,Debit,Net Banking,4792.17,Success
TXN002717,2025-05-31,ACC00997,CUST00286,PRD015,Credit,UPI,12274.74,Success
TXN002718,2025-09-14,ACC00182,CUST00273,PRD002,Debit,Net Banking,12636.17,Success
TXN002719,2024-08-11,ACC00959,CUST00076,PRD011,Debit,Mobile App,352793.41,Success
TXN002720,2025-12-12,ACC00871,CUST00439,PRD013,Debit,ATM,18189.53,Success
TXN002721,2025-03-07,ACC00699,CUST00715,PRD014,Credit,Mobile App,40035.26,Success
TXN002722,2024-11-18,ACC00053,CUST00354,PRD016,Debit,Net Banking,1106.9,Success
TXN002723,2025-01-30,ACC00890,CUST00785,PRD007,Credit,POS,9757.49,Success
TXN002724,2024-03-19,ACC00601,CUST00620,PRD003,Credit,Mobile App,173952.39,Success
TXN002725,2025-10-18,ACC00507,CUST00008,PRD001,Credit,UPI,23856.95,Success
TXN002726,2025-06-29,ACC00485,CUST00108,PRD014,Debit,Mobile App,5131.68,Success
TXN002727,2025-06-22,ACC00431,CUST00377,PRD012,Debit,Mobile App,46379.66,Success
TXN002728,2025-04-03,ACC00461,CUST00716,PRD006,Debit,Net Banking,2402.63,Success
TXN002729,2025-09-29,ACC00551,CUST00114,PRD008,Credit,UPI,12833.39,Success
TXN002730,2024-11-06,ACC00064,CUST00629,PRD009,Credit,ATM,296743.6,Success
TXN002731,2025-03-15,ACC00074,CUST00135,PRD006,Debit,UPI,12546.64,Success
TXN002732,2023-10-05,ACC00588,CUST00298,PRD004,Debit,UPI,15868.94,Success
TXN002733,2024-06-07,ACC00808,CUST00186,PRD014,Debit,UPI,43403.18,Success
TXN002734,2024-07-20,ACC00211,CUST00360,PRD007,Debit,POS,18841.23,Success
TXN002735,2024-06-13,ACC00066,CUST00211,PRD016,Credit,UPI,16868.6,Success
TXN002736,2024-02-07,ACC00107,CUST00697,PRD004,Credit,UPI,22840.8,Success
TXN002737,2025-09-15,ACC00655,CUST00456,PRD010,Credit,Mobile App,85273.65,Success
TXN002738,2025-10-14,ACC00232,CUST00076,PRD009,Credit,Net Banking,230065.75,Success
TXN002739,2023-09-12,ACC00940,CUST00424,PRD003,Credit,Branch,122762.83,Success
TXN002740,2024-04-26,ACC00600,CUST00182,PRD010,Credit,UPI,120032.92,Success
TXN002741,2025-04-04,ACC00970,CUST00145,PRD003,Credit,UPI,339269.02,Success
TXN002742,2025-05-16,ACC00694,CUST00550,PRD008,Credit,Mobile App,19646.53,Success
TXN002743,2024-05-03,ACC00745,CUST00369,PRD009,Credit,UPI,288025.57,Success
TXN002744,2025-07-04,ACC00256,CUST00720,PRD015,Credit,Mobile App,21510.11,Success
TXN002745,2024-07-30,ACC00985,CUST00597,PRD002,Debit,UPI,14948.45,Success
TXN002746,2025-10-31,ACC00024,CUST00580,PRD007,Credit,UPI,4921.98,Success
TXN002747,2025-09-12,ACC00813,CUST00262,PRD007,Debit,POS,9574.34,Success
TXN002748,2025-12-03,ACC00918,CUST00680,PRD009,Debit,ATM,20593.32,Success
TXN002749,2025-01-04,ACC00116,CUST00660,PRD006,Debit,Net Banking,8696.45,Success
TXN002750,2023-10-16,ACC00227,CUST00679,PRD015,Debit,Mobile App,19431.44,Success
TXN002751,2023-08-17,ACC00218,CUST00475,PRD009,Credit,Mobile App,111563.09,Success
TXN002752,2024-06-30,ACC00542,CUST00274,PRD016,Debit,Mobile App,9745.48,Success
TXN002753,2024-04-26,ACC00022,CUST00040,PRD004,Debit,UPI,6558.0,Success
TXN002754,2025-10-16,ACC00290,CUST00522,PRD011,Credit,Net Banking,87606.0,Success
TXN002755,2024-06-20,ACC00927,CUST00673,PRD010,Credit,UPI,314840.55,Success
TXN002756,2025-12-01,ACC00838,CUST00044,PRD012,Credit,Mobile App,8734.42,Success
TXN002757,2025-06-21,ACC00684,CUST00596,PRD008,Debit,Mobile App,2225.8,Success
TXN002758,2025-10-12,ACC00865,CUST00634,PRD007,Credit,Mobile App,3336.69,Success
TXN002759,2025-09-12,ACC00813,CUST00262,PRD010,Debit,Mobile App,71379.05,Failed
TXN002760,2023-05-20,ACC00264,CUST00301,PRD005,Credit,POS,21976.82,Success
TXN002761,2023-02-21,ACC00332,CUST00154,PRD015,Debit,UPI,21674.71,Success
TXN002762,2023-12-19,ACC00990,CUST00426,PRD014,Credit,UPI,18477.75,Success
TXN002763,2025-08-11,ACC00479,CUST00733,PRD015,Debit,POS,19233.47,Success
TXN002764,2025-07-22,ACC00196,CUST00519,PRD006,Debit,Mobile App,15610.37,Success
TXN002765,2023-12-20,ACC00901,CUST00108,PRD009,Credit,Mobile App,187055.42,Success
TXN002766,2023-08-21,ACC00409,CUST00610,PRD008,Credit,ATM,6356.9,Failed
TXN002767,2024-06-21,ACC00861,CUST00669,PRD009,Debit,UPI,241638.02,Success
TXN002768,2025-08-17,ACC00577,CUST00408,PRD006,Credit,UPI,3050.89,Success
TXN002769,2025-11-23,ACC00828,CUST00284,PRD012,Debit,UPI,40401.79,Success
TXN002770,2024-04-12,ACC00263,CUST00399,PRD011,Debit,Mobile App,235676.37,Success
TXN002771,2025-12-18,ACC00439,CUST00097,PRD015,Credit,Branch,10652.75,Success
TXN002772,2025-05-29,ACC00702,CUST00259,PRD015,Credit,UPI,18196.4,Success
TXN002773,2024-06-11,ACC00410,CUST00779,PRD002,Credit,UPI,21723.97,Success
TXN002774,2025-03-07,ACC00967,CUST00732,PRD007,Credit,UPI,2202.43,Success
TXN002775,2025-12-13,ACC00966,CUST00570,PRD007,Debit,Mobile App,1441.69,Success
TXN002776,2023-02-14,ACC00516,CUST00333,PRD010,Debit,UPI,410238.63,Failed
TXN002777,2024-01-21,ACC00102,CUST00058,PRD013,Credit,POS,24855.64,Failed
TXN002778,2025-02-04,ACC00583,CUST00356,PRD015,Credit,Mobile App,4994.18,Success
TXN002779,2025-12-27,ACC00933,CUST00184,PRD015,Credit,Mobile App,21499.17,Success
TXN002780,2024-08-17,ACC00261,CUST00154,PRD003,Debit,Mobile App,306156.94,Success
TXN002781,2025-03-30,ACC00062,CUST00204,PRD016,Credit,UPI,8410.69,Success
TXN002782,2025-11-17,ACC00085,CUST00676,PRD010,Debit,ATM,311342.09,Success
TXN002783,2025-10-04,ACC00378,CUST00484,PRD007,Credit,ATM,23057.03,Failed
TXN002784,2025-06-26,ACC00715,CUST00693,PRD011,Debit,ATM,91478.51,Success
TXN002785,2024-12-28,ACC00502,CUST00175,PRD011,Credit,UPI,86346.57,Success
TXN002786,2025-09-06,ACC00128,CUST00711,PRD016,Debit,UPI,6723.51,Success
TXN002787,2025-12-10,ACC00052,CUST00351,PRD001,Credit,UPI,15708.26,Failed
TXN002788,2023-08-25,ACC00121,CUST00369,PRD008,Credit,UPI,11228.59,Success
TXN002789,2025-08-10,ACC00566,CUST00520,PRD015,Credit,Mobile App,1030.03,Success
TXN002790,2024-06-19,ACC00022,CUST00040,PRD011,Debit,UPI,388770.89,Success
TXN002791,2023-03-13,ACC00453,CUST00736,PRD002,Debit,ATM,17528.35,Success
TXN002792,2025-06-30,ACC00002,CUST00136,PRD008,Debit,Net Banking,7944.67,Success
TXN002793,2025-11-08,ACC00791,CUST00066,PRD009,Debit,Net Banking,102617.87,Success
TXN002794,2024-12-07,ACC00829,CUST00408,PRD005,Credit,Mobile App,14782.18,Success
TXN002795,2024-09-19,ACC00646,CUST00298,PRD007,Debit,Mobile App,22823.14,Success
TXN002796,2025-07-24,ACC00608,CUST00341,PRD010,Debit,Mobile App,127366.75,Success
TXN002797,2023-03-07,ACC00332,CUST00154,PRD011,Credit,Mobile App,77733.41,Success
TXN002798,2025-11-22,ACC00331,CUST00176,PRD005,Credit,Mobile App,2641.18,Success
TXN002799,2025-06-01,ACC00843,CUST00015,PRD015,Debit,POS,12175.39,Success
TXN002800,2025-02-27,ACC00929,CUST00426,PRD003,Debit,Mobile App,139156.07,Success
TXN002801,2024-10-25,ACC00470,CUST00662,PRD003,Debit,Net Banking,121249.0,Success
TXN002802,2025-10-27,ACC00801,CUST00668,PRD012,Debit,Mobile App,14810.74,Success
TXN002803,2025-08-19,ACC00626,CUST00236,PRD003,Debit,UPI,407366.44,Success
TXN002804,2024-09-15,ACC00590,CUST00481,PRD012,Credit,ATM,44229.54,Success
TXN002805,2024-05-07,ACC00219,CUST00335,PRD016,Debit,POS,5437.12,Success
TXN002806,2025-10-22,ACC00998,CUST00095,PRD016,Credit,Mobile App,21121.85,Success
TXN002807,2024-09-02,ACC00070,CUST00766,PRD006,Credit,Mobile App,16552.82,Success
TXN002808,2025-08-17,ACC00374,CUST00292,PRD014,Debit,Mobile App,13344.83,Success
TXN002809,2025-07-18,ACC00202,CUST00025,PRD003,Debit,Branch,487154.96,Success
TXN002810,2025-09-24,ACC00803,CUST00415,PRD006,Credit,UPI,15418.72,Success
TXN002811,2025-10-31,ACC00378,CUST00484,PRD011,Credit,Mobile App,300662.22,Failed
TXN002812,2023-12-18,ACC00925,CUST00436,PRD001,Debit,ATM,11166.97,Success
TXN002813,2024-05-20,ACC00778,CUST00044,PRD016,Credit,ATM,14732.42,Success
TXN002814,2025-12-11,ACC00189,CUST00080,PRD014,Credit,Net Banking,41107.25,Success
TXN002815,2025-11-15,ACC00783,CUST00422,PRD006,Credit,Mobile App,6574.89,Success
TXN002816,2025-09-01,ACC00988,CUST00581,PRD007,Debit,UPI,23675.4,Success
TXN002817,2025-09-17,ACC00831,CUST00070,PRD016,Debit,Mobile App,5905.13,Success
TXN002818,2025-01-07,ACC00546,CUST00360,PRD002,Debit,POS,23319.42,Success
TXN002819,2025-09-30,ACC00175,CUST00744,PRD009,Debit,UPI,279245.59,Success
TXN002820,2025-12-06,ACC00510,CUST00077,PRD013,Credit,UPI,41526.13,Success
TXN002821,2025-10-06,ACC00268,CUST00390,PRD013,Credit,UPI,15328.01,Success
TXN002822,2025-08-30,ACC00462,CUST00699,PRD004,Credit,Net Banking,23360.3,Success
TXN002823,2025-10-13,ACC00160,CUST00708,PRD011,Credit,Mobile App,149799.74,Success
TXN002824,2025-02-18,ACC00148,CUST00312,PRD011,Credit,Net Banking,262249.62,Success
TXN002825,2025-05-08,ACC00626,CUST00236,PRD004,Credit,Net Banking,24976.3,Success
TXN002826,2024-12-21,ACC00638,CUST00365,PRD009,Debit,Mobile App,148224.54,Success
TXN002827,2024-12-22,ACC00650,CUST00026,PRD001,Debit,UPI,22627.57,Success
TXN002828,2025-04-20,ACC00829,CUST00408,PRD007,Credit,Mobile App,10736.03,Success
TXN002829,2025-11-20,ACC00538,CUST00098,PRD005,Debit,Mobile App,12238.92,Success
TXN002830,2023-10-07,ACC00726,CUST00469,PRD001,Debit,ATM,5680.85,Success
TXN002831,2025-01-12,ACC00354,CUST00455,PRD010,Debit,UPI,240914.96,Success
TXN002832,2024-04-16,ACC00688,CUST00113,PRD012,Debit,ATM,20208.83,Success
TXN002833,2024-10-22,ACC00461,CUST00716,PRD009,Credit,UPI,222383.61,Success
TXN002834,2025-11-16,ACC00265,CUST00292,PRD001,Debit,ATM,13715.28,Success
TXN002835,2023-05-12,ACC00905,CUST00585,PRD015,Debit,Branch,6714.55,Success
TXN002836,2025-12-02,ACC00968,CUST00704,PRD014,Debit,UPI,8070.99,Success
TXN002837,2024-05-25,ACC00428,CUST00181,PRD015,Credit,UPI,23342.1,Success
TXN002838,2024-02-07,ACC00343,CUST00289,PRD015,Debit,UPI,6952.91,Success
TXN002839,2024-09-25,ACC00305,CUST00643,PRD001,Debit,UPI,24007.84,Failed
TXN002840,2024-10-29,ACC00674,CUST00392,PRD010,Debit,UPI,354410.16,Success
TXN002841,2025-09-19,ACC00586,CUST00279,PRD013,Credit,UPI,49258.12,Success
TXN002842,2025-10-14,ACC00935,CUST00118,PRD001,Credit,UPI,13227.51,Failed
TXN002843,2024-05-01,ACC00338,CUST00667,PRD002,Debit,UPI,20842.21,Success
TXN002844,2025-06-29,ACC00449,CUST00420,PRD004,Credit,UPI,2912.36,Failed
TXN002845,2025-09-30,ACC00279,CUST00268,PRD009,Debit,POS,337366.94,Success
TXN002846,2024-08-11,ACC00877,CUST00261,PRD015,Debit,Mobile App,20536.64,Success
TXN002847,2024-03-07,ACC00769,CUST00303,PRD001,Credit,Mobile App,11930.25,Success
TXN002848,2025-09-22,ACC00261,CUST00154,PRD001,Credit,UPI,6290.77,Success
TXN002849,2025-05-31,ACC00610,CUST00349,PRD002,Debit,UPI,10075.15,Success
TXN002850,2024-04-23,ACC00742,CUST00535,PRD016,Debit,Net Banking,9071.87,Success
TXN002851,2024-03-30,ACC00417,CUST00505,PRD016,Debit,Net Banking,6628.35,Success
TXN002852,2025-09-12,ACC00158,CUST00633,PRD007,Debit,Mobile App,21838.74,Success
TXN002853,2024-06-29,ACC00999,CUST00547,PRD013,Debit,UPI,21111.35,Success
TXN002854,2025-11-11,ACC00859,CUST00391,PRD004,Debit,Mobile App,22424.74,Success
TXN002855,2024-12-19,ACC00979,CUST00375,PRD002,Debit,UPI,17534.85,Success
TXN002856,2023-04-19,ACC00014,CUST00701,PRD010,Debit,Mobile App,40078.83,Success
TXN002857,2025-08-24,ACC00765,CUST00519,PRD008,Debit,Branch,10077.55,Success
TXN002858,2023-06-07,ACC00929,CUST00426,PRD014,Debit,UPI,22421.12,Success
TXN002859,2025-10-29,ACC00323,CUST00687,PRD012,Credit,ATM,11710.47,Success
TXN002860,2023-04-09,ACC00122,CUST00099,PRD009,Credit,UPI,200735.25,Success
TXN002861,2025-06-26,ACC00515,CUST00519,PRD009,Credit,Mobile App,316355.2,Success
TXN002862,2024-03-21,ACC00325,CUST00190,PRD003,Debit,Net Banking,354310.06,Success
TXN002863,2025-02-09,ACC00659,CUST00363,PRD004,Debit,UPI,14223.81,Success
TXN002864,2025-05-19,ACC00342,CUST00729,PRD005,Debit,ATM,14749.97,Success
TXN002865,2025-05-31,ACC00388,CUST00463,PRD007,Debit,ATM,3190.51,Success
TXN002866,2025-11-08,ACC00922,CUST00473,PRD002,Credit,Mobile App,21135.98,Success
TXN002867,2024-04-24,ACC00600,CUST00182,PRD015,Debit,POS,23225.83,Success
TXN002868,2024-10-09,ACC00557,CUST00045,PRD008,Debit,UPI,11914.57,Success
TXN002869,2024-05-18,ACC00687,CUST00161,PRD011,Credit,Net Banking,306083.14,Success
TXN002870,2024-03-28,ACC00014,CUST00701,PRD011,Debit,Mobile App,222199.44,Success
TXN002871,2025-06-05,ACC00348,CUST00693,PRD010,Credit,POS,68003.99,Success
TXN002872,2025-06-19,ACC00920,CUST00556,PRD011,Debit,UPI,201911.81,Success
TXN002873,2025-11-11,ACC00803,CUST00415,PRD010,Credit,UPI,294751.93,Success
TXN002874,2023-05-13,ACC00264,CUST00301,PRD011,Debit,UPI,140104.52,Failed
TXN002875,2025-04-03,ACC00549,CUST00778,PRD015,Credit,Branch,17091.97,Failed
TXN002876,2025-05-26,ACC00345,CUST00747,PRD003,Credit,Branch,314427.42,Success
TXN002877,2024-10-03,ACC00602,CUST00012,PRD004,Credit,Mobile App,10951.52,Success
TXN002878,2024-07-29,ACC00145,CUST00292,PRD004,Credit,ATM,7937.22,Failed
TXN002879,2025-04-03,ACC00621,CUST00510,PRD002,Debit,Mobile App,13484.2,Success
TXN002880,2024-07-14,ACC00537,CUST00096,PRD009,Credit,Mobile App,388642.59,Failed
TXN002881,2023-11-23,ACC00537,CUST00096,PRD009,Debit,UPI,312133.15,Success
TXN002882,2024-09-02,ACC00010,CUST00337,PRD010,Credit,UPI,143882.5,Success
TXN002883,2025-11-04,ACC00676,CUST00603,PRD012,Credit,UPI,31859.9,Success
TXN002884,2025-11-28,ACC00367,CUST00197,PRD004,Debit,UPI,2799.13,Success
TXN002885,2025-05-09,ACC00549,CUST00778,PRD004,Debit,Mobile App,23141.27,Success
TXN002886,2025-02-24,ACC00832,CUST00122,PRD016,Credit,Branch,21403.83,Success
TXN002887,2025-07-26,ACC00069,CUST00587,PRD003,Credit,UPI,385777.55,Success
TXN002888,2025-11-01,ACC00832,CUST00122,PRD011,Credit,POS,335189.19,Success
TXN002889,2025-04-23,ACC00199,CUST00415,PRD009,Credit,UPI,52319.49,Success
TXN002890,2025-11-21,ACC00251,CUST00304,PRD004,Credit,UPI,24589.0,Success
TXN002891,2025-11-26,ACC00679,CUST00637,PRD008,Credit,Branch,20400.61,Success
TXN002892,2023-09-27,ACC00219,CUST00335,PRD005,Credit,Net Banking,24835.0,Success
TXN002893,2025-10-25,ACC00593,CUST00602,PRD013,Credit,Branch,5863.22,Success
TXN002894,2025-10-13,ACC00090,CUST00503,PRD002,Debit,POS,12413.9,Success
TXN002895,2025-01-14,ACC00364,CUST00523,PRD004,Debit,UPI,14488.21,Success
TXN002896,2024-12-11,ACC00569,CUST00642,PRD009,Debit,UPI,450687.38,Failed
TXN002897,2023-09-14,ACC00940,CUST00424,PRD009,Debit,UPI,364773.59,Success
TXN002898,2024-11-27,ACC00330,CUST00791,PRD006,Debit,ATM,10682.21,Success
TXN002899,2023-08-11,ACC00540,CUST00536,PRD004,Credit,UPI,5176.88,Success
TXN002900,2025-12-18,ACC00050,CUST00661,PRD001,Credit,Net Banking,8619.54,Success
TXN002901,2024-02-13,ACC00471,CUST00613,PRD011,Credit,Net Banking,435871.22,Success
TXN002902,2025-07-15,ACC00907,CUST00587,PRD012,Debit,Mobile App,41040.55,Success
TXN002903,2025-09-28,ACC00933,CUST00184,PRD004,Credit,POS,4453.23,Failed
TXN002904,2024-08-11,ACC00895,CUST00687,PRD015,Credit,Net Banking,5890.76,Success
TXN002905,2025-11-17,ACC00886,CUST00728,PRD011,Credit,UPI,490375.16,Success
TXN002906,2024-10-16,ACC00990,CUST00426,PRD002,Credit,UPI,6436.17,Failed
TXN002907,2024-05-09,ACC00451,CUST00782,PRD013,Debit,UPI,37118.49,Success
TXN002908,2024-06-24,ACC00550,CUST00236,PRD016,Debit,ATM,3584.6,Success
TXN002909,2025-07-29,ACC00963,CUST00771,PRD008,Credit,Branch,7208.1,Failed
TXN002910,2025-07-04,ACC00389,CUST00542,PRD008,Debit,Net Banking,12332.21,Success
TXN002911,2023-11-13,ACC00646,CUST00298,PRD005,Debit,Net Banking,11323.68,Failed
TXN002912,2025-12-23,ACC00097,CUST00096,PRD014,Debit,UPI,33392.65,Success
TXN002913,2025-02-20,ACC00640,CUST00089,PRD010,Debit,Net Banking,101466.1,Success
TXN002914,2025-12-12,ACC00316,CUST00441,PRD007,Credit,ATM,17158.57,Success
TXN002915,2025-06-28,ACC00309,CUST00624,PRD001,Debit,ATM,414.13,Success
TXN002916,2024-10-16,ACC00250,CUST00600,PRD013,Debit,ATM,39309.89,Success
TXN002917,2025-12-17,ACC00893,CUST00750,PRD014,Debit,ATM,35880.53,Success
TXN002918,2024-12-11,ACC00185,CUST00715,PRD007,Credit,UPI,24473.64,Failed
TXN002919,2024-01-20,ACC00287,CUST00506,PRD007,Credit,Mobile App,6742.46,Success
TXN002920,2025-06-06,ACC00460,CUST00521,PRD016,Debit,UPI,7709.03,Success
TXN002921,2024-10-02,ACC00123,CUST00056,PRD014,Credit,Branch,31901.28,Success
TXN002922,2024-08-06,ACC00283,CUST00568,PRD002,Credit,UPI,11069.49,Success
TXN002923,2025-06-21,ACC00458,CUST00658,PRD003,Debit,Mobile App,223992.63,Success
TXN002924,2024-12-04,ACC00982,CUST00427,PRD012,Debit,UPI,33666.28,Success
TXN002925,2025-07-28,ACC00285,CUST00090,PRD008,Credit,UPI,13340.25,Success
TXN002926,2025-11-05,ACC00194,CUST00798,PRD016,Debit,ATM,11930.27,Success
TXN002927,2024-10-22,ACC00677,CUST00105,PRD001,Debit,Mobile App,2768.11,Success
TXN002928,2025-10-01,ACC00507,CUST00008,PRD008,Debit,Net Banking,18178.07,Success
TXN002929,2024-08-04,ACC00701,CUST00365,PRD002,Credit,Mobile App,13462.11,Success
TXN002930,2024-09-01,ACC00675,CUST00410,PRD016,Debit,Mobile App,13517.78,Success
TXN002931,2023-11-03,ACC00739,CUST00685,PRD011,Credit,Mobile App,494322.56,Success
TXN002932,2025-10-02,ACC00151,CUST00662,PRD009,Debit,Net Banking,386880.41,Success
TXN002933,2025-08-13,ACC00309,CUST00624,PRD014,Debit,UPI,24321.42,Failed
TXN002934,2025-12-07,ACC00702,CUST00259,PRD012,Debit,ATM,42067.41,Success
TXN002935,2024-11-27,ACC00289,CUST00704,PRD015,Debit,UPI,20274.57,Success
TXN002936,2024-09-01,ACC00080,CUST00627,PRD011,Debit,POS,482483.31,Success
TXN002937,2024-01-11,ACC00696,CUST00382,PRD007,Debit,UPI,5173.0,Success
TXN002938,2025-03-06,ACC00313,CUST00742,PRD009,Debit,UPI,270302.46,Success
TXN002939,2025-07-06,ACC00261,CUST00154,PRD007,Credit,Net Banking,2906.97,Success
TXN002940,2024-05-10,ACC00325,CUST00190,PRD003,Debit,Mobile App,461576.3,Success
TXN002941,2025-08-09,ACC00091,CUST00677,PRD001,Credit,ATM,4392.82,Success
TXN002942,2025-12-23,ACC00652,CUST00136,PRD003,Debit,Branch,287382.01,Success
TXN002943,2025-06-26,ACC00181,CUST00029,PRD011,Credit,UPI,76147.03,Success
TXN002944,2025-08-11,ACC00326,CUST00025,PRD015,Credit,UPI,1669.47,Success
TXN002945,2023-04-23,ACC00585,CUST00211,PRD006,Debit,Mobile App,1228.21,Success
TXN002946,2023-01-18,ACC00739,CUST00685,PRD006,Credit,ATM,21709.11,Success
TXN002947,2025-10-10,ACC00118,CUST00549,PRD014,Debit,Net Banking,6524.28,Success
TXN002948,2024-07-29,ACC00070,CUST00766,PRD006,Debit,ATM,9654.53,Success
TXN002949,2024-01-01,ACC00312,CUST00218,PRD010,Credit,UPI,450915.71,Success
TXN002950,2025-10-11,ACC00524,CUST00226,PRD013,Credit,UPI,47198.56,Success
TXN002951,2025-12-07,ACC00279,CUST00268,PRD007,Debit,Net Banking,6981.45,Success
TXN002952,2025-10-31,ACC00020,CUST00458,PRD005,Debit,Net Banking,3542.49,Success
TXN002953,2023-12-15,ACC00735,CUST00288,PRD012,Credit,Mobile App,16161.42,Failed
TXN002954,2025-09-07,ACC00094,CUST00370,PRD007,Debit,UPI,18360.05,Success
TXN002955,2025-11-27,ACC00042,CUST00061,PRD013,Debit,Mobile App,45841.97,Success
TXN002956,2025-11-05,ACC00212,CUST00151,PRD002,Credit,ATM,8302.66,Success
TXN002957,2025-04-11,ACC00385,CUST00185,PRD005,Debit,UPI,8352.05,Success
TXN002958,2025-10-30,ACC00963,CUST00771,PRD008,Debit,UPI,22432.48,Success
TXN002959,2024-12-11,ACC00338,CUST00667,PRD012,Credit,UPI,45296.86,Success
TXN002960,2025-07-17,ACC00647,CUST00347,PRD015,Credit,UPI,17753.07,Success
TXN002961,2024-03-08,ACC00363,CUST00464,PRD002,Debit,ATM,24670.86,Failed
TXN002962,2025-10-11,ACC00099,CUST00716,PRD004,Credit,Mobile App,10030.7,Success
TXN002963,2025-07-26,ACC00543,CUST00059,PRD016,Debit,Branch,15503.48,Success
TXN002964,2025-05-26,ACC00313,CUST00742,PRD002,Credit,Mobile App,14086.28,Success
TXN002965,2024-01-22,ACC00747,CUST00453,PRD014,Credit,Mobile App,27921.07,Success
TXN002966,2025-06-08,ACC00830,CUST00723,PRD003,Credit,Net Banking,214523.08,Success
TXN002967,2025-11-10,ACC00329,CUST00101,PRD014,Credit,Mobile App,12086.95,Success
TXN002968,2025-06-05,ACC00551,CUST00114,PRD001,Credit,Mobile App,14187.24,Success
TXN002969,2024-06-26,ACC00431,CUST00377,PRD006,Debit,POS,12183.85,Success
TXN002970,2025-08-15,ACC00005,CUST00442,PRD010,Debit,UPI,303853.71,Success
TXN002971,2025-02-02,ACC00582,CUST00736,PRD002,Credit,Mobile App,11416.32,Success
TXN002972,2025-03-29,ACC00228,CUST00519,PRD003,Credit,Net Banking,30692.93,Success
TXN002973,2025-02-18,ACC00422,CUST00088,PRD002,Credit,Mobile App,24707.45,Success
TXN002974,2025-11-25,ACC00554,CUST00128,PRD004,Credit,POS,14020.79,Success
TXN002975,2023-12-22,ACC00735,CUST00288,PRD010,Debit,UPI,57756.46,Success
TXN002976,2025-02-06,ACC00025,CUST00221,PRD011,Debit,Net Banking,294387.04,Failed
TXN002977,2025-02-04,ACC00802,CUST00023,PRD008,Debit,Branch,9094.05,Success
TXN002978,2024-12-15,ACC00088,CUST00236,PRD015,Credit,POS,12217.78,Success
TXN002979,2024-10-19,ACC00634,CUST00676,PRD001,Credit,UPI,12258.12,Success
TXN002980,2024-06-10,ACC00420,CUST00510,PRD015,Credit,UPI,13591.09,Success
TXN002981,2023-04-09,ACC00072,CUST00736,PRD011,Debit,Mobile App,64112.99,Success
TXN002982,2025-09-16,ACC00801,CUST00668,PRD008,Debit,Mobile App,6730.15,Success
TXN002983,2023-11-28,ACC00178,CUST00050,PRD012,Credit,Mobile App,25855.22,Success
TXN002984,2025-05-22,ACC00505,CUST00462,PRD011,Credit,UPI,497937.58,Success
TXN002985,2025-02-08,ACC00413,CUST00418,PRD014,Debit,Net Banking,45854.27,Success
TXN002986,2025-01-19,ACC00165,CUST00229,PRD011,Credit,Mobile App,198967.24,Success
TXN002987,2025-11-24,ACC00855,CUST00401,PRD009,Debit,UPI,262782.85,Success
TXN002988,2025-05-22,ACC00302,CUST00273,PRD011,Credit,Mobile App,437428.88,Success
TXN002989,2025-11-08,ACC00286,CUST00417,PRD005,Debit,UPI,23458.61,Success
TXN002990,2025-02-13,ACC00621,CUST00510,PRD007,Credit,Mobile App,17632.76,Success
TXN002991,2023-09-29,ACC00057,CUST00078,PRD010,Credit,UPI,102404.99,Success
TXN002992,2025-04-12,ACC00622,CUST00670,PRD002,Debit,UPI,24797.8,Success
TXN002993,2025-11-20,ACC00723,CUST00339,PRD011,Credit,Branch,445963.6,Success
TXN002994,2025-02-04,ACC00111,CUST00272,PRD006,Debit,UPI,12188.32,Success
TXN002995,2025-11-23,ACC00181,CUST00029,PRD006,Debit,Branch,4106.85,Success
TXN002996,2025-08-19,ACC00394,CUST00587,PRD010,Credit,Mobile App,496969.18,Success
TXN002997,2025-12-03,ACC00898,CUST00166,PRD010,Credit,Branch,466991.45,Success
TXN002998,2025-08-12,ACC00640,CUST00089,PRD008,Debit,UPI,19678.9,Success
TXN002999,2025-02-11,ACC00520,CUST00645,PRD016,Debit,Mobile App,1569.15,Success
TXN003000,2024-11-22,ACC00350,CUST00352,PRD015,Credit,UPI,4532.21,Success
TXN003001,2025-11-13,ACC00593,CUST00602,PRD009,Credit,ATM,335329.88,Failed
TXN003002,2025-01-31,ACC00670,CUST00758,PRD013,Credit,Mobile App,2659.17,Success
TXN003003,2024-11-29,ACC00445,CUST00375,PRD012,Credit,Branch,22309.15,Success
TXN003004,2023-05-21,ACC00669,CUST00113,PRD007,Debit,UPI,11613.15,Success
TXN003005,2024-07-30,ACC00080,CUST00627,PRD004,Debit,Mobile App,214.63,Success
TXN003006,2023-10-12,ACC00282,CUST00130,PRD012,Credit,Branch,32855.47,Success
TXN003007,2023-12-23,ACC00657,CUST00182,PRD001,Debit,Mobile App,17813.27,Success
TXN003008,2023-09-05,ACC00541,CUST00551,PRD007,Debit,UPI,19956.47,Success
TXN003009,2024-08-21,ACC00057,CUST00078,PRD015,Debit,Mobile App,5412.13,Success
TXN003010,2025-06-14,ACC00809,CUST00356,PRD015,Debit,UPI,7047.81,Success
TXN003011,2023-07-30,ACC00516,CUST00333,PRD002,Credit,UPI,2293.46,Success
TXN003012,2025-07-26,ACC00463,CUST00455,PRD012,Debit,Net Banking,48881.51,Success
TXN003013,2025-12-28,ACC00256,CUST00720,PRD004,Credit,UPI,5409.11,Success
TXN003014,2025-06-05,ACC00358,CUST00529,PRD004,Debit,Net Banking,8374.02,Success
TXN003015,2025-09-15,ACC00869,CUST00063,PRD001,Credit,Net Banking,10141.71,Success
TXN003016,2023-12-29,ACC00390,CUST00253,PRD005,Debit,UPI,5412.06,Success
TXN003017,2025-11-24,ACC00660,CUST00005,PRD007,Debit,Net Banking,6475.24,Success
TXN003018,2024-09-03,ACC00183,CUST00338,PRD009,Debit,ATM,460830.2,Success
TXN003019,2025-11-30,ACC00578,CUST00236,PRD013,Credit,UPI,48961.17,Success
TXN003020,2024-11-02,ACC00934,CUST00301,PRD006,Credit,Net Banking,14748.32,Success
TXN003021,2025-10-29,ACC00264,CUST00301,PRD005,Credit,Net Banking,7559.44,Success
TXN003022,2023-08-29,ACC00941,CUST00184,PRD014,Debit,UPI,9255.4,Success
TXN003023,2025-12-28,ACC00966,CUST00570,PRD007,Debit,UPI,22703.07,Failed
TXN003024,2025-11-11,ACC00424,CUST00440,PRD014,Debit,UPI,27239.51,Success
TXN003025,2025-12-30,ACC00606,CUST00407,PRD007,Credit,UPI,23182.6,Success
TXN003026,2024-11-24,ACC00906,CUST00337,PRD011,Debit,UPI,181070.5,Success
TXN003027,2025-11-30,ACC00538,CUST00098,PRD006,Credit,POS,14157.82,Success
TXN003028,2025-07-14,ACC00755,CUST00628,PRD004,Debit,UPI,23429.24,Success
TXN003029,2025-05-27,ACC00967,CUST00732,PRD016,Debit,UPI,15760.71,Success
TXN003030,2025-12-05,ACC00743,CUST00793,PRD003,Credit,UPI,68824.01,Failed
TXN003031,2025-08-25,ACC00625,CUST00235,PRD005,Credit,POS,11621.22,Failed
TXN003032,2023-09-03,ACC00521,CUST00592,PRD011,Credit,UPI,349605.47,Success
TXN003033,2025-05-21,ACC00986,CUST00273,PRD013,Credit,ATM,22536.67,Success
TXN003034,2024-04-04,ACC00296,CUST00180,PRD006,Credit,Net Banking,15882.76,Success
TXN003035,2025-05-09,ACC00265,CUST00292,PRD001,Credit,Mobile App,7946.66,Success
TXN003036,2023-01-06,ACC00253,CUST00408,PRD008,Debit,UPI,17096.44,Failed
TXN003037,2023-08-02,ACC00858,CUST00671,PRD002,Debit,ATM,4637.8,Success
TXN003038,2023-03-31,ACC00179,CUST00017,PRD006,Debit,Net Banking,8997.88,Success
TXN003039,2025-02-10,ACC00012,CUST00351,PRD009,Debit,UPI,384582.35,Success
TXN003040,2024-12-02,ACC00843,CUST00015,PRD004,Debit,UPI,8497.79,Success
TXN003041,2025-08-05,ACC00061,CUST00510,PRD016,Debit,Branch,8740.91,Success
TXN003042,2025-12-16,ACC00433,CUST00541,PRD013,Debit,Net Banking,22287.65,Success
TXN003043,2025-08-08,ACC00530,CUST00720,PRD001,Debit,UPI,1191.26,Success
TXN003044,2024-11-03,ACC00804,CUST00731,PRD007,Debit,UPI,4862.44,Success
TXN003045,2023-01-19,ACC00332,CUST00154,PRD004,Credit,Mobile App,8911.25,Success
TXN003046,2023-12-15,ACC00168,CUST00547,PRD014,Debit,Net Banking,45716.04,Success
TXN003047,2023-12-07,ACC00739,CUST00685,PRD001,Debit,ATM,24565.92,Success
TXN003048,2025-09-10,ACC00427,CUST00494,PRD015,Credit,Net Banking,7671.16,Success
TXN003049,2023-08-17,ACC00797,CUST00237,PRD011,Debit,UPI,76888.39,Success
TXN003050,2025-12-11,ACC00842,CUST00482,PRD009,Credit,UPI,122966.22,Success
TXN003051,2025-07-17,ACC00824,CUST00744,PRD007,Credit,Mobile App,7176.86,Failed
TXN003052,2025-10-09,ACC00018,CUST00487,PRD015,Credit,UPI,2435.5,Success
TXN003053,2024-01-31,ACC00735,CUST00288,PRD014,Credit,Net Banking,31021.67,Success
TXN003054,2025-06-09,ACC00157,CUST00045,PRD012,Credit,Mobile App,37627.12,Success
TXN003055,2025-04-20,ACC00484,CUST00390,PRD011,Debit,Net Banking,41938.21,Success
TXN003056,2024-01-20,ACC00884,CUST00135,PRD001,Credit,UPI,12223.63,Success
TXN003057,2025-01-09,ACC00480,CUST00191,PRD013,Debit,UPI,28774.05,Success
TXN003058,2024-08-19,ACC00046,CUST00193,PRD009,Debit,Branch,55370.12,Success
TXN003059,2023-01-20,ACC00106,CUST00342,PRD001,Credit,Mobile App,19479.52,Success
TXN003060,2024-01-01,ACC00288,CUST00421,PRD005,Debit,POS,17390.27,Success
TXN003061,2025-07-14,ACC00341,CUST00315,PRD012,Credit,ATM,10095.35,Success
TXN003062,2025-02-28,ACC00989,CUST00019,PRD009,Debit,UPI,493544.22,Success
TXN003063,2025-06-15,ACC00472,CUST00749,PRD009,Debit,UPI,240068.61,Success
TXN003064,2025-05-26,ACC00373,CUST00344,PRD012,Debit,ATM,898.47,Success
TXN003065,2025-07-30,ACC00991,CUST00678,PRD001,Credit,UPI,12381.43,Success
TXN003066,2025-10-08,ACC00762,CUST00765,PRD011,Debit,UPI,207758.24,Success
TXN003067,2025-07-10,ACC00931,CUST00697,PRD014,Credit,Mobile App,29314.59,Success
TXN003068,2023-04-04,ACC00636,CUST00318,PRD011,Debit,Net Banking,393967.22,Success
TXN003069,2024-07-16,ACC00674,CUST00392,PRD009,Credit,UPI,65719.48,Success
TXN003070,2025-10-12,ACC00660,CUST00005,PRD002,Credit,Net Banking,16114.46,Success
TXN003071,2025-05-14,ACC00030,CUST00029,PRD015,Debit,ATM,6182.7,Success
TXN003072,2025-11-30,ACC00018,CUST00487,PRD008,Debit,POS,10408.71,Success
TXN003073,2025-06-12,ACC00628,CUST00413,PRD009,Credit,UPI,75991.16,Success
TXN003074,2023-05-20,ACC00932,CUST00431,PRD016,Credit,Mobile App,15445.03,Success
TXN003075,2024-10-18,ACC00174,CUST00141,PRD005,Credit,ATM,24384.38,Success
TXN003076,2023-01-01,ACC00223,CUST00124,PRD009,Debit,UPI,290034.95,Success
TXN003077,2025-06-22,ACC00474,CUST00146,PRD005,Debit,Mobile App,14183.28,Success
TXN003078,2023-11-27,ACC00014,CUST00701,PRD014,Credit,UPI,38667.77,Success
TXN003079,2025-03-04,ACC00101,CUST00359,PRD003,Credit,UPI,424718.84,Success
TXN003080,2024-02-04,ACC00808,CUST00186,PRD015,Credit,ATM,310.94,Success
TXN003081,2025-02-28,ACC00520,CUST00645,PRD013,Debit,Mobile App,9733.66,Success
TXN003082,2024-09-04,ACC00709,CUST00462,PRD002,Credit,POS,17403.09,Success
TXN003083,2025-02-16,ACC00303,CUST00269,PRD012,Credit,Branch,40157.08,Success
TXN003084,2025-02-26,ACC00825,CUST00417,PRD009,Debit,UPI,22937.22,Success
TXN003085,2023-11-23,ACC00994,CUST00677,PRD002,Credit,Net Banking,16211.17,Success
TXN003086,2025-09-30,ACC00866,CUST00701,PRD015,Debit,Net Banking,22681.92,Success
TXN003087,2024-06-16,ACC00557,CUST00045,PRD016,Debit,UPI,12271.94,Success
TXN003088,2024-10-18,ACC00747,CUST00453,PRD007,Credit,UPI,2749.76,Success
TXN003089,2025-06-12,ACC00366,CUST00554,PRD006,Credit,Mobile App,8374.66,Success
TXN003090,2025-01-22,ACC00714,CUST00442,PRD016,Debit,Net Banking,14267.48,Success
TXN003091,2025-02-08,ACC00970,CUST00145,PRD007,Debit,POS,17299.22,Success
TXN003092,2025-05-20,ACC00506,CUST00555,PRD003,Credit,Mobile App,380197.98,Success
TXN003093,2025-11-21,ACC00481,CUST00637,PRD008,Debit,Branch,19163.14,Success
TXN003094,2025-03-05,ACC00384,CUST00622,PRD011,Debit,ATM,489962.94,Success
TXN003095,2024-09-23,ACC00568,CUST00566,PRD010,Debit,UPI,250204.1,Success
TXN003096,2025-12-19,ACC00141,CUST00622,PRD009,Credit,Mobile App,443392.59,Success
TXN003097,2025-08-04,ACC00056,CUST00566,PRD016,Debit,Net Banking,3538.74,Failed
TXN003098,2025-07-09,ACC00776,CUST00708,PRD012,Debit,Mobile App,9292.8,Success
TXN003099,2024-12-11,ACC00425,CUST00750,PRD001,Credit,UPI,23172.87,Success
TXN003100,2024-07-14,ACC00799,CUST00609,PRD014,Debit,UPI,3428.4,Failed
TXN003101,2023-04-23,ACC00029,CUST00147,PRD012,Credit,UPI,32914.27,Failed
TXN003102,2024-10-13,ACC00429,CUST00777,PRD008,Debit,Branch,18719.54,Success
TXN003103,2023-03-15,ACC00022,CUST00040,PRD002,Credit,POS,14474.13,Failed
TXN003104,2025-06-02,ACC00372,CUST00251,PRD012,Debit,Net Banking,36918.1,Success
TXN003105,2023-04-24,ACC00453,CUST00736,PRD005,Debit,UPI,24469.02,Success
TXN003106,2025-10-16,ACC00331,CUST00176,PRD010,Credit,Net Banking,429140.15,Success
TXN003107,2025-11-21,ACC00098,CUST00241,PRD005,Credit,Mobile App,23266.15,Success
TXN003108,2025-06-02,ACC00316,CUST00441,PRD011,Debit,UPI,113102.38,Success
TXN003109,2025-04-21,ACC00355,CUST00121,PRD013,Debit,Net Banking,21187.47,Success
TXN003110,2025-03-04,ACC00698,CUST00748,PRD005,Debit,Mobile App,171.86,Success
TXN003111,2025-09-19,ACC00115,CUST00048,PRD007,Debit,UPI,14912.28,Success
TXN003112,2025-05-16,ACC00707,CUST00527,PRD005,Debit,Mobile App,10007.3,Success
TXN003113,2025-09-12,ACC00820,CUST00793,PRD003,Debit,Mobile App,388594.47,Success
TXN003114,2025-06-20,ACC00085,CUST00676,PRD001,Debit,Net Banking,2332.51,Failed
TXN003115,2024-12-20,ACC00111,CUST00272,PRD012,Debit,ATM,4164.36,Failed
TXN003116,2024-05-23,ACC00078,CUST00399,PRD005,Credit,ATM,23627.77,Success
TXN003117,2025-11-18,ACC00283,CUST00568,PRD015,Debit,POS,23608.4,Success
TXN003118,2025-09-09,ACC00715,CUST00693,PRD014,Credit,UPI,27290.01,Failed
TXN003119,2024-08-22,ACC00222,CUST00235,PRD007,Credit,Mobile App,3855.81,Success
TXN003120,2025-12-14,ACC00024,CUST00580,PRD007,Credit,ATM,10553.01,Failed
TXN003121,2025-04-29,ACC00140,CUST00754,PRD004,Credit,UPI,22131.47,Success
TXN003122,2024-05-09,ACC00786,CUST00695,PRD009,Debit,Mobile App,208762.99,Failed
TXN003123,2024-12-13,ACC00347,CUST00615,PRD007,Debit,ATM,5923.31,Success
TXN003124,2024-07-15,ACC00509,CUST00129,PRD004,Credit,UPI,20124.13,Success
TXN003125,2025-05-14,ACC00090,CUST00503,PRD010,Credit,UPI,393825.4,Success
TXN003126,2023-01-09,ACC00014,CUST00701,PRD002,Debit,UPI,24136.28,Success
TXN003127,2024-10-04,ACC00134,CUST00290,PRD004,Credit,UPI,19278.23,Success
TXN003128,2025-01-12,ACC00798,CUST00576,PRD016,Debit,Mobile App,7627.29,Success
TXN003129,2023-12-05,ACC00362,CUST00114,PRD007,Debit,UPI,21178.08,Success
TXN003130,2025-11-23,ACC00503,CUST00080,PRD003,Credit,Mobile App,62460.63,Success
TXN003131,2024-03-28,ACC00960,CUST00233,PRD001,Debit,UPI,16670.07,Success
TXN003132,2025-10-05,ACC00572,CUST00644,PRD012,Debit,Net Banking,27962.86,Failed
TXN003133,2024-04-07,ACC00346,CUST00678,PRD005,Credit,Net Banking,12915.71,Success
TXN003134,2025-01-01,ACC00678,CUST00026,PRD001,Debit,ATM,18400.31,Success
TXN003135,2025-05-03,ACC00707,CUST00527,PRD003,Debit,Mobile App,67081.34,Success
TXN003136,2025-04-26,ACC00135,CUST00047,PRD008,Debit,Mobile App,18136.44,Success
TXN003137,2024-09-06,ACC00080,CUST00627,PRD004,Debit,Net Banking,14315.25,Success
TXN003138,2025-08-26,ACC00883,CUST00095,PRD001,Credit,UPI,20144.45,Success
TXN003139,2025-06-26,ACC00198,CUST00711,PRD010,Debit,Net Banking,155232.07,Failed
TXN003140,2025-12-21,ACC00642,CUST00740,PRD006,Debit,POS,16701.09,Success
TXN003141,2025-12-28,ACC00292,CUST00121,PRD007,Credit,UPI,23735.96,Success
TXN003142,2024-10-18,ACC00985,CUST00597,PRD003,Debit,UPI,57223.2,Success
TXN003143,2025-01-09,ACC00373,CUST00344,PRD008,Debit,UPI,12537.76,Success
TXN003144,2024-09-25,ACC00988,CUST00581,PRD013,Credit,POS,43246.57,Success
TXN003145,2025-11-20,ACC00123,CUST00056,PRD015,Debit,UPI,16910.97,Success
TXN003146,2024-12-09,ACC00245,CUST00594,PRD006,Debit,Net Banking,17831.45,Success
TXN003147,2025-10-18,ACC00519,CUST00350,PRD013,Debit,POS,47165.7,Success
TXN003148,2023-06-27,ACC00745,CUST00369,PRD010,Debit,UPI,484186.08,Success
TXN003149,2024-12-03,ACC00222,CUST00235,PRD001,Credit,Mobile App,6844.28,Failed
TXN003150,2025-05-14,ACC00123,CUST00056,PRD002,Credit,Net Banking,9619.46,Success
TXN003151,2024-11-22,ACC00239,CUST00096,PRD012,Debit,Mobile App,6760.42,Success
TXN003152,2023-08-29,ACC00200,CUST00506,PRD010,Credit,UPI,354915.85,Success
TXN003153,2024-12-28,ACC00866,CUST00701,PRD016,Credit,UPI,15496.3,Success
TXN003154,2023-09-02,ACC00798,CUST00576,PRD009,Debit,Mobile App,108975.09,Success
TXN003155,2023-09-10,ACC00496,CUST00283,PRD010,Credit,UPI,198183.54,Success
TXN003156,2025-03-14,ACC00466,CUST00616,PRD003,Credit,UPI,74164.0,Success
TXN003157,2025-08-09,ACC00926,CUST00322,PRD003,Debit,UPI,152568.26,Success
TXN003158,2025-05-16,ACC00136,CUST00093,PRD015,Credit,Net Banking,3054.72,Success
TXN003159,2025-12-19,ACC00530,CUST00720,PRD013,Credit,UPI,3105.64,Success
TXN003160,2025-05-19,ACC00850,CUST00228,PRD014,Debit,UPI,10172.96,Success
TXN003161,2025-06-09,ACC00566,CUST00520,PRD005,Debit,UPI,2996.96,Success
TXN003162,2024-08-06,ACC00080,CUST00627,PRD016,Debit,ATM,20258.87,Success
TXN003163,2023-07-21,ACC00031,CUST00342,PRD010,Credit,Mobile App,239790.92,Success
TXN003164,2025-12-28,ACC00013,CUST00344,PRD004,Credit,Branch,846.69,Success
TXN003165,2025-03-14,ACC00715,CUST00693,PRD009,Debit,Net Banking,274798.52,Success
TXN003166,2023-03-22,ACC00471,CUST00613,PRD007,Credit,UPI,2077.08,Failed
TXN003167,2025-03-30,ACC00256,CUST00720,PRD008,Debit,Mobile App,13968.84,Success
TXN003168,2023-05-07,ACC00763,CUST00295,PRD001,Credit,UPI,16482.74,Success
TXN003169,2025-05-30,ACC00079,CUST00380,PRD004,Debit,UPI,12686.6,Success
TXN003170,2025-10-07,ACC00679,CUST00637,PRD012,Credit,UPI,44569.53,Success
TXN003171,2025-05-11,ACC00523,CUST00479,PRD016,Credit,UPI,24125.35,Success
TXN003172,2025-10-09,ACC00055,CUST00527,PRD002,Debit,Branch,17318.37,Success
TXN003173,2023-03-19,ACC00793,CUST00456,PRD006,Credit,UPI,3774.94,Success
TXN003174,2025-09-20,ACC00679,CUST00637,PRD016,Debit,Mobile App,10806.37,Success
TXN003175,2025-03-14,ACC00172,CUST00649,PRD008,Debit,Mobile App,184.79,Success
TXN003176,2025-01-25,ACC00931,CUST00697,PRD003,Credit,UPI,464000.18,Success
TXN003177,2024-06-16,ACC00019,CUST00634,PRD008,Debit,UPI,11039.28,Success
TXN003178,2025-02-26,ACC00128,CUST00711,PRD007,Debit,UPI,8204.54,Failed
TXN003179,2025-06-05,ACC00388,CUST00463,PRD005,Debit,POS,23027.29,Success
TXN003180,2024-12-09,ACC00824,CUST00744,PRD013,Credit,Net Banking,3752.77,Success
TXN003181,2023-07-15,ACC00206,CUST00459,PRD003,Credit,Mobile App,113536.43,Success
TXN003182,2023-04-24,ACC00601,CUST00620,PRD004,Credit,Mobile App,14384.24,Success
TXN003183,2025-07-11,ACC00282,CUST00130,PRD016,Debit,Net Banking,10010.1,Success
TXN003184,2023-01-01,ACC00527,CUST00490,PRD012,Debit,Net Banking,8641.68,Success
TXN003185,2025-12-25,ACC00875,CUST00202,PRD004,Credit,UPI,8711.99,Success
TXN003186,2025-08-28,ACC00519,CUST00350,PRD003,Debit,Mobile App,455112.41,Success
TXN003187,2025-01-11,ACC00112,CUST00425,PRD004,Credit,Mobile App,15816.07,Success
TXN003188,2025-11-24,ACC00344,CUST00234,PRD015,Credit,UPI,9400.87,Success
TXN003189,2025-10-15,ACC00150,CUST00524,PRD013,Debit,ATM,34302.83,Success
TXN003190,2025-01-05,ACC00489,CUST00234,PRD011,Debit,UPI,352748.0,Success
TXN003191,2025-10-22,ACC00206,CUST00459,PRD002,Debit,UPI,22351.17,Success
TXN003192,2023-12-01,ACC00780,CUST00001,PRD002,Debit,UPI,21336.32,Success
TXN003193,2023-09-20,ACC00665,CUST00041,PRD002,Debit,ATM,5629.28,Success
TXN003194,2025-06-05,ACC00200,CUST00506,PRD011,Credit,UPI,61811.65,Success
TXN003195,2025-05-19,ACC00186,CUST00093,PRD010,Credit,UPI,455551.04,Success
TXN003196,2025-10-25,ACC00301,CUST00260,PRD007,Debit,Mobile App,9788.34,Success
TXN003197,2025-05-13,ACC00553,CUST00631,PRD005,Debit,POS,20192.45,Success
TXN003198,2025-12-28,ACC00155,CUST00604,PRD015,Debit,UPI,452.57,Success
TXN003199,2025-08-23,ACC00336,CUST00507,PRD001,Credit,UPI,21148.51,Success
TXN003200,2023-11-25,ACC00719,CUST00614,PRD001,Debit,Mobile App,14001.07,Success
TXN003201,2024-03-23,ACC00937,CUST00739,PRD005,Debit,POS,24095.07,Success
TXN003202,2024-01-03,ACC00994,CUST00677,PRD006,Debit,Net Banking,23083.77,Success
TXN003203,2025-11-19,ACC00103,CUST00313,PRD012,Debit,Mobile App,20425.59,Success
TXN003204,2025-05-20,ACC00780,CUST00001,PRD007,Credit,Mobile App,3714.2,Success
TXN003205,2024-01-27,ACC00687,CUST00161,PRD006,Debit,POS,24563.54,Failed
TXN003206,2025-05-29,ACC00714,CUST00442,PRD014,Credit,UPI,1335.92,Success
TXN003207,2025-10-21,ACC00271,CUST00567,PRD007,Credit,Mobile App,3933.82,Success
TXN003208,2025-10-22,ACC00711,CUST00629,PRD016,Debit,Net Banking,3941.65,Success
TXN003209,2025-12-05,ACC00559,CUST00736,PRD016,Debit,POS,4684.9,Success
TXN003210,2025-11-17,ACC00344,CUST00234,PRD008,Debit,UPI,4657.71,Success
TXN003211,2024-11-29,ACC00792,CUST00027,PRD002,Debit,POS,9352.61,Success
TXN003212,2025-03-24,ACC00084,CUST00692,PRD013,Credit,UPI,31953.87,Success
TXN003213,2023-09-22,ACC00145,CUST00292,PRD013,Debit,ATM,42826.64,Success
TXN003214,2024-05-14,ACC00003,CUST00180,PRD006,Credit,UPI,19845.27,Success
TXN003215,2024-12-14,ACC00132,CUST00199,PRD014,Credit,ATM,33615.62,Success
TXN003216,2023-12-25,ACC00929,CUST00426,PRD016,Credit,Mobile App,3138.41,Success
TXN003217,2024-07-26,ACC00396,CUST00314,PRD011,Debit,UPI,54433.81,Success
TXN003218,2025-07-22,ACC00384,CUST00622,PRD001,Debit,UPI,12767.08,Success
TXN003219,2025-07-25,ACC00210,CUST00479,PRD015,Credit,UPI,18030.37,Success
TXN003220,2025-07-21,ACC00022,CUST00040,PRD008,Debit,UPI,6993.54,Success
TXN003221,2024-07-17,ACC00542,CUST00274,PRD016,Credit,UPI,1910.76,Success
TXN003222,2025-12-09,ACC00883,CUST00095,PRD008,Credit,Mobile App,2253.3,Success
TXN003223,2024-04-25,ACC00995,CUST00691,PRD001,Debit,UPI,19184.04,Success
TXN003224,2024-09-24,ACC00364,CUST00523,PRD004,Debit,UPI,14282.43,Success
TXN003225,2024-05-30,ACC00242,CUST00355,PRD007,Debit,Mobile App,24620.67,Success
TXN003226,2025-02-21,ACC00350,CUST00352,PRD012,Debit,Mobile App,40340.25,Success
TXN003227,2023-03-13,ACC00739,CUST00685,PRD001,Credit,ATM,552.19,Success
TXN003228,2024-11-08,ACC00945,CUST00783,PRD010,Credit,POS,54137.91,Success
TXN003229,2025-04-27,ACC00263,CUST00399,PRD012,Debit,Mobile App,33250.8,Success
TXN003230,2025-04-21,ACC00617,CUST00115,PRD004,Credit,UPI,6166.91,Success
TXN003231,2023-01-01,ACC00527,CUST00490,PRD003,Debit,Branch,242123.56,Success
TXN003232,2024-10-16,ACC00764,CUST00510,PRD008,Debit,Mobile App,23876.79,Success
TXN003233,2024-06-29,ACC00602,CUST00012,PRD004,Credit,UPI,22340.59,Success
TXN003234,2025-01-14,ACC00548,CUST00073,PRD011,Credit,Net Banking,108979.66,Failed
TXN003235,2024-12-25,ACC00075,CUST00114,PRD013,Credit,UPI,23288.92,Success
TXN003236,2024-02-14,ACC00895,CUST00687,PRD009,Credit,Mobile App,318385.97,Success
TXN003237,2025-10-01,ACC00444,CUST00677,PRD006,Debit,Mobile App,15971.32,Success
TXN003238,2025-03-21,ACC00951,CUST00591,PRD013,Credit,Mobile App,45834.24,Success
TXN003239,2025-05-29,ACC00933,CUST00184,PRD015,Debit,UPI,15786.14,Success
TXN003240,2023-09-20,ACC00512,CUST00342,PRD006,Credit,UPI,12861.11,Success
TXN003241,2025-05-23,ACC00866,CUST00701,PRD016,Debit,Mobile App,5906.05,Success
TXN003242,2025-11-13,ACC00556,CUST00555,PRD005,Credit,UPI,8864.12,Success
TXN003243,2025-08-28,ACC00835,CUST00225,PRD012,Credit,UPI,13978.23,Success
TXN003244,2023-02-10,ACC00559,CUST00736,PRD005,Credit,Mobile App,7173.9,Success
TXN003245,2024-11-26,ACC00987,CUST00749,PRD009,Credit,UPI,484721.4,Success
TXN003246,2023-08-11,ACC00812,CUST00012,PRD006,Debit,UPI,19086.63,Success
TXN003247,2025-12-15,ACC00581,CUST00762,PRD010,Credit,UPI,236066.68,Success
TXN003248,2025-09-06,ACC00237,CUST00649,PRD006,Credit,Branch,5112.53,Success
TXN003249,2023-11-15,ACC00019,CUST00634,PRD015,Debit,Mobile App,6497.6,Failed
TXN003250,2025-12-14,ACC00575,CUST00716,PRD011,Credit,UPI,171072.67,Success
TXN003251,2024-09-17,ACC00187,CUST00048,PRD016,Credit,UPI,9714.41,Success
TXN003252,2025-11-30,ACC00479,CUST00733,PRD010,Credit,Mobile App,242913.47,Success
TXN003253,2024-02-14,ACC00988,CUST00581,PRD015,Credit,ATM,9016.53,Success
TXN003254,2025-03-04,ACC00431,CUST00377,PRD013,Debit,UPI,2952.5,Success
TXN003255,2025-01-03,ACC00854,CUST00470,PRD005,Credit,Mobile App,9263.37,Success
TXN003256,2025-11-17,ACC00304,CUST00142,PRD002,Credit,Mobile App,16893.09,Success
TXN003257,2024-05-01,ACC00504,CUST00432,PRD006,Credit,UPI,7918.94,Success
TXN003258,2025-08-31,ACC00405,CUST00233,PRD013,Credit,Mobile App,42104.55,Success
TXN003259,2025-03-30,ACC00828,CUST00284,PRD003,Debit,Mobile App,155212.63,Success
TXN003260,2025-01-09,ACC01000,CUST00485,PRD005,Debit,UPI,18867.61,Failed
TXN003261,2025-09-01,ACC00776,CUST00708,PRD005,Debit,Branch,5613.03,Success
TXN003262,2024-10-30,ACC00294,CUST00668,PRD002,Debit,Net Banking,7703.28,Success
TXN003263,2024-12-05,ACC00557,CUST00045,PRD011,Credit,Mobile App,137402.32,Success
TXN003264,2024-11-15,ACC00769,CUST00303,PRD010,Debit,ATM,144069.77,Failed
TXN003265,2025-08-15,ACC00568,CUST00566,PRD008,Debit,UPI,6814.02,Success
TXN003266,2025-11-02,ACC00510,CUST00077,PRD004,Credit,UPI,20935.61,Success
TXN003267,2025-02-19,ACC00100,CUST00418,PRD004,Debit,UPI,14873.69,Success
TXN003268,2025-04-15,ACC00500,CUST00193,PRD002,Credit,UPI,18116.3,Success
TXN003269,2025-06-09,ACC00160,CUST00708,PRD006,Credit,Mobile App,16099.38,Success
TXN003270,2024-04-13,ACC00607,CUST00079,PRD004,Debit,Mobile App,2584.0,Failed
TXN003271,2024-04-25,ACC00797,CUST00237,PRD014,Credit,POS,38132.32,Failed
TXN003272,2023-04-01,ACC00251,CUST00304,PRD004,Credit,UPI,21524.49,Success
TXN003273,2025-09-20,ACC00544,CUST00669,PRD011,Debit,Mobile App,428780.32,Success
TXN003274,2024-07-15,ACC00767,CUST00400,PRD014,Credit,UPI,20933.53,Success
TXN003275,2025-10-24,ACC00926,CUST00322,PRD015,Credit,ATM,19465.88,Success
TXN003276,2025-05-31,ACC00263,CUST00399,PRD014,Credit,UPI,28550.91,Success
TXN003277,2025-10-18,ACC00245,CUST00594,PRD013,Debit,UPI,36314.96,Success
TXN003278,2023-04-18,ACC00233,CUST00161,PRD009,Credit,UPI,450674.65,Success
TXN003279,2024-07-18,ACC00385,CUST00185,PRD004,Debit,UPI,5180.6,Success
TXN003280,2023-02-11,ACC00849,CUST00444,PRD010,Debit,UPI,190994.74,Success
TXN003281,2023-08-08,ACC00675,CUST00410,PRD004,Debit,UPI,8500.81,Success
TXN003282,2023-08-04,ACC00684,CUST00596,PRD008,Debit,Mobile App,23504.02,Success
TXN003283,2025-05-08,ACC00580,CUST00719,PRD015,Debit,UPI,5538.18,Success
TXN003284,2025-03-08,ACC00413,CUST00418,PRD002,Credit,Net Banking,4809.9,Success
TXN003285,2025-11-25,ACC00141,CUST00622,PRD015,Debit,UPI,1904.73,Success
TXN003286,2025-01-18,ACC00231,CUST00477,PRD002,Debit,Mobile App,5197.12,Success
TXN003287,2025-03-08,ACC00572,CUST00644,PRD009,Debit,UPI,467738.31,Success
TXN003288,2025-07-24,ACC00702,CUST00259,PRD015,Debit,UPI,7819.68,Success
TXN003289,2025-11-11,ACC00934,CUST00301,PRD012,Credit,UPI,5835.18,Success
TXN003290,2025-12-30,ACC00302,CUST00273,PRD011,Credit,Net Banking,219528.9,Success
TXN003291,2025-04-03,ACC00155,CUST00604,PRD002,Debit,Net Banking,19557.63,Success
TXN003292,2025-07-01,ACC00568,CUST00566,PRD006,Debit,UPI,22550.0,Success
TXN003293,2025-11-03,ACC00433,CUST00541,PRD015,Debit,UPI,3607.62,Success
TXN003294,2025-01-21,ACC00714,CUST00442,PRD001,Debit,UPI,1348.06,Success
TXN003295,2025-02-21,ACC00874,CUST00686,PRD004,Debit,Net Banking,24309.74,Success
TXN003296,2025-10-19,ACC00794,CUST00666,PRD006,Credit,UPI,4789.26,Success
TXN003297,2025-09-21,ACC00650,CUST00026,PRD002,Credit,UPI,3963.63,Success
TXN003298,2025-01-28,ACC00166,CUST00152,PRD011,Debit,Net Banking,42527.2,Success
TXN003299,2024-05-01,ACC00145,CUST00292,PRD007,Credit,Mobile App,10610.9,Failed
TXN003300,2024-09-27,ACC00094,CUST00370,PRD013,Credit,Mobile App,43670.96,Success
TXN003301,2023-11-12,ACC00876,CUST00296,PRD007,Debit,UPI,13055.82,Success
TXN003302,2024-05-31,ACC00200,CUST00506,PRD011,Credit,Net Banking,27796.02,Success
TXN003303,2025-04-29,ACC00483,CUST00745,PRD010,Credit,Mobile App,118117.37,Success
TXN003304,2025-09-02,ACC00578,CUST00236,PRD001,Credit,UPI,10266.46,Success
TXN003305,2023-06-13,ACC00257,CUST00360,PRD013,Credit,Net Banking,45094.73,Success
TXN003306,2025-05-16,ACC00631,CUST00008,PRD004,Debit,UPI,10994.74,Success
TXN003307,2024-07-04,ACC00786,CUST00695,PRD012,Credit,Net Banking,17694.99,Success
TXN003308,2025-06-14,ACC00884,CUST00135,PRD005,Debit,UPI,4421.66,Success
TXN003309,2025-09-30,ACC00426,CUST00538,PRD009,Debit,UPI,453685.53,Success
TXN003310,2025-07-16,ACC00138,CUST00786,PRD004,Debit,Net Banking,6532.05,Success
TXN003311,2025-01-03,ACC00135,CUST00047,PRD008,Credit,UPI,17946.8,Success
TXN003312,2025-11-29,ACC00811,CUST00038,PRD010,Debit,UPI,162082.45,Success
TXN003313,2025-03-02,ACC00646,CUST00298,PRD012,Credit,POS,37199.25,Success
TXN003314,2024-12-22,ACC00935,CUST00118,PRD009,Debit,Net Banking,364495.68,Success
TXN003315,2025-11-02,ACC00215,CUST00621,PRD006,Debit,Net Banking,1397.77,Success
TXN003316,2025-06-14,ACC00299,CUST00200,PRD012,Credit,Mobile App,20972.56,Success
TXN003317,2025-01-05,ACC00422,CUST00088,PRD007,Debit,Net Banking,18268.22,Success
TXN003318,2025-03-30,ACC00587,CUST00274,PRD007,Debit,ATM,15937.95,Success
TXN003319,2025-09-25,ACC00844,CUST00676,PRD009,Credit,ATM,318703.32,Success
TXN003320,2024-05-02,ACC00670,CUST00758,PRD007,Debit,Branch,6666.37,Success
TXN003321,2024-12-21,ACC00117,CUST00196,PRD003,Credit,Mobile App,438750.64,Success
TXN003322,2024-12-15,ACC00473,CUST00640,PRD003,Credit,Net Banking,91202.21,Success
TXN003323,2025-08-21,ACC00320,CUST00324,PRD014,Debit,Branch,16174.57,Success
TXN003324,2025-07-01,ACC00437,CUST00242,PRD013,Credit,POS,17490.48,Success
TXN003325,2023-06-11,ACC00833,CUST00285,PRD002,Credit,Mobile App,22879.97,Success
TXN003326,2025-04-08,ACC00587,CUST00274,PRD005,Debit,UPI,6302.68,Success
TXN003327,2023-07-06,ACC00317,CUST00495,PRD012,Credit,Mobile App,39824.24,Failed
TXN003328,2025-06-06,ACC00471,CUST00613,PRD013,Credit,UPI,6401.68,Failed
TXN003329,2025-02-16,ACC00003,CUST00180,PRD015,Credit,Mobile App,8731.72,Success
TXN003330,2024-09-03,ACC00084,CUST00692,PRD005,Debit,Mobile App,15393.35,Success
TXN003331,2025-11-19,ACC00293,CUST00795,PRD005,Debit,ATM,11414.92,Success
TXN003332,2025-09-09,ACC00334,CUST00764,PRD008,Credit,ATM,997.74,Success
TXN003333,2025-05-24,ACC00971,CUST00274,PRD004,Debit,UPI,2678.87,Success
TXN003334,2025-12-21,ACC00089,CUST00390,PRD016,Debit,Mobile App,4537.25,Success
TXN003335,2024-08-11,ACC00273,CUST00161,PRD003,Credit,ATM,257116.04,Success
TXN003336,2023-12-12,ACC00132,CUST00199,PRD002,Credit,UPI,9756.48,Success
TXN003337,2023-01-26,ACC00616,CUST00012,PRD016,Credit,UPI,4172.39,Success
TXN003338,2024-10-18,ACC00634,CUST00676,PRD007,Credit,UPI,9454.44,Success
TXN003339,2025-10-06,ACC00565,CUST00177,PRD015,Credit,UPI,14818.45,Success
TXN003340,2023-06-18,ACC00021,CUST00211,PRD007,Debit,ATM,4962.94,Success
TXN003341,2025-12-02,ACC00462,CUST00699,PRD016,Debit,Net Banking,5138.68,Success
TXN003342,2023-12-28,ACC00858,CUST00671,PRD001,Credit,UPI,20854.5,Success
TXN003343,2025-05-05,ACC00891,CUST00696,PRD013,Credit,ATM,30161.41,Success
TXN003344,2025-11-07,ACC00676,CUST00603,PRD011,Debit,UPI,406130.95,Success
TXN003345,2025-04-28,ACC00841,CUST00075,PRD012,Credit,UPI,38414.78,Success
TXN003346,2025-08-12,ACC00389,CUST00542,PRD015,Debit,UPI,7899.22,Success
TXN003347,2025-12-11,ACC00410,CUST00779,PRD008,Debit,Mobile App,17579.57,Success
TXN003348,2025-03-17,ACC00525,CUST00025,PRD007,Credit,Mobile App,4082.96,Success
TXN003349,2025-08-28,ACC00923,CUST00508,PRD013,Debit,Net Banking,13766.37,Success
TXN003350,2025-03-02,ACC00422,CUST00088,PRD005,Debit,Mobile App,4345.36,Success
TXN003351,2024-12-29,ACC00232,CUST00076,PRD008,Debit,Mobile App,2105.78,Success
TXN003352,2023-10-09,ACC00695,CUST00403,PRD007,Credit,Mobile App,15154.2,Success
TXN003353,2024-09-15,ACC00290,CUST00522,PRD010,Credit,UPI,95680.6,Success
TXN003354,2024-05-09,ACC00562,CUST00189,PRD007,Debit,UPI,21630.67,Success
TXN003355,2025-12-03,ACC00266,CUST00754,PRD014,Debit,Mobile App,29774.91,Success
TXN003356,2024-09-21,ACC00683,CUST00669,PRD005,Credit,Net Banking,5891.53,Success
TXN003357,2025-07-14,ACC00202,CUST00025,PRD006,Credit,Net Banking,16179.24,Success
TXN003358,2025-08-10,ACC00105,CUST00419,PRD006,Credit,Mobile App,19122.24,Success
TXN003359,2023-02-05,ACC00087,CUST00517,PRD013,Credit,Mobile App,33330.64,Success
TXN003360,2024-08-07,ACC00941,CUST00184,PRD014,Debit,UPI,17312.3,Success
TXN003361,2025-12-08,ACC00058,CUST00434,PRD013,Credit,Net Banking,27146.33,Success
TXN003362,2023-07-24,ACC00411,CUST00378,PRD001,Debit,UPI,21306.52,Success
TXN003363,2025-09-04,ACC00998,CUST00095,PRD013,Credit,ATM,32297.13,Success
TXN003364,2025-12-10,ACC00782,CUST00064,PRD008,Credit,UPI,4405.1,Failed
TXN003365,2024-07-08,ACC00043,CUST00457,PRD012,Credit,Net Banking,45628.98,Success
TXN003366,2023-09-13,ACC00129,CUST00635,PRD014,Credit,UPI,22054.29,Success
TXN003367,2025-07-07,ACC00954,CUST00430,PRD016,Credit,Mobile App,22351.37,Success
TXN003368,2023-01-01,ACC00321,CUST00650,PRD012,Credit,Mobile App,13476.12,Success
TXN003369,2023-03-18,ACC00192,CUST00660,PRD015,Debit,UPI,18776.91,Failed
TXN003370,2025-07-08,ACC00026,CUST00413,PRD006,Debit,Net Banking,9767.85,Success
TXN003371,2025-11-05,ACC00676,CUST00603,PRD010,Debit,Mobile App,232277.2,Failed
TXN003372,2025-06-07,ACC00238,CUST00625,PRD009,Debit,UPI,177100.27,Success
TXN003373,2025-07-19,ACC00202,CUST00025,PRD009,Debit,UPI,473951.16,Success
TXN003374,2025-09-15,ACC00007,CUST00161,PRD012,Credit,UPI,29991.77,Success
TXN003375,2024-04-22,ACC00084,CUST00692,PRD006,Debit,UPI,2883.65,Success
TXN003376,2024-01-14,ACC00101,CUST00359,PRD003,Credit,Branch,105941.93,Success
TXN003377,2025-06-21,ACC00792,CUST00027,PRD006,Credit,UPI,1232.26,Success
TXN003378,2025-06-22,ACC00608,CUST00341,PRD012,Credit,UPI,48642.72,Success
TXN003379,2024-04-22,ACC00817,CUST00414,PRD007,Credit,Mobile App,22011.37,Success
TXN003380,2025-11-21,ACC00064,CUST00629,PRD005,Debit,Net Banking,11829.38,Success
TXN003381,2025-11-15,ACC00152,CUST00740,PRD016,Debit,UPI,14744.38,Success
TXN003382,2023-06-23,ACC00861,CUST00669,PRD003,Debit,Mobile App,272886.05,Success
TXN003383,2025-07-12,ACC00727,CUST00228,PRD011,Debit,Mobile App,372970.81,Success
TXN003384,2025-05-22,ACC00724,CUST00098,PRD001,Credit,UPI,10304.55,Success
TXN003385,2025-10-15,ACC00848,CUST00299,PRD012,Debit,Net Banking,3588.2,Success
TXN003386,2025-07-11,ACC00481,CUST00637,PRD013,Credit,UPI,17164.7,Success
TXN003387,2025-06-30,ACC00650,CUST00026,PRD008,Debit,UPI,8111.96,Success
TXN003388,2025-12-06,ACC00306,CUST00588,PRD003,Credit,ATM,445422.04,Success
TXN003389,2025-02-23,ACC00027,CUST00211,PRD008,Debit,Mobile App,8946.42,Success
TXN003390,2024-12-02,ACC00638,CUST00365,PRD013,Debit,Branch,30989.25,Success
TXN003391,2025-10-05,ACC00059,CUST00701,PRD008,Debit,Mobile App,1585.07,Success
TXN003392,2023-01-01,ACC00223,CUST00124,PRD006,Credit,Net Banking,11488.98,Success
TXN003393,2023-10-29,ACC00467,CUST00169,PRD012,Credit,UPI,42269.9,Success
TXN003394,2025-02-26,ACC00986,CUST00273,PRD016,Debit,UPI,15274.4,Success
TXN003395,2025-10-31,ACC00293,CUST00795,PRD010,Credit,Net Banking,122955.28,Failed
TXN003396,2024-10-17,ACC00733,CUST00424,PRD013,Credit,Branch,17143.01,Success
TXN003397,2025-05-02,ACC00791,CUST00066,PRD015,Credit,Mobile App,20302.0,Success
TXN003398,2025-10-06,ACC00874,CUST00686,PRD009,Debit,Mobile App,70282.33,Success
TXN003399,2025-09-11,ACC00279,CUST00268,PRD011,Credit,UPI,20393.83,Success
TXN003400,2025-11-08,ACC00289,CUST00704,PRD013,Credit,UPI,8264.14,Success
TXN003401,2025-08-20,ACC00942,CUST00379,PRD006,Debit,Net Banking,16858.37,Success
TXN003402,2025-01-30,ACC00697,CUST00146,PRD008,Debit,Net Banking,22453.02,Success
TXN003403,2025-01-15,ACC00341,CUST00315,PRD015,Credit,Mobile App,13256.04,Success
TXN003404,2025-09-20,ACC00911,CUST00332,PRD004,Credit,Branch,17537.9,Success
TXN003405,2024-11-22,ACC00674,CUST00392,PRD001,Credit,ATM,2464.8,Success
TXN003406,2025-08-22,ACC00798,CUST00576,PRD010,Credit,Net Banking,416250.45,Success
TXN003407,2024-07-15,ACC00390,CUST00253,PRD008,Credit,Mobile App,13113.9,Failed
TXN003408,2025-09-28,ACC00920,CUST00556,PRD016,Debit,ATM,1969.0,Success
TXN003409,2025-08-31,ACC00025,CUST00221,PRD002,Credit,Mobile App,3007.79,Failed
TXN003410,2025-07-30,ACC00459,CUST00084,PRD002,Debit,Net Banking,14876.18,Success
TXN003411,2025-10-26,ACC00408,CUST00160,PRD016,Debit,Mobile App,17350.2,Success
TXN003412,2025-06-05,ACC00368,CUST00416,PRD015,Credit,Mobile App,514.24,Success
TXN003413,2024-05-27,ACC00464,CUST00585,PRD010,Debit,Net Banking,200897.79,Success
TXN003414,2025-10-28,ACC00510,CUST00077,PRD002,Debit,ATM,19116.61,Success
TXN003415,2025-10-18,ACC00557,CUST00045,PRD013,Debit,UPI,7349.11,Success
TXN003416,2025-09-24,ACC00246,CUST00151,PRD004,Credit,UPI,14181.06,Success
TXN003417,2024-05-16,ACC00322,CUST00426,PRD002,Debit,UPI,6893.44,Success
TXN003418,2025-09-24,ACC00417,CUST00505,PRD011,Credit,Mobile App,374323.57,Success
TXN003419,2024-12-20,ACC00196,CUST00519,PRD004,Debit,Mobile App,11181.79,Success
TXN003420,2025-10-31,ACC00188,CUST00772,PRD009,Debit,UPI,223064.65,Success
TXN003421,2025-07-23,ACC00439,CUST00097,PRD013,Debit,UPI,28917.67,Success
TXN003422,2025-10-21,ACC00415,CUST00724,PRD007,Credit,UPI,19567.99,Success
TXN003423,2025-07-10,ACC00723,CUST00339,PRD002,Credit,Net Banking,14022.83,Success
TXN003424,2025-12-26,ACC00104,CUST00314,PRD010,Debit,ATM,152383.81,Success
TXN003425,2025-10-24,ACC00865,CUST00634,PRD010,Debit,UPI,261952.81,Success
TXN003426,2024-11-18,ACC00467,CUST00169,PRD012,Credit,Mobile App,42025.34,Success
TXN003427,2024-12-02,ACC00823,CUST00300,PRD016,Debit,Mobile App,18353.6,Success
TXN003428,2025-12-11,ACC00403,CUST00668,PRD016,Debit,Mobile App,7394.89,Failed
TXN003429,2025-07-10,ACC00425,CUST00750,PRD009,Debit,UPI,24740.64,Success
TXN003430,2025-07-18,ACC00701,CUST00365,PRD007,Debit,Net Banking,9923.01,Success
TXN003431,2024-06-16,ACC00677,CUST00105,PRD011,Credit,POS,446062.28,Success
TXN003432,2025-11-19,ACC00660,CUST00005,PRD007,Credit,UPI,1073.2,Failed
TXN003433,2025-01-28,ACC00441,CUST00331,PRD009,Credit,Mobile App,28677.53,Success
TXN003434,2024-11-26,ACC00053,CUST00354,PRD006,Debit,UPI,9028.37,Success
TXN003435,2025-12-27,ACC00568,CUST00566,PRD004,Credit,UPI,13536.64,Success
TXN003436,2025-06-21,ACC00611,CUST00427,PRD006,Debit,ATM,8314.01,Success
TXN003437,2025-09-09,ACC00998,CUST00095,PRD001,Credit,ATM,15509.47,Success
TXN003438,2025-04-19,ACC00800,CUST00040,PRD012,Debit,UPI,49744.75,Success
TXN003439,2025-03-08,ACC00753,CUST00385,PRD013,Debit,Mobile App,1221.16,Success
TXN003440,2025-08-08,ACC00740,CUST00160,PRD005,Debit,Mobile App,416.86,Success
TXN003441,2025-04-06,ACC00309,CUST00624,PRD010,Credit,UPI,207381.12,Success
TXN003442,2025-09-04,ACC00093,CUST00117,PRD013,Debit,UPI,39038.44,Success
TXN003443,2024-12-09,ACC00677,CUST00105,PRD016,Credit,UPI,23762.86,Success
TXN003444,2023-03-22,ACC00887,CUST00420,PRD005,Credit,UPI,14176.8,Success
TXN003445,2025-06-05,ACC00549,CUST00778,PRD006,Debit,POS,22440.35,Success
TXN003446,2025-10-19,ACC00803,CUST00415,PRD016,Credit,Mobile App,19053.13,Success
TXN003447,2024-07-20,ACC00894,CUST00027,PRD014,Debit,Branch,26775.56,Success
TXN003448,2025-05-11,ACC00645,CUST00494,PRD004,Credit,ATM,877.63,Success
TXN003449,2025-11-28,ACC00705,CUST00488,PRD004,Debit,UPI,17229.51,Success
TXN003450,2024-03-10,ACC00471,CUST00613,PRD008,Credit,UPI,23747.38,Success
TXN003451,2023-01-12,ACC00250,CUST00600,PRD006,Credit,Mobile App,9895.53,Failed
TXN003452,2024-10-07,ACC00891,CUST00696,PRD014,Credit,UPI,45168.15,Success
TXN003453,2025-10-01,ACC00675,CUST00410,PRD001,Credit,Branch,23505.96,Success
TXN003454,2025-04-26,ACC00866,CUST00701,PRD004,Credit,Net Banking,8157.82,Success
TXN003455,2025-09-25,ACC00574,CUST00160,PRD009,Credit,Mobile App,85724.97,Success
TXN003456,2024-06-14,ACC00613,CUST00646,PRD008,Debit,Net Banking,21392.2,Success
TXN003457,2023-03-16,ACC00094,CUST00370,PRD008,Credit,UPI,23303.57,Success
TXN003458,2025-03-10,ACC00548,CUST00073,PRD009,Debit,UPI,144137.5,Success
TXN003459,2025-03-09,ACC00724,CUST00098,PRD005,Credit,Branch,7285.49,Success
TXN003460,2025-11-12,ACC00925,CUST00436,PRD016,Debit,UPI,10983.13,Success
TXN003461,2023-06-03,ACC00140,CUST00754,PRD005,Credit,ATM,13406.0,Success
TXN003462,2023-01-01,ACC00527,CUST00490,PRD016,Credit,Mobile App,3515.78,Success
TXN003463,2025-10-30,ACC00028,CUST00761,PRD003,Credit,UPI,356728.06,Success
TXN003464,2025-02-12,ACC00480,CUST00191,PRD006,Debit,Mobile App,6303.51,Success
TXN003465,2025-02-13,ACC00911,CUST00332,PRD014,Credit,UPI,43511.62,Success
TXN003466,2023-12-06,ACC00910,CUST00613,PRD003,Debit,Net Banking,393824.45,Success
TXN003467,2023-04-21,ACC00927,CUST00673,PRD011,Credit,POS,224287.37,Success
TXN003468,2023-11-19,ACC00932,CUST00431,PRD014,Credit,Mobile App,31065.53,Success
TXN003469,2024-10-13,ACC00651,CUST00473,PRD006,Debit,Net Banking,8185.63,Success
TXN003470,2025-04-22,ACC00815,CUST00151,PRD011,Credit,Net Banking,424015.11,Success
TXN003471,2025-08-22,ACC00188,CUST00772,PRD012,Credit,ATM,6224.98,Success
TXN003472,2025-11-13,ACC00458,CUST00658,PRD011,Credit,Mobile App,235340.8,Success
TXN003473,2025-12-19,ACC00104,CUST00314,PRD007,Credit,Branch,15954.63,Success
TXN003474,2025-10-23,ACC00558,CUST00278,PRD007,Credit,Mobile App,11407.29,Success
TXN003475,2025-11-23,ACC00344,CUST00234,PRD005,Credit,UPI,5449.12,Success
TXN003476,2025-08-11,ACC00277,CUST00034,PRD004,Debit,UPI,18321.82,Success
TXN003477,2025-03-16,ACC00722,CUST00651,PRD012,Debit,UPI,42283.17,Success
TXN003478,2025-04-09,ACC00721,CUST00536,PRD010,Credit,Mobile App,490391.5,Success
TXN003479,2024-09-30,ACC00603,CUST00619,PRD010,Credit,UPI,309456.59,Success
TXN003480,2025-12-20,ACC00248,CUST00434,PRD001,Credit,UPI,854.1,Success
TXN003481,2025-07-28,ACC00891,CUST00696,PRD005,Credit,Mobile App,21858.79,Success
TXN003482,2025-10-17,ACC00831,CUST00070,PRD014,Credit,UPI,26297.7,Success
TXN003483,2025-10-13,ACC00386,CUST00751,PRD014,Debit,UPI,25892.5,Failed
TXN003484,2025-12-06,ACC00424,CUST00440,PRD009,Credit,ATM,287271.87,Success
TXN003485,2025-11-26,ACC00476,CUST00142,PRD009,Credit,UPI,114223.64,Success
TXN003486,2025-04-11,ACC00355,CUST00121,PRD010,Credit,Mobile App,348450.18,Success
TXN003487,2024-08-23,ACC00170,CUST00799,PRD010,Credit,UPI,216124.98,Success
TXN003488,2025-08-24,ACC00689,CUST00408,PRD003,Debit,UPI,128684.57,Success
TXN003489,2025-09-06,ACC00984,CUST00723,PRD010,Debit,Net Banking,265704.35,Success
TXN003490,2025-04-25,ACC00159,CUST00271,PRD011,Debit,UPI,110235.93,Success
TXN003491,2025-04-19,ACC00630,CUST00549,PRD002,Credit,UPI,12031.85,Success
TXN003492,2025-12-07,ACC00030,CUST00029,PRD002,Debit,Branch,9997.51,Success
TXN003493,2025-04-23,ACC00306,CUST00588,PRD007,Debit,POS,20359.45,Success
TXN003494,2025-10-21,ACC00865,CUST00634,PRD008,Credit,Mobile App,9464.16,Success
TXN003495,2024-12-30,ACC00164,CUST00696,PRD011,Debit,UPI,45275.98,Success
TXN003496,2024-01-29,ACC00003,CUST00180,PRD007,Debit,Mobile App,1019.59,Success
TXN003497,2025-12-19,ACC00201,CUST00521,PRD001,Credit,Mobile App,5774.09,Success
TXN003498,2024-09-19,ACC00464,CUST00585,PRD016,Credit,Branch,17125.58,Success
TXN003499,2024-08-10,ACC00841,CUST00075,PRD011,Credit,UPI,305336.47,Success
TXN003500,2025-06-02,ACC00167,CUST00538,PRD016,Debit,UPI,16298.72,Success
TXN003501,2024-05-24,ACC00070,CUST00766,PRD013,Credit,Net Banking,26076.79,Success
TXN003502,2025-12-21,ACC00660,CUST00005,PRD011,Debit,Branch,315234.64,Success
TXN003503,2025-07-01,ACC00063,CUST00599,PRD013,Credit,UPI,45586.51,Success
TXN003504,2024-08-20,ACC00312,CUST00218,PRD010,Credit,Net Banking,324852.53,Success
TXN003505,2024-11-23,ACC00149,CUST00531,PRD009,Debit,Net Banking,268790.11,Success
TXN003506,2024-11-04,ACC00982,CUST00427,PRD015,Credit,Mobile App,1879.28,Success
TXN003507,2024-08-18,ACC00485,CUST00108,PRD013,Debit,Mobile App,33186.49,Success
TXN003508,2023-12-24,ACC00211,CUST00360,PRD002,Debit,Mobile App,3527.71,Success
TXN003509,2025-05-08,ACC00055,CUST00527,PRD008,Debit,UPI,21510.99,Success
TXN003510,2023-09-15,ACC00218,CUST00475,PRD001,Debit,Mobile App,18790.26,Success
TXN003511,2025-08-27,ACC00765,CUST00519,PRD013,Debit,Branch,16772.21,Success
TXN003512,2025-08-17,ACC00423,CUST00020,PRD001,Credit,UPI,10693.81,Success
TXN003513,2024-08-16,ACC00192,CUST00660,PRD010,Debit,UPI,491380.43,Failed
TXN003514,2025-11-18,ACC00568,CUST00566,PRD015,Credit,UPI,839.15,Success
TXN003515,2024-04-11,ACC00912,CUST00738,PRD010,Debit,UPI,277460.51,Success
TXN003516,2024-04-29,ACC00995,CUST00691,PRD001,Debit,Mobile App,24647.42,Success
TXN003517,2025-03-12,ACC00804,CUST00731,PRD001,Debit,UPI,8480.33,Failed
TXN003518,2025-07-24,ACC00909,CUST00694,PRD011,Credit,ATM,316253.66,Success
TXN003519,2024-03-16,ACC00140,CUST00754,PRD014,Debit,POS,31698.61,Success
TXN003520,2024-03-05,ACC00751,CUST00270,PRD011,Credit,UPI,42557.16,Success
TXN003521,2024-05-16,ACC00340,CUST00779,PRD014,Credit,Mobile App,21436.44,Success
TXN003522,2024-09-20,ACC00764,CUST00510,PRD009,Credit,ATM,321441.98,Success
TXN003523,2024-01-16,ACC00081,CUST00425,PRD014,Debit,Net Banking,1523.04,Success
TXN003524,2025-06-11,ACC00435,CUST00247,PRD007,Debit,POS,20919.75,Success
TXN003525,2024-12-20,ACC00035,CUST00756,PRD014,Credit,UPI,37433.38,Success
TXN003526,2025-02-09,ACC00965,CUST00720,PRD002,Credit,Mobile App,2087.52,Success
TXN003527,2023-05-02,ACC00283,CUST00568,PRD012,Credit,ATM,28888.51,Success
TXN003528,2023-10-11,ACC00092,CUST00137,PRD012,Credit,UPI,17803.31,Success
TXN003529,2024-03-28,ACC00645,CUST00494,PRD006,Credit,Mobile App,17283.1,Success
TXN003530,2025-01-28,ACC00821,CUST00432,PRD012,Credit,Mobile App,25363.28,Success
TXN003531,2025-12-23,ACC00173,CUST00428,PRD012,Credit,UPI,7213.64,Success
TXN003532,2025-05-06,ACC00439,CUST00097,PRD007,Credit,Mobile App,22653.84,Success
TXN003533,2024-08-10,ACC00478,CUST00275,PRD009,Debit,Net Banking,118707.96,Success
TXN003534,2025-12-23,ACC00294,CUST00668,PRD006,Debit,UPI,5504.12,Success
TXN003535,2025-11-09,ACC00714,CUST00442,PRD012,Credit,Net Banking,12644.63,Success
TXN003536,2024-01-23,ACC00837,CUST00708,PRD004,Credit,Net Banking,277.15,Success
TXN003537,2025-12-29,ACC00594,CUST00128,PRD014,Credit,UPI,37688.15,Success
TXN003538,2025-07-15,ACC00878,CUST00191,PRD013,Debit,UPI,14948.99,Success
TXN003539,2025-12-25,ACC00803,CUST00415,PRD014,Debit,UPI,19598.78,Success
TXN003540,2025-04-11,ACC00635,CUST00757,PRD002,Credit,Mobile App,8991.0,Success
TXN003541,2025-07-20,ACC00100,CUST00418,PRD001,Debit,UPI,6227.87,Success
TXN003542,2025-11-30,ACC00368,CUST00416,PRD011,Debit,Mobile App,422393.2,Success
TXN003543,2025-10-20,ACC00279,CUST00268,PRD007,Debit,Mobile App,801.51,Success
TXN003544,2025-08-22,ACC00816,CUST00760,PRD016,Credit,Mobile App,16288.91,Failed
TXN003545,2024-12-29,ACC00372,CUST00251,PRD002,Credit,UPI,4509.52,Success
TXN003546,2025-09-09,ACC00751,CUST00270,PRD002,Credit,ATM,20443.31,Success
TXN003547,2024-07-19,ACC00995,CUST00691,PRD013,Debit,UPI,31360.87,Success
TXN003548,2025-11-27,ACC00723,CUST00339,PRD014,Debit,POS,44636.36,Success
TXN003549,2024-06-11,ACC00120,CUST00124,PRD010,Credit,ATM,163814.28,Success
TXN003550,2025-01-17,ACC00307,CUST00048,PRD015,Debit,UPI,3198.55,Success
TXN003551,2023-07-23,ACC00752,CUST00558,PRD002,Credit,Mobile App,12311.33,Success
TXN003552,2025-08-11,ACC00217,CUST00470,PRD013,Credit,UPI,10822.27,Success
TXN003553,2025-09-27,ACC00524,CUST00226,PRD006,Credit,ATM,6656.1,Success
TXN003554,2024-12-02,ACC00159,CUST00271,PRD009,Credit,UPI,382389.36,Success
TXN003555,2023-09-12,ACC00432,CUST00133,PRD012,Credit,UPI,1569.58,Success
TXN003556,2025-03-25,ACC00351,CUST00298,PRD011,Credit,Net Banking,213023.33,Success
TXN003557,2025-07-10,ACC00003,CUST00180,PRD010,Debit,ATM,311269.84,Success
TXN003558,2025-01-14,ACC00777,CUST00691,PRD001,Debit,Branch,4411.02,Success
TXN003559,2025-08-13,ACC00525,CUST00025,PRD004,Debit,ATM,12777.77,Failed
TXN003560,2025-11-21,ACC00153,CUST00638,PRD005,Debit,ATM,8830.06,Success
TXN003561,2025-11-03,ACC00893,CUST00750,PRD009,Debit,UPI,177752.61,Success
TXN003562,2025-12-22,ACC00882,CUST00138,PRD011,Debit,Mobile App,79177.22,Success
TXN003563,2025-07-14,ACC00976,CUST00521,PRD004,Credit,UPI,10677.97,Success
TXN003564,2025-06-04,ACC00286,CUST00417,PRD002,Debit,Mobile App,2730.89,Success
TXN003565,2023-03-07,ACC00187,CUST00048,PRD009,Credit,ATM,366004.78,Success
TXN003566,2024-02-15,ACC00122,CUST00099,PRD009,Debit,UPI,303510.86,Failed
TXN003567,2025-05-29,ACC00595,CUST00554,PRD013,Debit,Branch,10674.55,Success
TXN003568,2024-04-15,ACC00365,CUST00179,PRD012,Credit,Net Banking,25842.48,Success
TXN003569,2025-02-18,ACC00787,CUST00649,PRD006,Debit,UPI,11924.92,Success
TXN003570,2023-02-06,ACC00482,CUST00692,PRD016,Credit,UPI,309.88,Success
TXN003571,2025-04-01,ACC00043,CUST00457,PRD002,Credit,Branch,8792.75,Failed
TXN003572,2025-02-10,ACC00999,CUST00547,PRD014,Debit,Mobile App,1648.01,Success
TXN003573,2023-11-12,ACC00752,CUST00558,PRD014,Debit,UPI,39482.45,Success
TXN003574,2025-03-20,ACC00747,CUST00453,PRD003,Debit,Branch,426743.55,Success
TXN003575,2024-12-12,ACC00385,CUST00185,PRD010,Debit,UPI,36728.1,Success
TXN003576,2024-07-08,ACC00973,CUST00125,PRD004,Debit,Mobile App,6786.42,Success
TXN003577,2025-03-14,ACC00721,CUST00536,PRD009,Credit,UPI,257479.0,Success
TXN003578,2025-12-10,ACC00016,CUST00394,PRD002,Debit,Net Banking,5455.78,Success
TXN003579,2025-04-12,ACC00782,CUST00064,PRD008,Credit,POS,13815.87,Success
TXN003580,2025-12-06,ACC00698,CUST00748,PRD011,Credit,Mobile App,168591.86,Success
TXN003581,2025-11-16,ACC00539,CUST00443,PRD003,Debit,Branch,152982.97,Success
TXN003582,2024-12-02,ACC00906,CUST00337,PRD010,Debit,UPI,287850.05,Success
TXN003583,2025-04-14,ACC00160,CUST00708,PRD002,Credit,UPI,23339.22,Success
TXN003584,2025-11-02,ACC00573,CUST00220,PRD001,Credit,UPI,24797.21,Success
TXN003585,2025-11-02,ACC00424,CUST00440,PRD009,Debit,Net Banking,26714.61,Success
TXN003586,2024-04-17,ACC00958,CUST00590,PRD009,Debit,Net Banking,102747.84,Success
TXN003587,2024-08-13,ACC00129,CUST00635,PRD009,Credit,Mobile App,37014.1,Success
TXN003588,2025-09-19,ACC00454,CUST00033,PRD001,Credit,Mobile App,9598.91,Success
TXN003589,2024-11-10,ACC00102,CUST00058,PRD014,Credit,UPI,22708.22,Success
TXN003590,2025-09-17,ACC00560,CUST00693,PRD013,Debit,UPI,39062.28,Success
TXN003591,2025-01-22,ACC00330,CUST00791,PRD011,Credit,UPI,207643.39,Success
TXN003592,2025-11-07,ACC00620,CUST00135,PRD006,Debit,Net Banking,9073.74,Success
TXN003593,2024-12-22,ACC00339,CUST00164,PRD004,Credit,Mobile App,8540.21,Success
TXN003594,2023-04-01,ACC00682,CUST00596,PRD004,Credit,UPI,12423.83,Success
TXN003595,2023-12-19,ACC00625,CUST00235,PRD013,Credit,POS,1110.05,Success
TXN003596,2025-09-17,ACC00415,CUST00724,PRD011,Debit,UPI,110963.15,Success
TXN003597,2025-08-15,ACC00592,CUST00778,PRD011,Debit,Net Banking,64891.61,Success
TXN003598,2025-11-05,ACC00708,CUST00524,PRD015,Credit,ATM,18606.79,Success
TXN003599,2024-07-27,ACC00061,CUST00510,PRD010,Credit,UPI,88416.82,Success
TXN003600,2023-01-01,ACC00864,CUST00731,PRD008,Credit,ATM,21766.46,Success
TXN003601,2025-03-16,ACC00722,CUST00651,PRD005,Debit,UPI,2885.68,Success
TXN003602,2025-10-25,ACC00647,CUST00347,PRD010,Credit,Mobile App,496548.8,Success
TXN003603,2024-07-08,ACC00142,CUST00542,PRD001,Credit,ATM,7729.19,Success
TXN003604,2023-08-12,ACC00895,CUST00687,PRD004,Credit,POS,5717.01,Success
TXN003605,2024-12-25,ACC00686,CUST00596,PRD004,Credit,ATM,3380.44,Failed
TXN003606,2025-07-25,ACC00659,CUST00363,PRD002,Credit,UPI,3687.36,Success
TXN003607,2025-08-21,ACC00995,CUST00691,PRD008,Credit,Branch,2148.83,Success
TXN003608,2025-10-19,ACC00793,CUST00456,PRD001,Debit,Branch,523.74,Success
TXN003609,2023-12-30,ACC00978,CUST00172,PRD010,Credit,Net Banking,424433.63,Success
TXN003610,2024-07-31,ACC00080,CUST00627,PRD005,Debit,UPI,16892.63,Success
TXN003611,2025-11-30,ACC00039,CUST00392,PRD007,Credit,Mobile App,5693.77,Success
TXN003612,2024-04-16,ACC00545,CUST00067,PRD012,Credit,Mobile App,30332.56,Success
TXN003613,2025-04-17,ACC00834,CUST00520,PRD014,Credit,Mobile App,34017.8,Failed
TXN003614,2023-09-26,ACC00836,CUST00598,PRD013,Credit,UPI,29425.13,Success
TXN003615,2023-12-15,ACC00545,CUST00067,PRD007,Credit,UPI,2746.89,Success
TXN003616,2024-07-05,ACC00756,CUST00505,PRD003,Debit,UPI,299092.25,Failed
TXN003617,2025-02-02,ACC00391,CUST00594,PRD011,Debit,UPI,442804.27,Success
TXN003618,2025-03-19,ACC00486,CUST00315,PRD016,Debit,Net Banking,20078.11,Success
TXN003619,2024-11-29,ACC00972,CUST00663,PRD002,Debit,UPI,19799.98,Success
TXN003620,2025-04-23,ACC00028,CUST00761,PRD004,Debit,Mobile App,5425.96,Success
TXN003621,2025-05-05,ACC00346,CUST00678,PRD011,Credit,UPI,272249.07,Success
TXN003622,2024-12-19,ACC00083,CUST00091,PRD013,Credit,UPI,11920.7,Success
TXN003623,2025-12-11,ACC00937,CUST00739,PRD007,Debit,Mobile App,14157.42,Success
TXN003624,2025-08-29,ACC00069,CUST00587,PRD016,Debit,Mobile App,14224.62,Success
TXN003625,2025-10-04,ACC00743,CUST00793,PRD011,Credit,UPI,294214.69,Success
TXN003626,2025-07-12,ACC00567,CUST00055,PRD003,Debit,Mobile App,448992.24,Success
TXN003627,2024-07-07,ACC00836,CUST00598,PRD012,Debit,UPI,31453.7,Failed
TXN003628,2025-11-13,ACC00234,CUST00576,PRD014,Debit,Net Banking,14290.82,Failed
TXN003629,2025-02-25,ACC00638,CUST00365,PRD003,Credit,Mobile App,476280.29,Success
TXN003630,2025-09-29,ACC00125,CUST00308,PRD002,Credit,UPI,13241.82,Success
TXN003631,2025-10-09,ACC00693,CUST00441,PRD010,Credit,Mobile App,430727.82,Success
TXN003632,2025-03-11,ACC00835,CUST00225,PRD015,Credit,POS,18198.64,Success
TXN003633,2024-12-12,ACC00697,CUST00146,PRD001,Debit,Net Banking,9046.06,Success
TXN003634,2023-10-31,ACC00077,CUST00474,PRD008,Credit,ATM,149.26,Success
TXN003635,2025-04-10,ACC00140,CUST00754,PRD005,Credit,Mobile App,19852.66,Success
TXN003636,2025-12-24,ACC00139,CUST00611,PRD010,Debit,POS,304996.97,Success
TXN003637,2024-10-13,ACC00669,CUST00113,PRD004,Debit,UPI,19226.14,Success
TXN003638,2023-09-21,ACC00008,CUST00624,PRD012,Debit,UPI,20606.59,Success
TXN003639,2025-03-06,ACC00612,CUST00476,PRD010,Credit,Mobile App,64325.73,Success
TXN003640,2025-01-24,ACC00715,CUST00693,PRD011,Debit,Net Banking,132846.53,Success
TXN003641,2024-11-23,ACC00416,CUST00222,PRD014,Debit,UPI,41667.63,Success
TXN003642,2025-09-15,ACC00049,CUST00574,PRD013,Debit,Branch,23261.64,Success
TXN003643,2024-04-27,ACC00390,CUST00253,PRD002,Debit,UPI,19899.4,Success
TXN003644,2025-02-12,ACC00721,CUST00536,PRD014,Credit,Mobile App,4568.92,Success
TXN003645,2025-02-07,ACC00580,CUST00719,PRD016,Debit,Branch,24999.38,Success
TXN003646,2025-03-09,ACC00199,CUST00415,PRD013,Credit,UPI,30037.9,Success
TXN003647,2025-08-20,ACC00913,CUST00503,PRD006,Debit,Mobile App,5556.04,Success
TXN003648,2025-08-02,ACC00137,CUST00132,PRD014,Credit,ATM,12593.77,Success
TXN003649,2024-04-22,ACC00501,CUST00051,PRD016,Credit,Branch,2220.56,Success
TXN003650,2025-03-02,ACC00157,CUST00045,PRD008,Credit,Mobile App,17388.14,Success
TXN003651,2024-09-10,ACC00449,CUST00420,PRD005,Credit,UPI,20140.91,Success
TXN003652,2025-05-08,ACC00473,CUST00640,PRD008,Credit,UPI,20142.5,Success
TXN003653,2024-06-22,ACC00204,CUST00426,PRD015,Debit,UPI,19089.71,Success
TXN003654,2025-12-14,ACC00591,CUST00184,PRD007,Credit,Mobile App,9439.04,Success
TXN003655,2025-12-13,ACC00036,CUST00217,PRD007,Debit,Mobile App,22275.21,Success
TXN003656,2025-12-22,ACC00536,CUST00338,PRD016,Credit,Mobile App,17931.24,Success
TXN003657,2025-07-19,ACC00766,CUST00524,PRD013,Credit,Mobile App,32376.14,Success
TXN003658,2025-08-03,ACC00301,CUST00260,PRD001,Credit,UPI,22765.22,Success
TXN003659,2025-11-25,ACC00318,CUST00349,PRD012,Debit,UPI,11513.36,Success
TXN003660,2024-10-06,ACC00216,CUST00631,PRD008,Credit,Branch,128.1,Success
TXN003661,2025-06-10,ACC00199,CUST00415,PRD007,Debit,UPI,8731.6,Success
TXN003662,2023-02-12,ACC00927,CUST00673,PRD013,Debit,Mobile App,45289.31,Success
TXN003663,2025-12-07,ACC00889,CUST00209,PRD012,Credit,Net Banking,48561.48,Success
TXN003664,2024-02-26,ACC00698,CUST00748,PRD015,Credit,UPI,8676.58,Failed
TXN003665,2025-09-06,ACC00439,CUST00097,PRD014,Credit,UPI,31177.87,Success
TXN003666,2025-05-01,ACC00707,CUST00527,PRD007,Debit,Mobile App,17560.37,Success
TXN003667,2024-03-07,ACC00092,CUST00137,PRD015,Credit,UPI,1829.14,Success
TXN003668,2023-10-07,ACC00785,CUST00127,PRD004,Credit,Mobile App,14155.07,Success
TXN003669,2025-11-27,ACC00017,CUST00260,PRD015,Credit,ATM,22095.9,Success
TXN003670,2025-12-01,ACC00220,CUST00676,PRD014,Credit,Mobile App,13592.86,Success
TXN003671,2025-09-29,ACC00405,CUST00233,PRD004,Credit,UPI,6133.34,Success
TXN003672,2024-11-04,ACC00341,CUST00315,PRD003,Credit,UPI,441909.77,Success
TXN003673,2025-05-03,ACC00377,CUST00069,PRD001,Debit,UPI,14238.18,Success
TXN003674,2025-08-31,ACC00975,CUST00146,PRD004,Debit,Mobile App,2330.33,Success
TXN003675,2025-04-18,ACC00738,CUST00146,PRD004,Credit,Branch,17911.72,Failed
TXN003676,2025-10-11,ACC00499,CUST00581,PRD008,Credit,Net Banking,8195.05,Success
TXN003677,2025-04-01,ACC00938,CUST00448,PRD004,Debit,Net Banking,24341.49,Success
TXN003678,2025-04-08,ACC00580,CUST00719,PRD008,Credit,UPI,21895.45,Success
TXN003679,2024-11-09,ACC00437,CUST00242,PRD011,Debit,ATM,221101.72,Failed
TXN003680,2025-10-22,ACC00319,CUST00630,PRD003,Credit,Mobile App,483868.58,Success
TXN003681,2025-11-28,ACC00606,CUST00407,PRD013,Credit,UPI,18614.57,Success
TXN003682,2025-01-10,ACC00490,CUST00050,PRD011,Debit,Net Banking,482738.66,Failed
TXN003683,2025-11-29,ACC00679,CUST00637,PRD011,Credit,ATM,187866.72,Success
TXN003684,2024-12-07,ACC00048,CUST00348,PRD007,Debit,UPI,13415.48,Failed
TXN003685,2024-12-08,ACC00583,CUST00356,PRD001,Credit,UPI,17016.78,Success
TXN003686,2025-03-25,ACC00965,CUST00720,PRD016,Debit,Net Banking,11381.27,Success
TXN003687,2025-07-11,ACC00702,CUST00259,PRD002,Credit,UPI,20250.07,Success
TXN003688,2023-10-06,ACC00947,CUST00735,PRD005,Debit,Branch,23822.32,Success
TXN003689,2025-06-07,ACC00563,CUST00705,PRD010,Debit,UPI,464766.95,Success
TXN003690,2025-11-08,ACC00087,CUST00517,PRD006,Debit,ATM,13689.86,Success
TXN003691,2025-07-10,ACC00247,CUST00476,PRD012,Debit,ATM,15025.86,Success
TXN003692,2025-06-27,ACC00275,CUST00755,PRD016,Credit,UPI,1596.23,Success
TXN003693,2025-12-23,ACC00642,CUST00740,PRD012,Credit,UPI,46666.14,Success
TXN003694,2025-03-02,ACC00262,CUST00712,PRD002,Debit,UPI,24836.2,Success
TXN003695,2025-12-08,ACC00515,CUST00519,PRD006,Debit,UPI,6869.69,Success
TXN003696,2024-03-11,ACC00703,CUST00047,PRD002,Credit,UPI,21979.76,Success
TXN003697,2025-05-23,ACC00549,CUST00778,PRD004,Debit,Mobile App,3855.32,Failed
TXN003698,2025-09-13,ACC00143,CUST00127,PRD004,Credit,Mobile App,15154.57,Success
TXN003699,2024-07-21,ACC00094,CUST00370,PRD012,Debit,UPI,39389.91,Success
TXN003700,2025-05-31,ACC00337,CUST00391,PRD002,Credit,UPI,20045.64,Success
TXN003701,2024-06-12,ACC00390,CUST00253,PRD003,Debit,UPI,341878.7,Success
TXN003702,2025-12-21,ACC00822,CUST00206,PRD007,Debit,Net Banking,2099.67,Success
TXN003703,2025-08-01,ACC00444,CUST00677,PRD006,Credit,UPI,10782.96,Success
TXN003704,2025-06-03,ACC00889,CUST00209,PRD002,Credit,UPI,7258.76,Success
TXN003705,2025-12-22,ACC00457,CUST00530,PRD007,Debit,Mobile App,1712.84,Success
TXN003706,2025-12-12,ACC00367,CUST00197,PRD002,Debit,Mobile App,677.66,Success
TXN003707,2025-11-09,ACC00398,CUST00376,PRD009,Credit,UPI,186712.01,Success
TXN003708,2025-06-01,ACC00595,CUST00554,PRD006,Credit,UPI,2368.59,Success
TXN003709,2024-03-26,ACC00947,CUST00735,PRD003,Debit,UPI,379880.9,Success
TXN003710,2025-09-09,ACC00695,CUST00403,PRD001,Credit,Net Banking,829.76,Success
TXN003711,2025-09-25,ACC00180,CUST00527,PRD012,Debit,UPI,47577.56,Success
TXN003712,2024-07-28,ACC00385,CUST00185,PRD001,Credit,ATM,3642.71,Success
TXN003713,2025-12-17,ACC00314,CUST00260,PRD009,Debit,Mobile App,45378.26,Success
TXN003714,2025-10-02,ACC00414,CUST00616,PRD015,Credit,UPI,5120.95,Failed
TXN003715,2025-05-05,ACC00090,CUST00503,PRD008,Debit,Mobile App,15149.33,Success
TXN003716,2023-06-06,ACC00905,CUST00585,PRD006,Debit,UPI,907.6,Success
TXN003717,2025-11-04,ACC00762,CUST00765,PRD004,Credit,UPI,20350.96,Failed
TXN003718,2025-12-13,ACC00238,CUST00625,PRD013,Credit,Net Banking,5395.62,Success
TXN003719,2025-11-23,ACC00827,CUST00746,PRD001,Debit,Net Banking,1235.12,Success
TXN003720,2024-03-08,ACC00732,CUST00522,PRD011,Debit,ATM,444370.92,Success
TXN003721,2025-11-08,ACC00802,CUST00023,PRD002,Credit,POS,17910.7,Success
TXN003722,2025-10-26,ACC00150,CUST00524,PRD012,Debit,POS,13289.34,Success
TXN003723,2023-05-08,ACC00925,CUST00436,PRD011,Debit,UPI,243996.48,Failed
TXN003724,2025-07-05,ACC00883,CUST00095,PRD014,Debit,ATM,31619.97,Success
TXN003725,2025-12-05,ACC00398,CUST00376,PRD013,Credit,POS,17216.01,Success
TXN003726,2025-04-28,ACC00609,CUST00305,PRD012,Credit,UPI,8740.16,Success
TXN003727,2025-12-06,ACC00293,CUST00795,PRD003,Debit,ATM,377445.14,Success
TXN003728,2025-06-25,ACC00746,CUST00398,PRD009,Credit,Net Banking,46994.29,Success
TXN003729,2023-07-06,ACC00436,CUST00354,PRD013,Credit,UPI,21624.22,Success
TXN003730,2025-05-21,ACC00448,CUST00212,PRD010,Debit,Mobile App,245591.19,Success
TXN003731,2025-10-11,ACC00801,CUST00668,PRD016,Debit,UPI,14933.48,Success
TXN003732,2025-02-08,ACC00355,CUST00121,PRD009,Debit,Mobile App,250938.45,Success
TXN003733,2025-07-04,ACC00386,CUST00751,PRD014,Debit,Mobile App,41956.31,Success
TXN003734,2025-11-04,ACC00625,CUST00235,PRD012,Credit,ATM,5749.1,Success
TXN003735,2025-10-09,ACC00593,CUST00602,PRD008,Debit,UPI,471.62,Success
TXN003736,2025-10-27,ACC00028,CUST00761,PRD013,Debit,Mobile App,23543.34,Success
TXN003737,2024-10-06,ACC00906,CUST00337,PRD007,Debit,UPI,6496.64,Success
TXN003738,2023-03-06,ACC00409,CUST00610,PRD008,Debit,UPI,5410.85,Success
TXN003739,2023-07-20,ACC00564,CUST00760,PRD010,Credit,UPI,78340.0,Failed
TXN003740,2025-06-11,ACC00821,CUST00432,PRD002,Debit,Net Banking,16755.35,Success
TXN003741,2023-10-11,ACC00269,CUST00367,PRD002,Credit,UPI,10020.43,Success
TXN003742,2025-11-20,ACC00402,CUST00574,PRD015,Credit,UPI,17097.71,Success
TXN003743,2024-03-23,ACC00495,CUST00372,PRD006,Credit,Mobile App,14493.8,Success
TXN003744,2024-11-17,ACC00411,CUST00378,PRD012,Debit,Branch,47010.35,Success
TXN003745,2024-11-14,ACC00768,CUST00048,PRD013,Debit,UPI,6214.28,Success
TXN003746,2025-12-11,ACC00593,CUST00602,PRD007,Credit,UPI,1910.22,Success
TXN003747,2025-11-26,ACC00966,CUST00570,PRD014,Credit,UPI,2797.82,Success
TXN003748,2023-11-17,ACC00763,CUST00295,PRD012,Debit,ATM,13272.37,Success
TXN003749,2025-09-02,ACC00883,CUST00095,PRD011,Debit,UPI,379067.65,Success
TXN003750,2023-12-14,ACC00938,CUST00448,PRD014,Credit,Mobile App,7279.2,Success
TXN003751,2024-09-29,ACC00604,CUST00034,PRD010,Debit,UPI,31320.84,Success
TXN003752,2025-05-14,ACC00823,CUST00300,PRD014,Credit,UPI,40563.76,Success
TXN003753,2025-03-26,ACC00633,CUST00671,PRD010,Credit,UPI,42488.35,Success
TXN003754,2025-12-06,ACC00853,CUST00693,PRD008,Credit,Branch,18020.41,Success
TXN003755,2025-09-23,ACC00098,CUST00241,PRD007,Debit,Net Banking,17487.32,Failed
TXN003756,2023-07-31,ACC00725,CUST00303,PRD012,Credit,Net Banking,43452.93,Success
TXN003757,2025-05-16,ACC00645,CUST00494,PRD009,Debit,UPI,63543.31,Success
TXN003758,2023-01-06,ACC00174,CUST00141,PRD016,Credit,UPI,19050.25,Success
TXN003759,2025-05-23,ACC00088,CUST00236,PRD007,Debit,Mobile App,3971.16,Success
TXN003760,2025-12-26,ACC00017,CUST00260,PRD012,Debit,ATM,42848.38,Success
TXN003761,2024-08-26,ACC00532,CUST00239,PRD006,Credit,Mobile App,8091.7,Success
TXN003762,2024-07-25,ACC00467,CUST00169,PRD014,Debit,ATM,38636.21,Success
TXN003763,2023-08-05,ACC00183,CUST00338,PRD007,Debit,Branch,2552.17,Success
TXN003764,2024-10-19,ACC00667,CUST00357,PRD012,Credit,UPI,25581.14,Success
TXN003765,2025-12-25,ACC00979,CUST00375,PRD005,Credit,UPI,23478.32,Success
TXN003766,2025-04-13,ACC00768,CUST00048,PRD004,Credit,Net Banking,4103.33,Success
TXN003767,2025-12-08,ACC00300,CUST00176,PRD014,Debit,UPI,14989.58,Success
TXN003768,2025-11-10,ACC00538,CUST00098,PRD009,Debit,ATM,154488.13,Success
TXN003769,2025-08-09,ACC00727,CUST00228,PRD001,Debit,Mobile App,1709.98,Success
TXN003770,2024-09-01,ACC00113,CUST00602,PRD006,Credit,Mobile App,12551.0,Success
TXN003771,2025-09-24,ACC00771,CUST00642,PRD013,Credit,UPI,32790.77,Success
TXN003772,2025-11-27,ACC00707,CUST00527,PRD013,Debit,Mobile App,33396.68,Success
TXN003773,2025-12-30,ACC00917,CUST00771,PRD007,Credit,UPI,24469.63,Success
TXN003774,2025-10-11,ACC00694,CUST00550,PRD002,Debit,Net Banking,7483.02,Success
TXN003775,2025-12-18,ACC00727,CUST00228,PRD013,Credit,UPI,35431.05,Success
TXN003776,2025-08-31,ACC00172,CUST00649,PRD007,Debit,UPI,4401.68,Success
TXN003777,2025-04-09,ACC00413,CUST00418,PRD007,Credit,Net Banking,10130.38,Success
TXN003778,2023-03-04,ACC00767,CUST00400,PRD016,Credit,Mobile App,20864.25,Success
TXN003779,2023-12-02,ACC00735,CUST00288,PRD007,Debit,Mobile App,3489.06,Success
TXN003780,2023-12-28,ACC00613,CUST00646,PRD005,Credit,ATM,3681.04,Success
TXN003781,2023-11-23,ACC00894,CUST00027,PRD016,Debit,ATM,23582.67,Success
TXN003782,2024-02-21,ACC00387,CUST00590,PRD013,Credit,Mobile App,24056.46,Success
TXN003783,2025-02-03,ACC00942,CUST00379,PRD012,Debit,UPI,44709.27,Success
TXN003784,2025-07-03,ACC00433,CUST00541,PRD009,Credit,Mobile App,45016.75,Success
TXN003785,2025-09-19,ACC00809,CUST00356,PRD016,Debit,Net Banking,12973.61,Success
TXN003786,2024-03-18,ACC00221,CUST00737,PRD013,Debit,POS,12070.92,Success
TXN003787,2025-08-05,ACC00009,CUST00297,PRD004,Credit,UPI,5959.39,Success
TXN003788,2025-11-22,ACC00974,CUST00404,PRD016,Credit,Net Banking,23595.4,Success
TXN003789,2024-10-26,ACC00701,CUST00365,PRD010,Debit,UPI,220697.62,Success
TXN003790,2025-03-04,ACC00977,CUST00140,PRD001,Credit,Branch,11289.36,Success
TXN003791,2024-07-26,ACC00973,CUST00125,PRD014,Debit,Net Banking,34249.67,Success
TXN003792,2025-03-24,ACC00874,CUST00686,PRD016,Debit,Mobile App,11894.88,Success
TXN003793,2024-11-08,ACC00863,CUST00298,PRD002,Debit,Mobile App,8672.12,Success
TXN003794,2025-09-09,ACC00481,CUST00637,PRD004,Credit,ATM,21580.11,Success
TXN003795,2024-06-04,ACC00021,CUST00211,PRD004,Credit,Net Banking,21142.45,Success
TXN003796,2025-05-28,ACC00866,CUST00701,PRD015,Credit,ATM,3342.92,Success
TXN003797,2024-01-26,ACC00635,CUST00757,PRD013,Debit,UPI,9184.34,Success
TXN003798,2025-12-27,ACC00610,CUST00349,PRD014,Debit,Mobile App,4213.06,Success
TXN003799,2025-11-16,ACC00993,CUST00174,PRD005,Debit,UPI,10705.57,Success
TXN003800,2024-05-20,ACC00019,CUST00634,PRD004,Credit,Mobile App,1524.43,Success
TXN003801,2024-03-11,ACC00431,CUST00377,PRD008,Credit,Mobile App,2939.1,Success
TXN003802,2024-01-30,ACC00311,CUST00362,PRD014,Credit,Mobile App,12018.1,Success
TXN003803,2023-02-20,ACC00411,CUST00378,PRD016,Credit,Branch,23888.31,Success
TXN003804,2025-06-03,ACC00269,CUST00367,PRD003,Credit,Mobile App,109846.62,Success
TXN003805,2023-12-11,ACC00132,CUST00199,PRD009,Debit,Net Banking,492294.53,Failed
TXN003806,2025-11-25,ACC00875,CUST00202,PRD010,Debit,UPI,447432.05,Failed
TXN003807,2024-10-26,ACC00780,CUST00001,PRD004,Credit,UPI,2028.06,Success
TXN003808,2025-06-07,ACC00474,CUST00146,PRD001,Credit,UPI,11667.37,Success
TXN003809,2024-12-15,ACC00996,CUST00670,PRD015,Debit,UPI,24945.03,Success
TXN003810,2024-05-04,ACC00169,CUST00548,PRD005,Credit,UPI,1079.51,Success
TXN003811,2025-05-21,ACC00724,CUST00098,PRD004,Credit,UPI,14624.23,Success
TXN003812,2025-10-16,ACC00665,CUST00041,PRD015,Credit,Mobile App,6419.75,Success
TXN003813,2025-11-01,ACC00726,CUST00469,PRD016,Credit,Mobile App,21589.33,Success
TXN003814,2025-12-23,ACC00757,CUST00344,PRD003,Credit,Mobile App,227951.0,Success
TXN003815,2025-12-03,ACC00870,CUST00160,PRD012,Credit,Mobile App,47916.18,Success
TXN003816,2025-12-08,ACC00279,CUST00268,PRD007,Credit,UPI,6576.73,Success
TXN003817,2025-07-26,ACC00005,CUST00442,PRD012,Credit,UPI,40972.37,Success
TXN003818,2025-10-31,ACC00016,CUST00394,PRD015,Debit,UPI,18480.19,Success
TXN003819,2023-08-02,ACC00272,CUST00129,PRD001,Credit,Mobile App,18976.95,Success
TXN003820,2025-02-08,ACC00573,CUST00220,PRD009,Credit,ATM,294844.12,Success
TXN003821,2024-07-23,ACC00800,CUST00040,PRD007,Debit,UPI,7531.78,Success
TXN003822,2025-01-28,ACC00480,CUST00191,PRD011,Debit,ATM,418613.68,Success
TXN003823,2025-08-05,ACC00938,CUST00448,PRD014,Debit,Mobile App,41291.11,Success
TXN003824,2024-11-10,ACC00821,CUST00432,PRD007,Debit,UPI,8961.85,Success
TXN003825,2023-12-19,ACC00113,CUST00602,PRD011,Credit,Mobile App,320768.87,Success
TXN003826,2025-07-07,ACC00687,CUST00161,PRD008,Credit,Mobile App,21493.15,Success
TXN003827,2023-11-26,ACC00330,CUST00791,PRD004,Credit,ATM,12429.53,Success
TXN003828,2025-10-01,ACC00328,CUST00349,PRD015,Credit,Mobile App,4324.19,Success
TXN003829,2024-03-05,ACC00607,CUST00079,PRD011,Debit,Net Banking,291221.48,Success
TXN003830,2024-10-25,ACC00955,CUST00269,PRD006,Debit,UPI,4735.65,Success
TXN003831,2023-07-04,ACC00636,CUST00318,PRD015,Credit,UPI,7552.4,Success
TXN003832,2023-11-11,ACC00596,CUST00514,PRD006,Debit,Mobile App,13601.13,Success
TXN003833,2025-04-30,ACC00375,CUST00068,PRD016,Debit,Mobile App,4006.25,Success
TXN003834,2025-08-28,ACC00866,CUST00701,PRD006,Debit,UPI,23939.37,Success
TXN003835,2023-09-21,ACC00226,CUST00473,PRD007,Credit,UPI,9418.56,Success
TXN003836,2025-03-22,ACC00150,CUST00524,PRD014,Debit,UPI,3439.29,Success
TXN003837,2025-05-30,ACC00687,CUST00161,PRD004,Debit,Net Banking,7163.63,Failed
TXN003838,2025-06-23,ACC00061,CUST00510,PRD012,Debit,Net Banking,42838.15,Success
TXN003839,2023-04-08,ACC00768,CUST00048,PRD012,Debit,ATM,14599.43,Success
TXN003840,2024-10-17,ACC00060,CUST00362,PRD004,Debit,Mobile App,6215.52,Success
TXN003841,2025-03-30,ACC00925,CUST00436,PRD012,Debit,UPI,45997.25,Success
TXN003842,2023-11-23,ACC00940,CUST00424,PRD007,Debit,UPI,763.64,Success
TXN003843,2025-10-14,ACC00368,CUST00416,PRD006,Debit,Net Banking,5839.24,Failed
TXN003844,2025-11-21,ACC00686,CUST00596,PRD003,Credit,POS,149706.96,Success
TXN003845,2025-07-02,ACC00060,CUST00362,PRD008,Credit,Mobile App,8400.16,Success
TXN003846,2025-01-12,ACC00232,CUST00076,PRD013,Debit,UPI,30256.6,Success
TXN003847,2025-03-04,ACC00587,CUST00274,PRD011,Credit,UPI,484150.81,Success
TXN003848,2025-01-03,ACC00142,CUST00542,PRD003,Credit,UPI,302239.11,Success
TXN003849,2025-09-09,ACC00432,CUST00133,PRD015,Credit,UPI,4638.08,Success
TXN003850,2024-05-09,ACC00070,CUST00766,PRD015,Debit,UPI,5158.42,Success
TXN003851,2025-05-06,ACC00328,CUST00349,PRD013,Credit,Mobile App,29504.86,Success
TXN003852,2025-11-23,ACC00558,CUST00278,PRD004,Credit,Mobile App,2586.88,Success
TXN003853,2025-03-05,ACC00783,CUST00422,PRD003,Credit,Net Banking,223305.06,Success
TXN003854,2023-10-04,ACC00735,CUST00288,PRD005,Debit,Mobile App,21340.87,Success
TXN003855,2025-02-15,ACC00938,CUST00448,PRD015,Debit,UPI,22442.75,Success
TXN003856,2025-08-12,ACC00272,CUST00129,PRD011,Credit,UPI,77823.45,Success
TXN003857,2025-12-05,ACC00608,CUST00341,PRD002,Debit,UPI,14867.98,Success
TXN003858,2025-04-19,ACC00436,CUST00354,PRD007,Debit,ATM,7953.59,Success
TXN003859,2024-12-13,ACC00410,CUST00779,PRD011,Credit,UPI,70829.47,Success
TXN003860,2025-08-12,ACC00274,CUST00372,PRD003,Credit,UPI,24767.89,Success
TXN003861,2024-02-17,ACC00785,CUST00127,PRD015,Credit,UPI,2599.15,Success
TXN003862,2024-02-25,ACC00453,CUST00736,PRD013,Debit,UPI,2943.78,Success
TXN003863,2025-03-16,ACC00110,CUST00024,PRD013,Debit,Mobile App,32066.71,Success
TXN003864,2024-05-03,ACC00390,CUST00253,PRD004,Credit,Mobile App,17341.36,Success
TXN003865,2024-12-04,ACC00454,CUST00033,PRD004,Credit,UPI,12592.79,Failed
TXN003866,2025-09-22,ACC00869,CUST00063,PRD008,Credit,ATM,16917.61,Success
TXN003867,2025-10-30,ACC00979,CUST00375,PRD005,Debit,Mobile App,4590.28,Success
TXN003868,2025-06-04,ACC00233,CUST00161,PRD002,Debit,UPI,12129.25,Success
TXN003869,2023-09-02,ACC00011,CUST00265,PRD008,Credit,Mobile App,14407.07,Success
TXN003870,2023-03-09,ACC00453,CUST00736,PRD005,Debit,ATM,14763.9,Success
TXN003871,2024-03-18,ACC00170,CUST00799,PRD007,Debit,Mobile App,21827.92,Success
TXN003872,2025-08-24,ACC00415,CUST00724,PRD013,Debit,UPI,27373.63,Success
TXN003873,2025-04-15,ACC00015,CUST00536,PRD006,Credit,Mobile App,13042.16,Success
TXN003874,2025-10-23,ACC00288,CUST00421,PRD016,Debit,Net Banking,13229.56,Success
TXN003875,2025-10-14,ACC00845,CUST00349,PRD010,Credit,Net Banking,391922.01,Success
TXN003876,2023-05-08,ACC00236,CUST00087,PRD001,Debit,Net Banking,10172.82,Success
TXN003877,2025-03-29,ACC00694,CUST00550,PRD015,Credit,Net Banking,12108.15,Success
TXN003878,2025-07-23,ACC00037,CUST00682,PRD010,Debit,Net Banking,463509.33,Success
TXN003879,2025-11-10,ACC00467,CUST00169,PRD013,Debit,Mobile App,18974.99,Success
TXN003880,2024-11-21,ACC00076,CUST00788,PRD004,Debit,UPI,4398.08,Success
TXN003881,2023-01-02,ACC00880,CUST00161,PRD015,Debit,UPI,4665.44,Success
TXN003882,2023-03-09,ACC00278,CUST00675,PRD014,Debit,Net Banking,8816.13,Success
TXN003883,2025-04-28,ACC00088,CUST00236,PRD006,Debit,UPI,10338.61,Success
TXN003884,2025-12-06,ACC00151,CUST00662,PRD007,Debit,UPI,416.54,Success
TXN003885,2023-07-08,ACC00833,CUST00285,PRD002,Debit,UPI,23059.25,Success
TXN003886,2023-12-17,ACC00336,CUST00507,PRD005,Credit,Mobile App,384.97,Success
TXN003887,2024-11-02,ACC00829,CUST00408,PRD008,Credit,Net Banking,4339.0,Success
TXN003888,2025-10-26,ACC00923,CUST00508,PRD013,Debit,UPI,512.21,Success
TXN003889,2025-05-22,ACC00739,CUST00685,PRD016,Debit,ATM,1410.12,Success
TXN003890,2024-07-23,ACC00768,CUST00048,PRD009,Debit,Mobile App,249062.74,Success
TXN003891,2025-10-22,ACC00754,CUST00438,PRD004,Credit,UPI,15401.63,Success
TXN003892,2025-04-06,ACC00138,CUST00786,PRD002,Credit,Net Banking,6215.7,Success
TXN003893,2024-03-08,ACC00632,CUST00507,PRD001,Debit,Mobile App,4092.02,Success
TXN003894,2024-08-12,ACC00887,CUST00420,PRD006,Debit,UPI,5632.6,Failed
TXN003895,2025-04-06,ACC00825,CUST00417,PRD010,Debit,Net Banking,30208.49,Success
TXN003896,2023-06-08,ACC00784,CUST00158,PRD008,Debit,Mobile App,8077.23,Success
TXN003897,2025-01-27,ACC00164,CUST00696,PRD014,Credit,UPI,21190.27,Success
TXN003898,2025-06-24,ACC00549,CUST00778,PRD003,Debit,Mobile App,82303.57,Success
TXN003899,2025-11-21,ACC00194,CUST00798,PRD011,Credit,Net Banking,189914.52,Success
TXN003900,2024-05-14,ACC00496,CUST00283,PRD010,Credit,UPI,115944.89,Success
TXN003901,2024-10-20,ACC00178,CUST00050,PRD001,Credit,Mobile App,3750.67,Success
TXN003902,2025-07-23,ACC00405,CUST00233,PRD001,Credit,UPI,22162.87,Failed
TXN003903,2024-12-29,ACC00516,CUST00333,PRD002,Debit,UPI,19834.85,Success
TXN003904,2025-12-07,ACC00980,CUST00595,PRD003,Credit,Net Banking,163841.73,Failed
TXN003905,2025-12-09,ACC00293,CUST00795,PRD008,Debit,Net Banking,6972.94,Success
TXN003906,2025-03-19,ACC00617,CUST00115,PRD006,Debit,UPI,11548.19,Success
TXN003907,2025-05-07,ACC00199,CUST00415,PRD013,Credit,Net Banking,18419.61,Success
TXN003908,2025-12-26,ACC00054,CUST00407,PRD006,Debit,ATM,10607.55,Success
TXN003909,2025-10-19,ACC00398,CUST00376,PRD015,Debit,Net Banking,4583.51,Success
TXN003910,2025-12-29,ACC00655,CUST00456,PRD006,Debit,ATM,20240.41,Success
TXN003911,2025-04-22,ACC00726,CUST00469,PRD005,Debit,ATM,13806.93,Success
TXN003912,2025-03-21,ACC00111,CUST00272,PRD002,Credit,UPI,15531.09,Success
TXN003913,2025-09-10,ACC00969,CUST00575,PRD002,Debit,UPI,1125.29,Success
TXN003914,2025-05-10,ACC00124,CUST00195,PRD008,Credit,Mobile App,6738.56,Success
TXN003915,2025-11-09,ACC00426,CUST00538,PRD007,Credit,Net Banking,6789.84,Success
TXN003916,2023-10-20,ACC00541,CUST00551,PRD016,Credit,UPI,20615.48,Success
TXN003917,2025-12-23,ACC00162,CUST00788,PRD002,Debit,Mobile App,368.43,Success
TXN003918,2023-07-15,ACC00453,CUST00736,PRD002,Credit,UPI,18659.4,Success
TXN003919,2024-10-18,ACC00634,CUST00676,PRD002,Credit,Net Banking,14238.72,Success
TXN003920,2025-06-11,ACC00457,CUST00530,PRD006,Credit,Mobile App,10903.45,Success
TXN003921,2025-08-23,ACC00149,CUST00531,PRD015,Debit,UPI,23936.23,Success
TXN003922,2025-09-15,ACC00198,CUST00711,PRD013,Debit,UPI,31478.16,Success
TXN003923,2025-06-20,ACC00576,CUST00324,PRD005,Credit,Net Banking,2375.12,Success
TXN003924,2023-11-28,ACC00101,CUST00359,PRD004,Debit,UPI,15124.81,Success
TXN003925,2025-09-02,ACC00518,CUST00749,PRD008,Debit,UPI,11976.19,Success
TXN003926,2024-11-04,ACC00683,CUST00669,PRD002,Credit,Net Banking,12269.35,Success
TXN003927,2025-08-18,ACC00740,CUST00160,PRD012,Debit,Mobile App,11495.38,Success
TXN003928,2023-10-30,ACC00749,CUST00549,PRD016,Credit,Branch,5385.74,Success
TXN003929,2025-12-26,ACC00766,CUST00524,PRD011,Credit,Net Banking,381172.08,Success
TXN003930,2024-12-22,ACC00310,CUST00431,PRD015,Debit,POS,10449.38,Success
TXN003931,2025-12-22,ACC00898,CUST00166,PRD007,Debit,ATM,21933.29,Success
TXN003932,2025-12-21,ACC00360,CUST00296,PRD005,Debit,Mobile App,22543.09,Success
TXN003933,2025-11-15,ACC00356,CUST00094,PRD015,Debit,UPI,17380.77,Success
TXN003934,2025-01-17,ACC00583,CUST00356,PRD011,Debit,ATM,294201.62,Success
TXN003935,2025-08-25,ACC00274,CUST00372,PRD004,Debit,UPI,17424.87,Success
TXN003936,2025-12-20,ACC00454,CUST00033,PRD014,Debit,UPI,15749.24,Success
TXN003937,2025-04-09,ACC00236,CUST00087,PRD011,Credit,Mobile App,289807.73,Success
TXN003938,2025-07-23,ACC00337,CUST00391,PRD009,Credit,POS,381391.41,Success
TXN003939,2025-10-04,ACC00026,CUST00413,PRD008,Credit,UPI,17676.61,Success
TXN003940,2025-06-15,ACC00992,CUST00673,PRD011,Credit,Branch,137910.62,Success
TXN003941,2025-10-16,ACC00238,CUST00625,PRD010,Credit,Mobile App,121275.36,Success
TXN003942,2023-08-02,ACC00253,CUST00408,PRD001,Debit,Mobile App,22628.61,Success
TXN003943,2025-12-22,ACC00855,CUST00401,PRD002,Debit,UPI,10573.68,Success
TXN003944,2025-06-27,ACC00595,CUST00554,PRD006,Debit,Mobile App,7102.11,Success
TXN003945,2024-01-13,ACC00341,CUST00315,PRD005,Credit,UPI,12751.32,Success
TXN003946,2025-09-20,ACC00686,CUST00596,PRD003,Debit,UPI,178155.38,Success
TXN003947,2024-09-27,ACC00296,CUST00180,PRD003,Debit,ATM,380686.34,Success
TXN003948,2025-11-14,ACC00805,CUST00160,PRD016,Debit,UPI,4312.08,Success
TXN003949,2024-07-27,ACC00973,CUST00125,PRD002,Debit,Mobile App,18922.88,Success
TXN003950,2025-07-26,ACC00702,CUST00259,PRD001,Debit,UPI,19990.62,Success
TXN003951,2024-08-03,ACC00494,CUST00742,PRD009,Debit,ATM,325664.3,Success
TXN003952,2025-10-04,ACC00679,CUST00637,PRD011,Debit,UPI,238597.41,Success
TXN003953,2023-02-19,ACC00106,CUST00342,PRD014,Credit,ATM,35157.86,Success
TXN003954,2025-07-11,ACC00674,CUST00392,PRD004,Credit,ATM,11125.27,Success
TXN003955,2025-12-05,ACC00104,CUST00314,PRD007,Credit,UPI,19087.16,Success
TXN003956,2024-12-24,ACC00255,CUST00643,PRD001,Credit,UPI,16936.53,Failed
TXN003957,2025-06-26,ACC00805,CUST00160,PRD015,Debit,Mobile App,14547.39,Failed
TXN003958,2025-06-17,ACC00881,CUST00003,PRD006,Credit,ATM,2094.29,Success
TXN003959,2025-03-16,ACC00249,CUST00724,PRD004,Debit,ATM,12314.4,Failed
TXN003960,2023-01-11,ACC00122,CUST00099,PRD015,Debit,Mobile App,22100.87,Success
TXN003961,2025-12-20,ACC00728,CUST00584,PRD008,Credit,ATM,11492.77,Success
TXN003962,2024-10-16,ACC00930,CUST00405,PRD015,Debit,UPI,20778.42,Success
TXN003963,2025-01-12,ACC00895,CUST00687,PRD011,Debit,UPI,95712.83,Success
TXN003964,2025-12-27,ACC00974,CUST00404,PRD009,Credit,Net Banking,477766.71,Success
TXN003965,2023-06-11,ACC00927,CUST00673,PRD002,Credit,ATM,6011.39,Success
TXN003966,2025-11-06,ACC00190,CUST00687,PRD007,Credit,Net Banking,17338.99,Success
TXN003967,2024-01-17,ACC00607,CUST00079,PRD004,Credit,UPI,24462.03,Success
TXN003968,2025-10-30,ACC00659,CUST00363,PRD003,Credit,POS,50484.51,Success
TXN003969,2025-11-20,ACC00906,CUST00337,PRD015,Credit,Mobile App,9259.82,Success
TXN003970,2024-03-26,ACC00428,CUST00181,PRD014,Debit,Mobile App,13941.94,Failed
TXN003971,2024-09-18,ACC00070,CUST00766,PRD014,Debit,Mobile App,33105.1,Success
TXN003972,2023-07-16,ACC00932,CUST00431,PRD010,Credit,UPI,438351.33,Success
TXN003973,2024-03-02,ACC00464,CUST00585,PRD010,Debit,Net Banking,278613.05,Success
TXN003974,2025-12-16,ACC00950,CUST00437,PRD005,Credit,Mobile App,9720.48,Success
TXN003975,2024-10-21,ACC00667,CUST00357,PRD003,Credit,Mobile App,345344.4,Success
TXN003976,2025-09-17,ACC00266,CUST00754,PRD013,Credit,Mobile App,37902.46,Success
TXN003977,2025-12-28,ACC00139,CUST00611,PRD011,Debit,UPI,428438.76,Success
TXN003978,2025-12-17,ACC00248,CUST00434,PRD009,Debit,Mobile App,88120.1,Success
TXN003979,2025-03-17,ACC00149,CUST00531,PRD009,Debit,Mobile App,115862.31,Success
TXN003980,2025-11-24,ACC00314,CUST00260,PRD002,Credit,UPI,23429.2,Success
TXN003981,2024-08-01,ACC00117,CUST00196,PRD001,Debit,Mobile App,11212.04,Success
TXN003982,2024-06-19,ACC00011,CUST00265,PRD007,Credit,UPI,882.99,Success
TXN003983,2025-05-28,ACC00196,CUST00519,PRD009,Debit,ATM,238045.57,Success
TXN003984,2025-10-30,ACC00802,CUST00023,PRD007,Credit,Mobile App,10424.02,Success
TXN003985,2025-09-13,ACC00394,CUST00587,PRD001,Credit,ATM,7548.77,Success
TXN003986,2025-08-24,ACC00923,CUST00508,PRD006,Debit,Net Banking,21281.41,Success
TXN003987,2025-10-28,ACC00085,CUST00676,PRD012,Credit,Mobile App,48314.07,Success
TXN003988,2025-05-22,ACC00614,CUST00331,PRD014,Debit,UPI,31751.62,Success
TXN003989,2025-09-03,ACC00586,CUST00279,PRD010,Credit,Mobile App,469788.43,Success
TXN003990,2025-07-30,ACC00904,CUST00614,PRD005,Debit,Net Banking,9683.47,Success
TXN003991,2025-08-05,ACC00072,CUST00736,PRD016,Credit,Net Banking,3397.55,Success
TXN003992,2025-11-24,ACC00900,CUST00714,PRD001,Debit,Mobile App,6078.68,Success
TXN003993,2024-05-14,ACC00958,CUST00590,PRD005,Credit,UPI,4463.23,Success
TXN003994,2024-12-16,ACC00287,CUST00506,PRD012,Debit,UPI,13595.85,Success
TXN003995,2025-01-10,ACC00061,CUST00510,PRD009,Credit,UPI,322502.75,Success
TXN003996,2024-12-22,ACC00445,CUST00375,PRD006,Credit,UPI,17043.62,Failed
TXN003997,2024-12-19,ACC00422,CUST00088,PRD014,Debit,ATM,1042.13,Success
TXN003998,2025-09-02,ACC00212,CUST00151,PRD010,Debit,ATM,88450.0,Failed
TXN003999,2025-01-02,ACC00130,CUST00671,PRD002,Credit,ATM,14957.1,Success
TXN004000,2025-10-17,ACC00465,CUST00638,PRD006,Debit,Branch,5648.44,Success
TXN004001,2025-04-15,ACC00118,CUST00549,PRD016,Credit,UPI,6729.88,Success
TXN004002,2025-03-23,ACC00450,CUST00523,PRD006,Debit,ATM,1564.09,Success
TXN004003,2025-01-28,ACC00384,CUST00622,PRD009,Debit,Mobile App,83292.4,Success
TXN004004,2025-06-11,ACC00228,CUST00519,PRD005,Debit,UPI,21127.1,Success
TXN004005,2025-03-27,ACC00454,CUST00033,PRD007,Debit,UPI,5635.42,Success
TXN004006,2025-10-11,ACC00017,CUST00260,PRD012,Debit,UPI,35145.66,Success
TXN004007,2025-08-30,ACC00352,CUST00240,PRD013,Debit,Net Banking,14279.88,Success
TXN004008,2025-04-29,ACC00241,CUST00527,PRD002,Credit,UPI,17571.99,Success
TXN004009,2025-01-19,ACC00340,CUST00779,PRD002,Debit,ATM,3059.53,Success
TXN004010,2025-08-26,ACC00444,CUST00677,PRD009,Debit,Mobile App,139409.45,Failed
TXN004011,2025-03-22,ACC00799,CUST00609,PRD001,Credit,Branch,3891.53,Success
TXN004012,2023-01-08,ACC00700,CUST00783,PRD012,Credit,UPI,19367.39,Success
TXN004013,2025-01-21,ACC00608,CUST00341,PRD014,Debit,Mobile App,26682.51,Success
TXN004014,2025-09-22,ACC00311,CUST00362,PRD013,Credit,UPI,15865.39,Success
TXN004015,2024-07-12,ACC00211,CUST00360,PRD009,Debit,POS,339957.02,Success
TXN004016,2023-07-22,ACC00713,CUST00418,PRD015,Credit,Net Banking,4731.28,Failed
TXN004017,2025-06-22,ACC00860,CUST00570,PRD004,Debit,UPI,14135.52,Failed
TXN004018,2025-04-29,ACC00530,CUST00720,PRD016,Credit,UPI,24165.81,Success
TXN004019,2024-08-31,ACC00924,CUST00087,PRD002,Debit,Mobile App,4809.68,Success
TXN004020,2025-03-21,ACC00738,CUST00146,PRD009,Credit,Mobile App,447050.02,Success
TXN004021,2025-07-23,ACC00353,CUST00587,PRD009,Debit,ATM,373873.74,Success
TXN004022,2025-07-29,ACC00889,CUST00209,PRD006,Debit,Net Banking,8083.35,Success
TXN004023,2025-05-03,ACC00483,CUST00745,PRD004,Debit,Mobile App,13943.85,Failed
TXN004024,2024-10-02,ACC00259,CUST00561,PRD004,Credit,Mobile App,9367.01,Success
TXN004025,2025-02-20,ACC00602,CUST00012,PRD008,Debit,UPI,6444.69,Success
TXN004026,2025-11-23,ACC00234,CUST00576,PRD004,Credit,Mobile App,6361.57,Success
TXN004027,2025-11-09,ACC00886,CUST00728,PRD006,Debit,UPI,15117.75,Success
TXN004028,2025-08-19,ACC00795,CUST00392,PRD016,Debit,POS,3953.47,Success
TXN004029,2025-12-22,ACC00093,CUST00117,PRD010,Credit,UPI,51919.29,Success
TXN004030,2025-09-09,ACC00087,CUST00517,PRD004,Credit,Net Banking,11713.62,Success
TXN004031,2025-07-28,ACC00091,CUST00677,PRD010,Credit,ATM,473069.63,Success
TXN004032,2025-01-17,ACC00824,CUST00744,PRD013,Debit,UPI,11728.03,Success
TXN004033,2025-09-01,ACC00024,CUST00580,PRD009,Credit,UPI,53944.14,Failed
TXN004034,2025-12-10,ACC00304,CUST00142,PRD002,Credit,UPI,14415.3,Success
TXN004035,2025-02-09,ACC00043,CUST00457,PRD006,Credit,Branch,11804.93,Success
TXN004036,2025-09-18,ACC00203,CUST00441,PRD010,Credit,Mobile App,177068.0,Success
TXN004037,2023-05-15,ACC00934,CUST00301,PRD007,Debit,UPI,16711.52,Success
TXN004038,2025-09-06,ACC00522,CUST00408,PRD012,Debit,UPI,31243.69,Success
TXN004039,2024-10-07,ACC00667,CUST00357,PRD015,Debit,UPI,5914.95,Success
TXN004040,2024-06-02,ACC00092,CUST00137,PRD016,Debit,UPI,24833.82,Failed
TXN004041,2025-09-30,ACC00802,CUST00023,PRD007,Credit,Branch,23587.6,Success
TXN004042,2024-03-31,ACC00953,CUST00611,PRD008,Debit,Mobile App,23448.55,Success
TXN004043,2025-03-28,ACC00001,CUST00697,PRD014,Debit,ATM,48652.67,Success
TXN004044,2024-11-24,ACC00509,CUST00129,PRD001,Debit,Mobile App,10117.23,Success
TXN004045,2024-10-22,ACC00165,CUST00229,PRD007,Credit,UPI,9175.93,Success
TXN004046,2024-08-19,ACC00988,CUST00581,PRD005,Debit,UPI,10285.1,Success
TXN004047,2025-09-04,ACC00018,CUST00487,PRD010,Debit,Mobile App,250540.11,Success
TXN004048,2025-12-15,ACC00992,CUST00673,PRD014,Debit,Net Banking,48197.43,Success
TXN004049,2024-09-03,ACC00149,CUST00531,PRD009,Credit,ATM,401793.29,Success
TXN004050,2025-02-25,ACC00753,CUST00385,PRD001,Credit,UPI,8017.89,Success
TXN004051,2025-12-23,ACC00024,CUST00580,PRD013,Debit,Net Banking,31124.3,Success
TXN004052,2025-01-19,ACC00677,CUST00105,PRD003,Debit,UPI,255292.15,Success
TXN004053,2025-12-07,ACC00098,CUST00241,PRD010,Credit,UPI,485927.17,Success
TXN004054,2025-03-09,ACC00687,CUST00161,PRD008,Credit,Mobile App,19068.7,Success
TXN004055,2024-05-02,ACC00409,CUST00610,PRD002,Credit,UPI,20849.82,Success
TXN004056,2025-08-02,ACC00285,CUST00090,PRD009,Debit,Mobile App,303577.42,Success
TXN004057,2025-10-12,ACC00766,CUST00524,PRD011,Debit,UPI,111141.11,Success
TXN004058,2024-07-21,ACC00648,CUST00760,PRD015,Debit,ATM,7831.67,Success
TXN004059,2025-12-19,ACC00759,CUST00281,PRD015,Debit,UPI,19515.3,Success
TXN004060,2024-02-26,ACC00357,CUST00545,PRD009,Credit,UPI,276581.65,Success
TXN004061,2024-08-12,ACC00478,CUST00275,PRD011,Debit,Net Banking,51530.68,Success
TXN004062,2025-06-25,ACC00093,CUST00117,PRD004,Debit,UPI,10397.12,Success
TXN004063,2024-06-16,ACC00041,CUST00714,PRD005,Credit,Net Banking,11833.3,Success
TXN004064,2024-01-11,ACC00218,CUST00475,PRD010,Credit,Branch,394999.41,Success
TXN004065,2025-10-06,ACC00042,CUST00061,PRD006,Credit,Mobile App,16469.51,Success
TXN004066,2025-06-09,ACC00401,CUST00368,PRD002,Debit,Mobile App,8856.71,Success
TXN004067,2025-03-11,ACC00878,CUST00191,PRD015,Credit,UPI,1927.03,Success
TXN004068,2025-11-23,ACC00762,CUST00765,PRD016,Debit,Mobile App,13660.77,Success
TXN004069,2025-11-21,ACC00528,CUST00269,PRD016,Credit,Net Banking,22390.42,Success
TXN004070,2025-05-19,ACC00419,CUST00357,PRD003,Credit,UPI,208352.29,Success
TXN004071,2023-12-14,ACC00449,CUST00420,PRD007,Credit,Mobile App,10019.45,Success
TXN004072,2025-03-17,ACC00722,CUST00651,PRD014,Debit,ATM,14610.29,Success
TXN004073,2025-09-15,ACC00258,CUST00160,PRD007,Debit,ATM,17948.93,Success
TXN004074,2025-07-22,ACC00933,CUST00184,PRD007,Credit,UPI,24619.33,Success
TXN004075,2025-10-15,ACC00398,CUST00376,PRD016,Debit,UPI,17824.9,Success
TXN004076,2023-10-07,ACC00278,CUST00675,PRD009,Credit,UPI,346866.86,Success
TXN004077,2024-02-23,ACC00962,CUST00770,PRD015,Debit,UPI,23500.31,Success
TXN004078,2025-09-16,ACC00944,CUST00663,PRD014,Debit,UPI,41128.0,Success
TXN004079,2025-09-13,ACC00277,CUST00034,PRD012,Debit,Net Banking,48619.04,Success
TXN004080,2025-05-21,ACC00301,CUST00260,PRD010,Debit,Net Banking,25974.84,Success
TXN004081,2023-10-06,ACC00887,CUST00420,PRD005,Credit,UPI,2354.52,Success
TXN004082,2024-04-10,ACC00582,CUST00736,PRD016,Debit,UPI,15047.8,Success
TXN004083,2025-01-30,ACC00704,CUST00520,PRD002,Debit,Net Banking,10496.34,Success
TXN004084,2025-05-16,ACC00862,CUST00588,PRD014,Credit,Branch,23686.93,Success
TXN004085,2023-08-29,ACC00607,CUST00079,PRD013,Credit,UPI,45050.13,Success
TXN004086,2025-03-13,ACC00140,CUST00754,PRD015,Debit,ATM,12689.17,Success
TXN004087,2025-12-27,ACC00163,CUST00620,PRD009,Debit,Mobile App,40428.86,Failed
TXN004088,2025-07-12,ACC00674,CUST00392,PRD008,Credit,POS,15027.18,Success
TXN004089,2025-04-02,ACC00850,CUST00228,PRD012,Debit,Mobile App,34791.4,Success
TXN004090,2024-07-05,ACC00254,CUST00664,PRD004,Debit,UPI,2387.7,Success
TXN004091,2023-01-01,ACC00527,CUST00490,PRD011,Debit,Branch,201714.71,Success
TXN004092,2025-04-15,ACC00221,CUST00737,PRD004,Credit,Mobile App,14065.84,Success
TXN004093,2025-06-17,ACC00325,CUST00190,PRD013,Credit,ATM,33077.91,Success
TXN004094,2024-08-26,ACC00078,CUST00399,PRD014,Credit,Net Banking,49712.65,Success
TXN004095,2025-06-03,ACC00525,CUST00025,PRD004,Debit,Net Banking,550.43,Success
TXN004096,2023-06-18,ACC00957,CUST00692,PRD010,Credit,Branch,248503.42,Success
TXN004097,2025-05-08,ACC00339,CUST00164,PRD007,Debit,UPI,12058.17,Success
TXN004098,2024-05-13,ACC00389,CUST00542,PRD015,Debit,Net Banking,17004.51,Success
TXN004099,2023-10-24,ACC00354,CUST00455,PRD008,Debit,UPI,4997.49,Success
TXN004100,2024-10-22,ACC00470,CUST00662,PRD004,Credit,UPI,1928.38,Success
TXN004101,2024-09-08,ACC00609,CUST00305,PRD015,Debit,UPI,6880.25,Success
TXN004102,2025-07-16,ACC00237,CUST00649,PRD001,Debit,Mobile App,10263.53,Success
TXN004103,2024-02-15,ACC00808,CUST00186,PRD010,Debit,UPI,384293.18,Success
TXN004104,2025-01-23,ACC00012,CUST00351,PRD007,Credit,UPI,438.87,Success
TXN004105,2023-07-23,ACC00570,CUST00454,PRD004,Debit,UPI,509.45,Success
TXN004106,2024-12-01,ACC00836,CUST00598,PRD010,Credit,ATM,22850.08,Success
TXN004107,2024-02-02,ACC00957,CUST00692,PRD011,Debit,Mobile App,465500.65,Success
TXN004108,2024-08-10,ACC00946,CUST00573,PRD015,Credit,UPI,6043.78,Success
TXN004109,2025-02-19,ACC00173,CUST00428,PRD016,Debit,UPI,13319.46,Success
TXN004110,2024-10-22,ACC00955,CUST00269,PRD006,Debit,Mobile App,20951.75,Success
TXN004111,2024-02-11,ACC00518,CUST00749,PRD011,Debit,Mobile App,123850.69,Success
TXN004112,2023-09-23,ACC00673,CUST00579,PRD009,Credit,UPI,406637.16,Success
TXN004113,2024-09-04,ACC00466,CUST00616,PRD016,Credit,UPI,680.31,Success
TXN004114,2025-11-26,ACC00796,CUST00506,PRD008,Credit,UPI,23574.67,Success
TXN004115,2025-10-23,ACC00023,CUST00746,PRD002,Debit,Mobile App,9230.04,Success
TXN004116,2024-04-01,ACC00428,CUST00181,PRD004,Debit,Mobile App,24232.48,Success
TXN004117,2025-10-10,ACC00310,CUST00431,PRD016,Credit,Mobile App,1170.65,Success
TXN004118,2025-04-18,ACC00920,CUST00556,PRD009,Debit,Mobile App,474810.73,Success
TXN004119,2024-06-15,ACC00066,CUST00211,PRD016,Debit,Net Banking,6906.52,Success
TXN004120,2025-11-21,ACC00918,CUST00680,PRD008,Debit,POS,7217.17,Success
TXN004121,2025-11-11,ACC00059,CUST00701,PRD010,Debit,Mobile App,464349.86,Success
TXN004122,2025-05-26,ACC00948,CUST00398,PRD003,Credit,UPI,322698.42,Success
TXN004123,2025-11-16,ACC00517,CUST00793,PRD003,Credit,Mobile App,322040.23,Success
TXN004124,2025-08-24,ACC00209,CUST00677,PRD003,Debit,UPI,155835.26,Success
TXN004125,2025-11-20,ACC00889,CUST00209,PRD009,Credit,POS,100579.51,Success
TXN004126,2025-10-23,ACC00524,CUST00226,PRD009,Debit,UPI,315934.89,Success
TXN004127,2024-10-27,ACC00905,CUST00585,PRD001,Credit,Net Banking,5944.87,Success
TXN004128,2025-09-08,ACC00649,CUST00760,PRD005,Debit,UPI,3574.54,Success
TXN004129,2023-07-06,ACC00418,CUST00777,PRD002,Debit,UPI,11277.85,Success
TXN004130,2025-12-09,ACC00931,CUST00697,PRD007,Debit,Net Banking,10212.02,Success
TXN004131,2024-08-03,ACC00851,CUST00408,PRD006,Credit,UPI,9212.71,Failed
TXN004132,2025-07-20,ACC00530,CUST00720,PRD002,Credit,UPI,17054.29,Failed
TXN004133,2025-10-10,ACC00983,CUST00477,PRD003,Credit,UPI,476541.29,Success
TXN004134,2025-11-25,ACC00143,CUST00127,PRD014,Credit,ATM,3171.45,Success
TXN004135,2025-07-26,ACC00152,CUST00740,PRD013,Debit,Mobile App,9372.52,Success
TXN004136,2025-06-17,ACC00903,CUST00250,PRD002,Credit,UPI,7759.01,Success
TXN004137,2025-10-05,ACC00284,CUST00771,PRD008,Debit,UPI,6678.94,Success
TXN004138,2025-07-18,ACC00755,CUST00628,PRD015,Debit,UPI,8064.86,Success
TXN004139,2025-09-23,ACC00271,CUST00567,PRD014,Debit,Branch,16306.24,Success
TXN004140,2023-03-01,ACC00475,CUST00066,PRD001,Credit,Mobile App,18985.93,Success
TXN004141,2025-09-27,ACC00816,CUST00760,PRD001,Debit,Mobile App,10924.71,Success
TXN004142,2023-06-20,ACC00273,CUST00161,PRD010,Debit,UPI,298753.5,Success
TXN004143,2023-01-01,ACC00223,CUST00124,PRD007,Credit,UPI,5952.78,Success
TXN004144,2025-10-08,ACC00919,CUST00083,PRD003,Debit,Net Banking,321056.61,Success
TXN004145,2024-04-30,ACC00390,CUST00253,PRD002,Debit,UPI,9418.96,Failed
TXN004146,2023-05-08,ACC00579,CUST00158,PRD003,Credit,Net Banking,497033.75,Failed
TXN004147,2025-06-14,ACC00320,CUST00324,PRD009,Debit,ATM,62577.05,Success
TXN004148,2025-09-16,ACC00205,CUST00415,PRD011,Credit,ATM,68125.56,Success
TXN004149,2025-12-03,ACC00278,CUST00675,PRD011,Credit,UPI,254657.08,Success
TXN004150,2025-07-13,ACC00327,CUST00725,PRD006,Credit,ATM,17691.06,Success
TXN004151,2025-05-29,ACC00036,CUST00217,PRD007,Debit,UPI,5337.3,Success
TXN004152,2024-10-28,ACC00155,CUST00604,PRD004,Debit,Mobile App,4732.48,Success
TXN004153,2025-02-12,ACC00470,CUST00662,PRD015,Debit,UPI,4180.25,Success
TXN004154,2024-03-04,ACC00280,CUST00202,PRD014,Credit,ATM,19115.07,Failed
TXN004155,2025-12-15,ACC00112,CUST00425,PRD015,Debit,Net Banking,11038.47,Success
TXN004156,2025-10-22,ACC00028,CUST00761,PRD016,Debit,Mobile App,5673.48,Success
TXN004157,2024-07-03,ACC00128,CUST00711,PRD015,Debit,UPI,3502.85,Success
TXN004158,2025-08-16,ACC00405,CUST00233,PRD014,Debit,UPI,34592.62,Success
TXN004159,2024-04-13,ACC00487,CUST00211,PRD002,Credit,Mobile App,19052.52,Success
TXN004160,2025-12-08,ACC00911,CUST00332,PRD012,Credit,UPI,48095.6,Success
TXN004161,2023-11-07,ACC00077,CUST00474,PRD014,Credit,UPI,7892.86,Success
TXN004162,2025-06-10,ACC00184,CUST00009,PRD007,Debit,Net Banking,20514.97,Success
TXN004163,2025-04-04,ACC00659,CUST00363,PRD007,Debit,UPI,8618.2,Success
TXN004164,2025-12-03,ACC00141,CUST00622,PRD009,Debit,UPI,175331.58,Success
TXN004165,2025-11-10,ACC00925,CUST00436,PRD006,Debit,Mobile App,13822.74,Success
TXN004166,2024-07-31,ACC00730,CUST00227,PRD009,Credit,UPI,208806.88,Success
TXN004167,2023-12-09,ACC00666,CUST00482,PRD004,Credit,UPI,4689.2,Success
TXN004168,2025-02-03,ACC00172,CUST00649,PRD008,Debit,POS,3848.64,Success
TXN004169,2024-09-23,ACC00483,CUST00745,PRD011,Credit,Mobile App,117800.98,Success
TXN004170,2025-08-13,ACC00965,CUST00720,PRD006,Credit,ATM,24006.25,Success
TXN004171,2024-08-18,ACC00624,CUST00429,PRD015,Debit,Mobile App,12005.75,Success
TXN004172,2025-08-03,ACC00871,CUST00439,PRD013,Debit,Mobile App,18394.56,Success
TXN004173,2025-01-12,ACC00050,CUST00661,PRD003,Credit,Net Banking,170332.13,Success
TXN004174,2025-08-03,ACC00603,CUST00619,PRD011,Debit,Net Banking,158078.69,Success
TXN004175,2024-08-29,ACC00338,CUST00667,PRD016,Debit,UPI,17730.68,Success
TXN004176,2024-10-07,ACC00068,CUST00367,PRD005,Debit,UPI,560.72,Success
TXN004177,2025-08-15,ACC00411,CUST00378,PRD009,Debit,Mobile App,196075.47,Success
TXN004178,2024-12-08,ACC00914,CUST00213,PRD016,Credit,Mobile App,14272.45,Success
TXN004179,2025-01-07,ACC00185,CUST00715,PRD010,Credit,Branch,26620.83,Success
TXN004180,2023-12-30,ACC00174,CUST00141,PRD002,Credit,Net Banking,12758.08,Success
TXN004181,2025-05-16,ACC00994,CUST00677,PRD013,Debit,Mobile App,47219.92,Success
TXN004182,2025-09-30,ACC00584,CUST00781,PRD016,Debit,Net Banking,18250.32,Failed
TXN004183,2025-03-23,ACC00446,CUST00401,PRD014,Credit,Mobile App,24542.21,Success
TXN004184,2025-12-28,ACC00796,CUST00506,PRD010,Debit,UPI,490851.29,Success
TXN004185,2025-10-22,ACC00697,CUST00146,PRD016,Debit,Mobile App,14400.45,Success
TXN004186,2025-02-03,ACC00045,CUST00667,PRD008,Debit,UPI,19760.88,Failed
TXN004187,2024-06-26,ACC00350,CUST00352,PRD010,Credit,Branch,36503.22,Success
TXN004188,2024-12-16,ACC00590,CUST00481,PRD002,Debit,ATM,453.73,Success
TXN004189,2025-11-01,ACC00177,CUST00727,PRD015,Credit,Net Banking,3658.77,Success
TXN004190,2025-03-27,ACC00988,CUST00581,PRD009,Credit,ATM,81228.31,Success
TXN004191,2025-09-17,ACC00511,CUST00292,PRD006,Debit,POS,9587.05,Success
TXN004192,2024-09-05,ACC00092,CUST00137,PRD014,Credit,UPI,35342.49,Success
TXN004193,2025-11-20,ACC00513,CUST00222,PRD014,Debit,ATM,43417.69,Success
TXN004194,2024-11-30,ACC00534,CUST00098,PRD008,Credit,Mobile App,8551.91,Success
TXN004195,2025-10-27,ACC00067,CUST00446,PRD010,Credit,UPI,348826.88,Success
TXN004196,2025-11-07,ACC00734,CUST00265,PRD002,Credit,Net Banking,4167.39,Success
TXN004197,2025-06-30,ACC00057,CUST00078,PRD007,Debit,ATM,17609.66,Failed
TXN004198,2025-11-29,ACC00740,CUST00160,PRD003,Credit,Mobile App,446961.78,Success
TXN004199,2025-09-30,ACC00663,CUST00029,PRD003,Debit,UPI,378331.16,Success
TXN004200,2025-03-19,ACC00084,CUST00692,PRD010,Debit,UPI,260569.75,Success
TXN004201,2025-07-28,ACC00274,CUST00372,PRD009,Credit,POS,272412.6,Success
TXN004202,2025-12-19,ACC00943,CUST00306,PRD014,Debit,Mobile App,27559.45,Success
TXN004203,2025-01-08,ACC00259,CUST00561,PRD016,Debit,UPI,9672.05,Success
TXN004204,2025-04-04,ACC00970,CUST00145,PRD016,Credit,Net Banking,6459.9,Success
TXN004205,2025-10-19,ACC00465,CUST00638,PRD013,Debit,Mobile App,48987.32,Success
TXN004206,2025-11-06,ACC00720,CUST00538,PRD014,Debit,POS,19875.04,Failed
TXN004207,2023-11-02,ACC00078,CUST00399,PRD001,Debit,UPI,11151.19,Success
TXN004208,2025-11-02,ACC00172,CUST00649,PRD007,Credit,Net Banking,22101.49,Success
TXN004209,2024-10-31,ACC00064,CUST00629,PRD005,Debit,POS,21466.19,Success
TXN004210,2025-12-24,ACC00575,CUST00716,PRD014,Credit,UPI,3009.42,Success
TXN004211,2024-06-18,ACC00340,CUST00779,PRD013,Debit,Mobile App,4641.86,Success
TXN004212,2024-02-20,ACC00863,CUST00298,PRD004,Credit,UPI,8972.58,Success
TXN004213,2024-03-29,ACC00860,CUST00570,PRD004,Credit,Mobile App,23781.97,Success
TXN004214,2023-06-22,ACC00993,CUST00174,PRD010,Credit,Net Banking,211326.66,Success
TXN004215,2025-10-05,ACC00372,CUST00251,PRD005,Credit,Net Banking,8866.42,Success
TXN004216,2025-12-03,ACC00842,CUST00482,PRD008,Debit,UPI,6937.47,Success
TXN004217,2024-08-13,ACC00226,CUST00473,PRD010,Credit,UPI,270089.37,Success
TXN004218,2025-06-10,ACC00730,CUST00227,PRD003,Debit,ATM,159761.67,Success
TXN004219,2025-11-13,ACC00822,CUST00206,PRD005,Credit,UPI,6458.31,Success
TXN004220,2024-09-25,ACC00605,CUST00109,PRD005,Credit,UPI,7633.16,Success
TXN004221,2024-05-09,ACC00945,CUST00783,PRD011,Credit,Mobile App,467817.62,Success
TXN004222,2023-08-22,ACC00760,CUST00067,PRD013,Credit,ATM,10478.75,Success
TXN004223,2025-09-09,ACC00265,CUST00292,PRD010,Credit,Mobile App,266028.17,Success
TXN004224,2025-11-17,ACC00378,CUST00484,PRD008,Credit,UPI,1143.22,Success
TXN004225,2024-07-23,ACC00431,CUST00377,PRD011,Credit,UPI,113113.22,Success
TXN004226,2023-09-15,ACC00588,CUST00298,PRD004,Debit,UPI,3931.68,Failed
TXN004227,2025-10-18,ACC00747,CUST00453,PRD016,Credit,Mobile App,1226.03,Success
TXN004228,2024-12-05,ACC00346,CUST00678,PRD009,Debit,Net Banking,373224.55,Success
TXN004229,2025-09-05,ACC00326,CUST00025,PRD005,Credit,POS,7021.63,Success
TXN004230,2024-10-24,ACC00968,CUST00704,PRD008,Credit,UPI,14638.66,Success
TXN004231,2024-10-07,ACC00673,CUST00579,PRD011,Credit,UPI,306260.79,Success
TXN004232,2024-11-07,ACC00636,CUST00318,PRD008,Debit,Branch,21953.23,Success
TXN004233,2025-11-19,ACC00660,CUST00005,PRD014,Credit,UPI,27984.31,Failed
TXN004234,2024-11-21,ACC00841,CUST00075,PRD007,Credit,UPI,13213.01,Success
TXN004235,2025-09-12,ACC00316,CUST00441,PRD003,Credit,Branch,189889.99,Success
TXN004236,2025-04-15,ACC00074,CUST00135,PRD015,Debit,Net Banking,24697.64,Success
TXN004237,2024-01-23,ACC00666,CUST00482,PRD005,Debit,UPI,16041.47,Success
TXN004238,2023-01-06,ACC00257,CUST00360,PRD002,Debit,Mobile App,22217.95,Success
TXN004239,2025-11-05,ACC00100,CUST00418,PRD010,Debit,Mobile App,87370.79,Success
TXN004240,2024-06-12,ACC00066,CUST00211,PRD008,Debit,UPI,6349.27,Success
TXN004241,2024-01-24,ACC00887,CUST00420,PRD006,Credit,ATM,20055.63,Success
TXN004242,2023-05-29,ACC00389,CUST00542,PRD015,Debit,UPI,24376.43,Success
TXN004243,2023-10-16,ACC00453,CUST00736,PRD009,Credit,Mobile App,438082.09,Success
TXN004244,2025-06-28,ACC00018,CUST00487,PRD007,Debit,ATM,5761.21,Success
TXN004245,2024-07-17,ACC00122,CUST00099,PRD015,Debit,Mobile App,7214.0,Success
TXN004246,2024-11-24,ACC00744,CUST00114,PRD009,Credit,UPI,475337.17,Success
TXN004247,2025-10-16,ACC00016,CUST00394,PRD009,Debit,UPI,374150.76,Success
TXN004248,2025-05-20,ACC00694,CUST00550,PRD007,Debit,Net Banking,5116.52,Success
TXN004249,2023-06-20,ACC00454,CUST00033,PRD012,Credit,Net Banking,30515.51,Success
TXN004250,2025-12-16,ACC00594,CUST00128,PRD009,Debit,Mobile App,266865.42,Success
TXN004251,2024-11-25,ACC00954,CUST00430,PRD015,Debit,UPI,6192.84,Success
TXN004252,2025-10-24,ACC00039,CUST00392,PRD008,Debit,UPI,875.09,Success
TXN004253,2025-08-12,ACC00268,CUST00390,PRD016,Debit,Net Banking,15605.49,Success
TXN004254,2025-11-11,ACC00424,CUST00440,PRD005,Credit,Mobile App,7384.14,Success
TXN004255,2025-11-14,ACC00855,CUST00401,PRD015,Debit,UPI,4892.5,Failed
TXN004256,2023-01-01,ACC00818,CUST00762,PRD009,Credit,Mobile App,122545.49,Success
TXN004257,2025-09-11,ACC00289,CUST00704,PRD010,Debit,Branch,64290.91,Success
TXN004258,2023-04-30,ACC00418,CUST00777,PRD010,Debit,Branch,63357.48,Success
TXN004259,2025-10-04,ACC00771,CUST00642,PRD016,Debit,UPI,22170.21,Success
TXN004260,2025-07-08,ACC00863,CUST00298,PRD004,Debit,ATM,10416.55,Success
TXN004261,2025-02-28,ACC00511,CUST00292,PRD015,Debit,ATM,23203.49,Failed
TXN004262,2025-06-20,ACC00427,CUST00494,PRD002,Credit,Mobile App,16378.71,Success
TXN004263,2025-08-17,ACC00805,CUST00160,PRD004,Credit,Mobile App,771.67,Failed
TXN004264,2023-08-31,ACC00229,CUST00333,PRD012,Credit,UPI,41462.46,Success
TXN004265,2023-11-05,ACC00077,CUST00474,PRD014,Credit,Net Banking,48935.44,Success
TXN004266,2023-08-06,ACC00251,CUST00304,PRD002,Credit,UPI,13599.61,Success
TXN004267,2023-08-04,ACC00719,CUST00614,PRD004,Debit,UPI,7086.14,Success
TXN004268,2024-10-11,ACC00391,CUST00594,PRD007,Debit,Mobile App,6561.3,Success
TXN004269,2024-03-08,ACC00504,CUST00432,PRD007,Debit,Mobile App,7915.48,Success
TXN004270,2025-04-30,ACC00076,CUST00788,PRD004,Debit,UPI,21635.88,Success
TXN004271,2025-09-13,ACC00282,CUST00130,PRD003,Debit,Net Banking,379494.54,Success
TXN004272,2025-02-27,ACC00246,CUST00151,PRD010,Credit,UPI,173794.69,Success
TXN004273,2025-03-10,ACC00866,CUST00701,PRD005,Debit,Mobile App,12797.2,Success
TXN004274,2025-05-21,ACC00209,CUST00677,PRD016,Debit,Net Banking,10184.18,Success
TXN004275,2025-01-16,ACC00839,CUST00771,PRD009,Debit,Mobile App,232781.06,Success
TXN004276,2025-10-26,ACC00662,CUST00491,PRD002,Credit,UPI,520.67,Success
TXN004277,2025-09-18,ACC00234,CUST00576,PRD010,Credit,UPI,211591.1,Success
TXN004278,2024-08-25,ACC00031,CUST00342,PRD012,Credit,UPI,33561.05,Success
TXN004279,2025-05-25,ACC00506,CUST00555,PRD016,Credit,ATM,13724.83,Success
TXN004280,2024-12-03,ACC00756,CUST00505,PRD008,Debit,UPI,16211.31,Success
TXN004281,2025-08-24,ACC00091,CUST00677,PRD006,Debit,Mobile App,19625.04,Success
TXN004282,2025-03-20,ACC00082,CUST00244,PRD016,Credit,Net Banking,761.17,Success
TXN004283,2025-08-23,ACC00504,CUST00432,PRD008,Debit,UPI,17910.19,Success
TXN004284,2024-07-03,ACC00014,CUST00701,PRD016,Debit,Mobile App,1272.18,Success
TXN004285,2025-11-26,ACC00968,CUST00704,PRD011,Debit,UPI,302950.26,Success
TXN004286,2025-07-12,ACC00273,CUST00161,PRD010,Credit,Mobile App,127473.78,Success
TXN004287,2024-03-17,ACC00109,CUST00707,PRD016,Debit,Mobile App,10972.81,Success
TXN004288,2023-09-13,ACC00607,CUST00079,PRD004,Credit,Branch,6141.0,Success
TXN004289,2025-03-30,ACC00348,CUST00693,PRD008,Credit,Mobile App,12824.71,Success
TXN004290,2023-01-24,ACC00204,CUST00426,PRD004,Credit,Mobile App,5709.63,Success
TXN004291,2024-07-15,ACC00339,CUST00164,PRD008,Debit,UPI,430.42,Success
TXN004292,2024-09-16,ACC00619,CUST00417,PRD008,Credit,UPI,4353.13,Success
TXN004293,2025-04-20,ACC00432,CUST00133,PRD016,Debit,ATM,8140.32,Success
TXN004294,2025-10-16,ACC00318,CUST00349,PRD004,Credit,UPI,8025.46,Success
TXN004295,2025-10-22,ACC00727,CUST00228,PRD015,Debit,UPI,2430.99,Success
TXN004296,2024-12-17,ACC00421,CUST00388,PRD006,Debit,Mobile App,5643.83,Success
TXN004297,2025-12-13,ACC00416,CUST00222,PRD006,Credit,ATM,7848.37,Success
TXN004298,2025-10-15,ACC00299,CUST00200,PRD012,Debit,Mobile App,4279.32,Success
TXN004299,2024-05-04,ACC00109,CUST00707,PRD012,Credit,ATM,32744.33,Failed
TXN004300,2023-11-13,ACC00962,CUST00770,PRD012,Debit,Net Banking,48899.96,Failed
TXN004301,2024-03-30,ACC00135,CUST00047,PRD007,Debit,ATM,13440.28,Success
TXN004302,2023-01-01,ACC00818,CUST00762,PRD004,Credit,UPI,20496.47,Success
TXN004303,2025-07-21,ACC00706,CUST00723,PRD002,Debit,Mobile App,14611.21,Success
TXN004304,2025-11-08,ACC00720,CUST00538,PRD011,Credit,ATM,278108.88,Success
TXN004305,2024-01-16,ACC00960,CUST00233,PRD004,Debit,UPI,7633.57,Success
TXN004306,2025-05-01,ACC00578,CUST00236,PRD005,Debit,UPI,7368.87,Success
TXN004307,2024-08-20,ACC00953,CUST00611,PRD015,Credit,Mobile App,716.02,Success
TXN004308,2023-02-25,ACC00332,CUST00154,PRD005,Debit,UPI,18168.17,Success
TXN004309,2025-12-07,ACC00754,CUST00438,PRD014,Credit,UPI,21884.32,Success
TXN004310,2025-12-30,ACC00139,CUST00611,PRD014,Debit,Mobile App,38039.93,Success
TXN004311,2025-02-05,ACC00243,CUST00661,PRD007,Debit,UPI,14599.08,Success
TXN004312,2025-06-17,ACC00552,CUST00058,PRD013,Credit,Mobile App,30270.29,Success
TXN004313,2023-12-17,ACC00147,CUST00100,PRD004,Debit,UPI,2701.07,Success
TXN004314,2025-05-13,ACC00566,CUST00520,PRD012,Credit,Mobile App,35678.18,Success
TXN004315,2025-07-10,ACC00940,CUST00424,PRD010,Credit,ATM,196778.61,Success
TXN004316,2025-05-30,ACC00677,CUST00105,PRD005,Debit,UPI,20558.97,Success
TXN004317,2025-05-20,ACC00731,CUST00604,PRD006,Credit,UPI,24817.36,Success
TXN004318,2024-09-10,ACC00446,CUST00401,PRD009,Credit,Mobile App,142058.95,Success
TXN004319,2025-12-27,ACC00878,CUST00191,PRD008,Credit,Mobile App,23673.68,Success
TXN004320,2024-12-21,ACC00940,CUST00424,PRD009,Debit,UPI,426348.34,Success
TXN004321,2025-05-01,ACC01000,CUST00485,PRD001,Debit,UPI,8699.89,Success
TXN004322,2025-06-15,ACC00773,CUST00331,PRD009,Debit,UPI,59518.92,Success
TXN004323,2024-07-20,ACC00556,CUST00555,PRD002,Debit,UPI,23234.29,Failed
TXN004324,2025-06-03,ACC00610,CUST00349,PRD015,Credit,UPI,426.89,Success
TXN004325,2025-12-24,ACC00799,CUST00609,PRD001,Credit,UPI,2441.68,Success
TXN004326,2025-12-16,ACC00788,CUST00557,PRD006,Debit,UPI,7238.31,Success
TXN004327,2025-07-10,ACC00567,CUST00055,PRD005,Debit,UPI,20960.65,Success
TXN004328,2025-07-30,ACC00975,CUST00146,PRD003,Debit,UPI,358512.03,Success
TXN004329,2023-04-10,ACC00282,CUST00130,PRD008,Credit,Mobile App,20290.45,Success
TXN004330,2025-04-02,ACC00036,CUST00217,PRD013,Credit,Net Banking,40613.06,Success
TXN004331,2025-05-25,ACC00655,CUST00456,PRD008,Debit,Mobile App,15959.36,Success
TXN004332,2025-12-06,ACC00104,CUST00314,PRD001,Credit,UPI,20316.5,Failed
TXN004333,2025-08-03,ACC00686,CUST00596,PRD001,Credit,ATM,23327.31,Success
TXN004334,2024-03-03,ACC00537,CUST00096,PRD001,Credit,Net Banking,17706.3,Success
TXN004335,2024-01-04,ACC00409,CUST00610,PRD012,Credit,Mobile App,19167.02,Success
TXN004336,2025-06-06,ACC00971,CUST00274,PRD009,Credit,Mobile App,219434.18,Success
TXN004337,2025-11-05,ACC00271,CUST00567,PRD016,Credit,UPI,7904.85,Success
TXN004338,2025-05-05,ACC00177,CUST00727,PRD001,Credit,UPI,23758.23,Success
TXN004339,2025-04-25,ACC00150,CUST00524,PRD015,Credit,Net Banking,3427.62,Success
TXN004340,2025-08-14,ACC00275,CUST00755,PRD002,Debit,UPI,13651.02,Success
TXN004341,2023-06-14,ACC00453,CUST00736,PRD008,Credit,POS,24301.54,Success
TXN004342,2024-01-20,ACC00187,CUST00048,PRD007,Debit,ATM,15468.2,Success
TXN004343,2025-05-01,ACC00854,CUST00470,PRD004,Credit,Mobile App,1896.95,Success
TXN004344,2023-12-17,ACC00315,CUST00490,PRD016,Credit,UPI,3095.41,Success
TXN004345,2024-11-26,ACC00361,CUST00166,PRD010,Credit,Mobile App,392894.75,Success
TXN004346,2023-10-08,ACC00653,CUST00497,PRD001,Credit,Mobile App,22708.34,Success
TXN004347,2025-07-08,ACC00020,CUST00458,PRD014,Credit,UPI,19156.26,Success
TXN004348,2025-06-03,ACC00341,CUST00315,PRD007,Credit,Mobile App,18815.04,Success
TXN004349,2025-04-03,ACC00474,CUST00146,PRD006,Credit,UPI,18785.91,Success
TXN004350,2023-01-01,ACC00223,CUST00124,PRD013,Debit,Mobile App,31868.43,Success
TXN004351,2024-05-31,ACC00257,CUST00360,PRD009,Credit,Net Banking,253264.45,Success
TXN004352,2025-11-29,ACC00007,CUST00161,PRD011,Credit,ATM,64487.14,Success
TXN004353,2024-05-16,ACC00393,CUST00285,PRD005,Debit,UPI,24221.78,Success
TXN004354,2024-01-24,ACC00635,CUST00757,PRD012,Debit,Mobile App,9355.58,Success
TXN004355,2025-12-22,ACC00711,CUST00629,PRD012,Debit,UPI,48949.1,Success
TXN004356,2025-02-10,ACC00100,CUST00418,PRD015,Debit,Net Banking,7284.86,Success
TXN004357,2024-05-03,ACC00730,CUST00227,PRD003,Debit,ATM,87527.28,Success
TXN004358,2025-05-11,ACC00773,CUST00331,PRD007,Debit,Mobile App,7587.18,Success
TXN004359,2024-01-21,ACC00148,CUST00312,PRD012,Debit,POS,46295.0,Success
TXN004360,2025-06-28,ACC00815,CUST00151,PRD010,Credit,Net Banking,199419.85,Success
TXN004361,2025-12-01,ACC00591,CUST00184,PRD006,Debit,Mobile App,9004.19,Success
TXN004362,2025-03-16,ACC00173,CUST00428,PRD006,Credit,Net Banking,13196.98,Success
TXN004363,2025-03-22,ACC00625,CUST00235,PRD016,Credit,ATM,3436.93,Success
TXN004364,2024-01-31,ACC00497,CUST00247,PRD001,Debit,UPI,7206.83,Success
TXN004365,2025-10-25,ACC00835,CUST00225,PRD003,Credit,Net Banking,266639.73,Success
TXN004366,2025-03-30,ACC00289,CUST00704,PRD014,Credit,Mobile App,3054.12,Success
TXN004367,2024-08-29,ACC00158,CUST00633,PRD003,Credit,Net Banking,136740.21,Success
TXN004368,2025-11-07,ACC00524,CUST00226,PRD015,Credit,Mobile App,23464.14,Success
TXN004369,2024-11-12,ACC00534,CUST00098,PRD001,Credit,Mobile App,4353.67,Success
TXN004370,2025-06-29,ACC00427,CUST00494,PRD001,Credit,ATM,13757.73,Success
TXN004371,2025-09-25,ACC00485,CUST00108,PRD010,Debit,UPI,214586.79,Success
TXN004372,2025-10-25,ACC00503,CUST00080,PRD016,Debit,Mobile App,19048.55,Success
TXN004373,2025-03-24,ACC00516,CUST00333,PRD004,Debit,Mobile App,20962.53,Success
TXN004374,2025-03-24,ACC00844,CUST00676,PRD011,Credit,Mobile App,115002.85,Success
TXN004375,2025-08-26,ACC00096,CUST00634,PRD002,Debit,Net Banking,6655.62,Success
TXN004376,2025-09-25,ACC00360,CUST00296,PRD015,Debit,UPI,1414.57,Success
TXN004377,2025-08-22,ACC00217,CUST00470,PRD012,Credit,UPI,43776.8,Success
TXN004378,2023-07-28,ACC00287,CUST00506,PRD003,Debit,Net Banking,353779.8,Success
TXN004379,2025-06-20,ACC00548,CUST00073,PRD003,Debit,Branch,158387.18,Success
TXN004380,2025-10-10,ACC00988,CUST00581,PRD010,Credit,UPI,213783.59,Success
TXN004381,2023-03-23,ACC00129,CUST00635,PRD008,Credit,UPI,8061.99,Success
TXN004382,2025-01-18,ACC00081,CUST00425,PRD005,Debit,UPI,21511.92,Success
TXN004383,2024-01-11,ACC00011,CUST00265,PRD002,Credit,UPI,13030.74,Success
TXN004384,2025-11-08,ACC00883,CUST00095,PRD013,Credit,ATM,2059.6,Success
TXN004385,2025-12-19,ACC00048,CUST00348,PRD002,Credit,ATM,4686.31,Success
TXN004386,2023-08-10,ACC00796,CUST00506,PRD006,Credit,UPI,785.53,Success
TXN004387,2025-07-30,ACC00286,CUST00417,PRD005,Debit,Net Banking,21273.38,Success
TXN004388,2025-07-20,ACC00423,CUST00020,PRD006,Credit,UPI,5305.99,Success
TXN004389,2024-06-09,ACC00786,CUST00695,PRD016,Debit,UPI,9154.07,Success
TXN004390,2025-11-30,ACC00859,CUST00391,PRD006,Debit,POS,5445.46,Success
TXN004391,2025-08-17,ACC00647,CUST00347,PRD015,Credit,Mobile App,21511.97,Success
TXN004392,2025-09-17,ACC00759,CUST00281,PRD016,Debit,UPI,4723.19,Success
TXN004393,2025-10-16,ACC00563,CUST00705,PRD004,Credit,Net Banking,11123.69,Success
TXN004394,2025-11-10,ACC00795,CUST00392,PRD012,Debit,UPI,21787.4,Success
TXN004395,2025-12-11,ACC00699,CUST00715,PRD004,Credit,UPI,20274.97,Success
TXN004396,2025-09-06,ACC00338,CUST00667,PRD002,Debit,UPI,15952.77,Success
TXN004397,2025-01-08,ACC00441,CUST00331,PRD001,Credit,Branch,6990.53,Success
TXN004398,2025-11-25,ACC00998,CUST00095,PRD014,Debit,Mobile App,31280.61,Success
TXN004399,2025-12-25,ACC00918,CUST00680,PRD001,Debit,UPI,2393.67,Success
TXN004400,2024-09-18,ACC00483,CUST00745,PRD001,Debit,POS,10166.68,Failed
TXN004401,2025-04-03,ACC00412,CUST00384,PRD012,Debit,Mobile App,24652.3,Success
TXN004402,2025-04-09,ACC00970,CUST00145,PRD001,Debit,POS,6232.58,Success
TXN004403,2025-07-11,ACC00629,CUST00044,PRD013,Debit,UPI,21116.21,Success
TXN004404,2025-10-14,ACC00139,CUST00611,PRD002,Credit,Mobile App,5557.47,Failed
TXN004405,2024-12-13,ACC00449,CUST00420,PRD012,Credit,Mobile App,14782.91,Success
TXN004406,2025-02-01,ACC00418,CUST00777,PRD013,Credit,POS,38351.86,Success
TXN004407,2025-05-29,ACC00301,CUST00260,PRD004,Credit,UPI,5288.62,Success
TXN004408,2025-01-18,ACC00172,CUST00649,PRD003,Debit,Net Banking,81095.27,Success
TXN004409,2023-10-04,ACC00719,CUST00614,PRD009,Debit,Net Banking,182760.27,Success
TXN004410,2025-07-09,ACC00994,CUST00677,PRD005,Credit,UPI,17706.14,Success
TXN004411,2025-09-02,ACC00017,CUST00260,PRD003,Debit,Mobile App,162948.91,Success
TXN004412,2025-03-22,ACC00612,CUST00476,PRD006,Credit,UPI,21598.94,Success
TXN004413,2023-10-11,ACC00174,CUST00141,PRD011,Debit,Mobile App,320142.28,Success
TXN004414,2025-06-03,ACC00810,CUST00049,PRD014,Debit,UPI,33137.76,Success
TXN004415,2025-09-07,ACC00420,CUST00510,PRD007,Credit,UPI,6234.14,Success
TXN004416,2025-11-29,ACC00336,CUST00507,PRD010,Debit,Mobile App,370749.95,Success
TXN004417,2023-07-01,ACC00411,CUST00378,PRD010,Credit,Mobile App,133454.83,Success
TXN004418,2025-09-14,ACC00173,CUST00428,PRD002,Debit,ATM,16466.1,Success
TXN004419,2025-03-27,ACC00644,CUST00057,PRD008,Credit,UPI,23663.88,Success
TXN004420,2025-10-03,ACC00791,CUST00066,PRD006,Credit,UPI,16428.89,Success
TXN004421,2025-09-13,ACC00277,CUST00034,PRD013,Debit,UPI,25106.59,Success
TXN004422,2023-02-12,ACC00789,CUST00122,PRD012,Credit,UPI,34711.1,Success
TXN004423,2024-03-21,ACC00156,CUST00568,PRD007,Debit,Net Banking,6919.36,Failed
TXN004424,2023-06-25,ACC00625,CUST00235,PRD004,Debit,ATM,22605.52,Failed
TXN004425,2023-08-27,ACC00612,CUST00476,PRD007,Credit,ATM,6949.95,Success
TXN004426,2024-06-28,ACC00387,CUST00590,PRD009,Credit,UPI,157027.99,Success
TXN004427,2025-10-26,ACC00820,CUST00793,PRD010,Debit,Mobile App,391165.22,Success
TXN004428,2025-05-15,ACC00440,CUST00552,PRD016,Credit,UPI,3689.33,Success
TXN004429,2025-11-06,ACC00671,CUST00786,PRD011,Debit,ATM,424375.03,Success
TXN004430,2025-01-11,ACC00934,CUST00301,PRD009,Credit,Net Banking,411653.46,Success
TXN004431,2024-11-24,ACC00936,CUST00111,PRD011,Debit,Mobile App,300838.08,Success
TXN004432,2024-11-29,ACC00806,CUST00687,PRD014,Debit,Mobile App,11153.96,Success
TXN004433,2023-08-30,ACC00947,CUST00735,PRD003,Debit,UPI,58363.45,Success
TXN004434,2025-02-14,ACC00562,CUST00189,PRD014,Debit,UPI,45596.64,Success
TXN004435,2024-08-27,ACC00259,CUST00561,PRD012,Debit,Mobile App,20794.9,Success
TXN004436,2025-07-18,ACC00268,CUST00390,PRD002,Debit,UPI,13812.53,Success
TXN004437,2025-06-07,ACC00628,CUST00413,PRD001,Credit,UPI,2711.49,Success
TXN004438,2023-09-18,ACC00704,CUST00520,PRD008,Credit,UPI,14323.36,Success
TXN004439,2023-08-29,ACC00518,CUST00749,PRD012,Credit,Net Banking,30280.78,Success
TXN004440,2025-07-31,ACC00871,CUST00439,PRD014,Debit,UPI,10137.03,Success
TXN004441,2025-10-14,ACC00817,CUST00414,PRD015,Credit,POS,22949.28,Success
TXN004442,2025-10-12,ACC00615,CUST00716,PRD008,Credit,Mobile App,23929.24,Success
TXN004443,2025-08-03,ACC00923,CUST00508,PRD005,Credit,Net Banking,20655.56,Success
TXN004444,2025-10-10,ACC00017,CUST00260,PRD005,Debit,Net Banking,1645.7,Success
TXN004445,2025-02-01,ACC00350,CUST00352,PRD016,Credit,Mobile App,1038.66,Success
TXN004446,2023-02-16,ACC00585,CUST00211,PRD004,Debit,Branch,10071.37,Success
TXN004447,2025-06-29,ACC00283,CUST00568,PRD010,Debit,Mobile App,338200.05,Success
TXN004448,2025-04-17,ACC00333,CUST00100,PRD014,Credit,UPI,32979.78,Success
TXN004449,2024-10-13,ACC00027,CUST00211,PRD015,Debit,ATM,13287.96,Success
TXN004450,2024-09-25,ACC00746,CUST00398,PRD003,Debit,Mobile App,77153.57,Success
TXN004451,2025-05-09,ACC00456,CUST00623,PRD003,Debit,POS,54729.79,Success
TXN004452,2025-06-07,ACC00622,CUST00670,PRD004,Debit,UPI,3137.65,Success
TXN004453,2023-12-15,ACC00082,CUST00244,PRD016,Debit,UPI,18593.68,Success
TXN004454,2025-07-06,ACC00373,CUST00344,PRD016,Credit,Mobile App,24910.69,Success
TXN004455,2024-08-24,ACC00632,CUST00507,PRD014,Credit,UPI,34920.27,Success
TXN004456,2025-03-01,ACC00921,CUST00367,PRD015,Debit,Net Banking,23486.36,Success
TXN004457,2025-06-10,ACC00474,CUST00146,PRD006,Debit,UPI,1563.14,Success
TXN004458,2025-05-09,ACC00208,CUST00451,PRD009,Credit,Mobile App,444204.64,Success
TXN004459,2024-09-30,ACC00846,CUST00447,PRD010,Debit,UPI,395691.63,Success
TXN004460,2023-12-26,ACC00881,CUST00003,PRD015,Credit,Net Banking,20441.14,Success
TXN004461,2025-09-21,ACC00075,CUST00114,PRD011,Debit,UPI,436367.22,Success
TXN004462,2025-06-21,ACC00184,CUST00009,PRD011,Credit,Branch,334498.19,Success
TXN004463,2025-01-15,ACC00968,CUST00704,PRD008,Credit,UPI,11538.48,Success
TXN004464,2025-11-22,ACC00360,CUST00296,PRD013,Debit,UPI,46727.39,Success
TXN004465,2024-09-02,ACC00899,CUST00456,PRD006,Credit,Branch,10959.88,Success
TXN004466,2025-09-06,ACC00182,CUST00273,PRD008,Debit,UPI,21518.64,Success
TXN004467,2025-11-24,ACC00194,CUST00798,PRD007,Credit,UPI,24103.19,Success
TXN004468,2025-12-14,ACC00884,CUST00135,PRD016,Credit,Mobile App,24268.58,Success
TXN004469,2025-10-30,ACC00992,CUST00673,PRD002,Debit,UPI,24969.02,Success
TXN004470,2025-10-13,ACC00150,CUST00524,PRD013,Credit,Mobile App,14555.96,Success
TXN004471,2023-01-19,ACC00579,CUST00158,PRD003,Credit,Net Banking,181047.41,Success
TXN004472,2025-12-10,ACC00660,CUST00005,PRD006,Credit,Mobile App,24148.71,Success
TXN004473,2024-07-23,ACC00945,CUST00783,PRD004,Credit,UPI,20372.3,Success
TXN004474,2025-11-12,ACC00560,CUST00693,PRD009,Credit,POS,334874.26,Success
TXN004475,2023-07-01,ACC00682,CUST00596,PRD010,Debit,ATM,323838.36,Success
TXN004476,2025-06-22,ACC00307,CUST00048,PRD004,Credit,Net Banking,17718.91,Success
TXN004477,2025-03-26,ACC00167,CUST00538,PRD010,Debit,Mobile App,269886.28,Success
TXN004478,2025-11-12,ACC00160,CUST00708,PRD013,Debit,UPI,14475.16,Success
TXN004479,2025-03-19,ACC00131,CUST00196,PRD003,Debit,Branch,48010.07,Success
TXN004480,2025-06-20,ACC00439,CUST00097,PRD006,Credit,Mobile App,18288.68,Success
TXN004481,2024-09-28,ACC00247,CUST00476,PRD007,Credit,UPI,10107.07,Success
TXN004482,2025-07-07,ACC00210,CUST00479,PRD014,Credit,Net Banking,7709.41,Success
TXN004483,2025-02-07,ACC00480,CUST00191,PRD001,Debit,Mobile App,11446.55,Success
TXN004484,2025-03-14,ACC00138,CUST00786,PRD016,Credit,UPI,10186.83,Success
TXN004485,2025-02-17,ACC00402,CUST00574,PRD004,Credit,UPI,661.63,Success
TXN004486,2025-10-01,ACC00476,CUST00142,PRD008,Credit,UPI,23032.44,Failed
TXN004487,2024-08-04,ACC00764,CUST00510,PRD007,Credit,UPI,9514.02,Failed
TXN004488,2025-10-21,ACC00261,CUST00154,PRD006,Debit,POS,6590.86,Success
TXN004489,2024-12-09,ACC00933,CUST00184,PRD007,Debit,Mobile App,2654.92,Success
TXN004490,2025-01-15,ACC00210,CUST00479,PRD008,Credit,POS,10355.07,Failed
TXN004491,2025-08-11,ACC00711,CUST00629,PRD006,Debit,UPI,24302.7,Success
TXN004492,2025-12-18,ACC00662,CUST00491,PRD005,Debit,Mobile App,291.92,Success
TXN004493,2025-02-19,ACC00146,CUST00507,PRD009,Credit,UPI,78423.02,Success
TXN004494,2024-06-21,ACC00830,CUST00723,PRD016,Debit,Net Banking,3656.35,Success
TXN004495,2025-07-30,ACC00806,CUST00687,PRD006,Credit,UPI,427.96,Success
TXN004496,2023-01-01,ACC00818,CUST00762,PRD005,Credit,UPI,4895.86,Success
TXN004497,2025-10-25,ACC00620,CUST00135,PRD011,Debit,Mobile App,20618.64,Success
TXN004498,2023-06-15,ACC00494,CUST00742,PRD014,Credit,Net Banking,22892.37,Success
TXN004499,2025-04-20,ACC00536,CUST00338,PRD002,Debit,UPI,2634.32,Success
TXN004500,2024-07-10,ACC00548,CUST00073,PRD003,Credit,UPI,416500.48,Success
TXN004501,2024-03-07,ACC00216,CUST00631,PRD004,Debit,UPI,19516.24,Success
TXN004502,2025-02-24,ACC00566,CUST00520,PRD015,Credit,UPI,13312.25,Success
TXN004503,2024-05-04,ACC00969,CUST00575,PRD013,Credit,ATM,22115.69,Success
TXN004504,2025-02-12,ACC00629,CUST00044,PRD008,Credit,Net Banking,23916.91,Success
TXN004505,2025-03-21,ACC00508,CUST00114,PRD010,Debit,UPI,271611.61,Success
TXN004506,2025-09-22,ACC00451,CUST00782,PRD015,Credit,Branch,1912.42,Success
TXN004507,2025-02-25,ACC00756,CUST00505,PRD015,Debit,UPI,21681.38,Success
TXN004508,2023-04-20,ACC00264,CUST00301,PRD014,Debit,UPI,16979.36,Success
TXN004509,2025-11-15,ACC00919,CUST00083,PRD014,Debit,Net Banking,45366.31,Success
TXN004510,2025-03-20,ACC00475,CUST00066,PRD005,Debit,UPI,10308.76,Success
TXN004511,2023-01-14,ACC00297,CUST00297,PRD009,Credit,Net Banking,284289.28,Success
TXN004512,2025-11-14,ACC00984,CUST00723,PRD002,Credit,Mobile App,23165.83,Success
TXN004513,2025-01-19,ACC00550,CUST00236,PRD011,Credit,UPI,258906.5,Success
TXN004514,2024-02-07,ACC00746,CUST00398,PRD003,Debit,Mobile App,343370.52,Failed
TXN004515,2025-11-16,ACC00266,CUST00754,PRD005,Credit,Mobile App,16724.1,Success
TXN004516,2025-04-15,ACC00310,CUST00431,PRD016,Credit,ATM,22632.03,Success
TXN004517,2024-12-06,ACC00290,CUST00522,PRD015,Credit,Branch,20568.28,Success
TXN004518,2023-12-16,ACC00881,CUST00003,PRD013,Credit,Mobile App,16930.72,Success
TXN004519,2025-05-31,ACC00256,CUST00720,PRD004,Credit,UPI,9364.83,Success
TXN004520,2024-08-19,ACC00532,CUST00239,PRD013,Debit,Net Banking,38098.24,Success
TXN004521,2023-06-06,ACC00562,CUST00189,PRD015,Credit,ATM,10535.64,Success
TXN004522,2025-10-16,ACC00458,CUST00658,PRD002,Debit,Mobile App,7521.13,Success
TXN004523,2025-01-10,ACC00309,CUST00624,PRD003,Debit,Mobile App,225992.39,Success
TXN004524,2025-12-08,ACC00829,CUST00408,PRD009,Credit,Net Banking,221781.74,Success
TXN004525,2025-11-14,ACC00031,CUST00342,PRD006,Credit,Mobile App,11156.9,Success
TXN004526,2023-04-27,ACC00646,CUST00298,PRD010,Credit,UPI,218899.76,Success
TXN004527,2025-10-22,ACC00848,CUST00299,PRD011,Debit,Mobile App,163443.65,Success
TXN004528,2024-08-17,ACC00950,CUST00437,PRD006,Debit,UPI,15911.96,Success
TXN004529,2025-04-23,ACC00726,CUST00469,PRD012,Debit,UPI,30990.28,Success
TXN004530,2023-08-10,ACC00130,CUST00671,PRD013,Credit,Mobile App,13832.99,Success
TXN004531,2024-06-10,ACC00497,CUST00247,PRD005,Debit,ATM,4590.72,Success
TXN004532,2025-05-02,ACC00856,CUST00401,PRD013,Debit,ATM,33927.95,Success
TXN004533,2025-07-18,ACC00904,CUST00614,PRD003,Credit,UPI,122044.09,Success
TXN004534,2024-10-17,ACC00583,CUST00356,PRD005,Debit,Net Banking,11413.79,Success
TXN004535,2025-04-07,ACC00975,CUST00146,PRD008,Credit,UPI,6240.35,Success
TXN004536,2023-09-13,ACC00387,CUST00590,PRD003,Debit,Mobile App,182257.55,Success
TXN004537,2025-04-05,ACC00181,CUST00029,PRD008,Credit,ATM,816.98,Success
TXN004538,2025-09-08,ACC00866,CUST00701,PRD010,Credit,Mobile App,27174.23,Success
TXN004539,2025-08-03,ACC00975,CUST00146,PRD014,Credit,UPI,49839.09,Success
TXN004540,2023-10-14,ACC00955,CUST00269,PRD007,Credit,Net Banking,8514.63,Success
TXN004541,2025-06-22,ACC00338,CUST00667,PRD007,Debit,UPI,21223.25,Failed
TXN004542,2023-01-02,ACC00297,CUST00297,PRD009,Credit,Mobile App,272173.15,Success
TXN004543,2023-11-21,ACC00471,CUST00613,PRD009,Credit,UPI,87114.3,Success
TXN004544,2025-07-20,ACC00567,CUST00055,PRD013,Credit,UPI,31053.21,Success
TXN004545,2025-12-23,ACC00058,CUST00434,PRD003,Credit,UPI,476613.67,Success
TXN004546,2023-06-05,ACC00499,CUST00581,PRD014,Debit,ATM,4807.14,Success
TXN004547,2025-12-27,ACC00594,CUST00128,PRD016,Credit,Branch,3068.66,Success
TXN004548,2024-12-22,ACC00441,CUST00331,PRD011,Debit,Mobile App,203575.87,Success
TXN004549,2025-04-13,ACC00777,CUST00691,PRD010,Credit,ATM,210183.24,Success
TXN004550,2024-09-06,ACC00198,CUST00711,PRD010,Debit,ATM,486164.71,Success
TXN004551,2025-09-25,ACC00228,CUST00519,PRD014,Credit,UPI,2735.31,Success
TXN004552,2025-02-27,ACC00787,CUST00649,PRD015,Debit,Branch,4705.17,Success
TXN004553,2025-08-20,ACC00298,CUST00626,PRD016,Credit,UPI,2745.45,Success
TXN004554,2025-05-01,ACC00274,CUST00372,PRD001,Credit,UPI,5719.75,Success
TXN004555,2025-09-01,ACC00357,CUST00545,PRD003,Debit,UPI,47904.72,Success
TXN004556,2025-07-14,ACC00797,CUST00237,PRD014,Credit,Net Banking,21799.2,Success
TXN004557,2023-10-11,ACC00809,CUST00356,PRD009,Credit,UPI,363460.2,Success
TXN004558,2025-02-13,ACC00074,CUST00135,PRD007,Debit,Net Banking,18525.05,Success
TXN004559,2024-09-26,ACC00563,CUST00705,PRD003,Credit,Mobile App,235758.59,Success
TXN004560,2023-10-01,ACC00809,CUST00356,PRD002,Debit,ATM,111.71,Success
TXN004561,2025-11-12,ACC00709,CUST00462,PRD004,Debit,UPI,5508.16,Success
TXN004562,2025-04-12,ACC00686,CUST00596,PRD012,Debit,UPI,31562.47,Success
TXN004563,2024-11-05,ACC00112,CUST00425,PRD002,Credit,Net Banking,7193.11,Success
TXN004564,2023-02-12,ACC00106,CUST00342,PRD008,Credit,Mobile App,6202.06,Success
TXN004565,2025-11-26,ACC00547,CUST00740,PRD012,Credit,Net Banking,47276.56,Success
TXN004566,2025-12-18,ACC00771,CUST00642,PRD011,Credit,Net Banking,70116.85,Success
TXN004567,2025-09-07,ACC00128,CUST00711,PRD003,Credit,Mobile App,485214.3,Success
TXN004568,2025-02-16,ACC00981,CUST00326,PRD001,Debit,UPI,16504.95,Success
TXN004569,2024-10-01,ACC00856,CUST00401,PRD005,Debit,Net Banking,759.92,Success
TXN004570,2023-01-11,ACC00498,CUST00779,PRD006,Debit,Mobile App,16235.27,Success
TXN004571,2023-07-28,ACC00807,CUST00664,PRD011,Credit,UPI,402633.72,Success
TXN004572,2025-08-16,ACC00933,CUST00184,PRD015,Debit,UPI,16911.79,Success
TXN004573,2024-03-12,ACC00377,CUST00069,PRD005,Credit,Mobile App,11100.8,Success
TXN004574,2025-07-11,ACC00563,CUST00705,PRD009,Credit,ATM,118158.93,Success
TXN004575,2024-08-31,ACC00604,CUST00034,PRD002,Credit,UPI,3165.29,Success
TXN004576,2025-12-18,ACC00859,CUST00391,PRD015,Credit,UPI,9525.91,Success
TXN004577,2025-03-12,ACC00303,CUST00269,PRD003,Debit,Net Banking,196464.45,Success
TXN004578,2023-04-24,ACC00964,CUST00779,PRD012,Credit,Mobile App,42367.25,Success
TXN004579,2025-09-30,ACC00785,CUST00127,PRD009,Debit,UPI,470700.66,Success
TXN004580,2024-12-27,ACC00972,CUST00663,PRD009,Credit,ATM,137915.91,Success
TXN004581,2025-11-13,ACC00170,CUST00799,PRD009,Debit,Mobile App,439376.71,Success
TXN004582,2025-06-06,ACC00417,CUST00505,PRD004,Debit,UPI,10990.11,Success
TXN004583,2025-05-26,ACC00221,CUST00737,PRD005,Debit,Mobile App,9561.74,Success
TXN004584,2023-11-17,ACC00673,CUST00579,PRD003,Credit,POS,276978.86,Success
TXN004585,2025-01-02,ACC00172,CUST00649,PRD008,Credit,Mobile App,20056.04,Success
TXN004586,2025-11-09,ACC00081,CUST00425,PRD016,Credit,UPI,24637.25,Success
TXN004587,2025-07-23,ACC00926,CUST00322,PRD008,Debit,Branch,2446.76,Success
TXN004588,2025-07-24,ACC00124,CUST00195,PRD009,Debit,Net Banking,206160.92,Success
TXN004589,2024-11-06,ACC00774,CUST00712,PRD015,Credit,Net Banking,4681.33,Success
TXN004590,2025-05-26,ACC00691,CUST00061,PRD014,Credit,Net Banking,44430.63,Success
TXN004591,2025-03-01,ACC00270,CUST00738,PRD007,Credit,UPI,7063.28,Success
TXN004592,2024-01-01,ACC00168,CUST00547,PRD012,Debit,UPI,12820.9,Success
TXN004593,2025-01-10,ACC00358,CUST00529,PRD010,Debit,UPI,466569.11,Success
TXN004594,2023-03-17,ACC00270,CUST00738,PRD006,Credit,Mobile App,13270.48,Success
TXN004595,2024-10-24,ACC00145,CUST00292,PRD008,Credit,Mobile App,7039.18,Success
TXN004596,2025-11-19,ACC00145,CUST00292,PRD006,Debit,UPI,3095.81,Success
TXN004597,2025-01-30,ACC00124,CUST00195,PRD005,Credit,Mobile App,23968.49,Success
TXN004598,2023-04-10,ACC00767,CUST00400,PRD007,Debit,POS,9638.63,Success
TXN004599,2025-12-30,ACC00538,CUST00098,PRD009,Debit,ATM,342640.56,Success
TXN004600,2024-12-05,ACC00430,CUST00527,PRD011,Debit,Net Banking,440391.7,Success
TXN004601,2024-09-17,ACC00501,CUST00051,PRD004,Debit,UPI,18518.41,Failed
TXN004602,2024-09-22,ACC00165,CUST00229,PRD003,Debit,Mobile App,123445.21,Success
TXN004603,2025-02-12,ACC00970,CUST00145,PRD009,Debit,UPI,82875.4,Success
TXN004604,2025-01-29,ACC00819,CUST00207,PRD016,Credit,Mobile App,9344.08,Success
TXN004605,2024-03-29,ACC00143,CUST00127,PRD006,Credit,UPI,22335.19,Success
TXN004606,2025-07-23,ACC00995,CUST00691,PRD016,Credit,POS,21379.58,Success
TXN004607,2024-01-01,ACC00962,CUST00770,PRD011,Debit,Net Banking,185546.68,Success
TXN004608,2025-03-14,ACC00255,CUST00643,PRD006,Debit,Mobile App,3509.81,Success
TXN004609,2025-09-27,ACC00680,CUST00293,PRD014,Credit,Mobile App,3071.01,Success
TXN004610,2023-09-27,ACC00602,CUST00012,PRD013,Credit,UPI,7130.74,Success
TXN004611,2024-04-03,ACC00783,CUST00422,PRD003,Credit,Mobile App,472996.92,Success
TXN004612,2025-06-30,ACC00246,CUST00151,PRD007,Debit,Net Banking,16163.18,Success
TXN004613,2025-11-09,ACC00098,CUST00241,PRD011,Debit,Net Banking,355384.05,Success
TXN004614,2025-01-07,ACC00081,CUST00425,PRD016,Credit,UPI,12257.12,Success
TXN004615,2025-12-16,ACC00139,CUST00611,PRD001,Debit,Mobile App,10234.2,Success
TXN004616,2025-01-02,ACC00899,CUST00456,PRD011,Credit,UPI,490175.51,Success
TXN004617,2024-07-19,ACC00070,CUST00766,PRD002,Debit,UPI,24712.14,Success
TXN004618,2025-01-26,ACC00289,CUST00704,PRD004,Debit,ATM,23733.79,Success
TXN004619,2025-07-16,ACC00274,CUST00372,PRD014,Credit,ATM,14962.81,Success
TXN004620,2025-10-04,ACC00036,CUST00217,PRD014,Debit,UPI,38775.12,Success
TXN004621,2025-09-30,ACC00090,CUST00503,PRD001,Debit,UPI,5391.66,Failed
TXN004622,2025-10-15,ACC00773,CUST00331,PRD013,Debit,Net Banking,47376.33,Success
TXN004623,2024-02-07,ACC00624,CUST00429,PRD010,Credit,Branch,310520.97,Success
TXN004624,2024-04-13,ACC00841,CUST00075,PRD015,Credit,Net Banking,5250.45,Success
TXN004625,2025-12-25,ACC00254,CUST00664,PRD009,Credit,UPI,311163.01,Success
TXN004626,2023-03-31,ACC00860,CUST00570,PRD013,Credit,Mobile App,7087.5,Success
TXN004627,2024-09-03,ACC00713,CUST00418,PRD001,Debit,UPI,14249.66,Success
TXN004628,2025-12-07,ACC00419,CUST00357,PRD010,Debit,UPI,145544.46,Success
TXN004629,2025-10-05,ACC00758,CUST00652,PRD001,Credit,ATM,23270.16,Success
TXN004630,2023-03-07,ACC00636,CUST00318,PRD011,Credit,ATM,439817.46,Failed
TXN004631,2025-11-06,ACC00893,CUST00750,PRD009,Credit,ATM,72667.73,Success
TXN004632,2025-10-18,ACC00149,CUST00531,PRD013,Credit,ATM,44781.55,Success
TXN004633,2025-09-19,ACC00040,CUST00541,PRD011,Debit,Mobile App,476796.14,Success
TXN004634,2024-10-18,ACC00634,CUST00676,PRD012,Debit,Mobile App,36897.25,Success
TXN004635,2025-10-24,ACC00919,CUST00083,PRD002,Credit,Mobile App,1629.75,Success
TXN004636,2025-04-04,ACC00500,CUST00193,PRD011,Credit,UPI,264306.17,Success
TXN004637,2025-12-05,ACC00331,CUST00176,PRD013,Credit,UPI,26360.81,Success
TXN004638,2025-12-18,ACC00873,CUST00276,PRD006,Debit,UPI,11985.06,Success
TXN004639,2025-09-26,ACC00368,CUST00416,PRD001,Credit,UPI,1147.36,Success
TXN004640,2025-03-31,ACC00525,CUST00025,PRD015,Debit,UPI,23291.78,Success
TXN004641,2025-06-25,ACC00649,CUST00760,PRD005,Credit,Mobile App,20409.48,Success
TXN004642,2024-07-17,ACC00460,CUST00521,PRD008,Debit,UPI,15244.14,Failed
TXN004643,2025-08-26,ACC00024,CUST00580,PRD011,Credit,Mobile App,69299.59,Success
TXN004644,2025-12-14,ACC00265,CUST00292,PRD014,Debit,Mobile App,35312.57,Success
TXN004645,2025-02-09,ACC00011,CUST00265,PRD014,Credit,UPI,18607.78,Success
TXN004646,2024-06-03,ACC00834,CUST00520,PRD001,Debit,Mobile App,24446.37,Success
TXN004647,2023-01-29,ACC00298,CUST00626,PRD009,Credit,Mobile App,419170.16,Success
TXN004648,2025-12-24,ACC00275,CUST00755,PRD015,Credit,Mobile App,5128.92,Success
TXN004649,2025-06-15,ACC00623,CUST00190,PRD011,Credit,Mobile App,40008.52,Success
TXN004650,2025-12-07,ACC00194,CUST00798,PRD015,Credit,UPI,13454.11,Failed
TXN004651,2025-09-29,ACC00191,CUST00148,PRD006,Credit,UPI,1767.65,Success
TXN004652,2023-10-01,ACC00068,CUST00367,PRD012,Credit,UPI,27498.9,Success
TXN004653,2025-01-04,ACC00051,CUST00766,PRD010,Credit,POS,297681.17,Failed
TXN004654,2025-11-10,ACC00017,CUST00260,PRD006,Debit,Net Banking,4064.64,Success
TXN004655,2025-10-09,ACC00510,CUST00077,PRD011,Credit,UPI,392852.85,Success
TXN004656,2024-07-06,ACC00837,CUST00708,PRD012,Credit,Mobile App,16847.42,Success
TXN004657,2025-05-02,ACC00740,CUST00160,PRD010,Debit,Branch,252741.15,Success
TXN004658,2025-04-29,ACC00118,CUST00549,PRD001,Debit,UPI,5139.6,Success
TXN004659,2025-05-23,ACC00683,CUST00669,PRD002,Credit,Mobile App,22533.66,Success
TXN004660,2025-11-14,ACC00067,CUST00446,PRD005,Debit,Mobile App,14853.92,Success
TXN004661,2024-01-04,ACC00837,CUST00708,PRD004,Debit,UPI,15985.49,Success
TXN004662,2023-07-19,ACC00712,CUST00203,PRD011,Debit,Net Banking,80375.33,Success
TXN004663,2025-03-25,ACC00613,CUST00646,PRD014,Debit,Branch,48429.9,Success
TXN004664,2025-08-26,ACC00364,CUST00523,PRD007,Credit,Mobile App,23540.28,Success
TXN004665,2024-11-05,ACC00482,CUST00692,PRD016,Credit,Branch,3214.03,Success
TXN004666,2025-05-31,ACC00845,CUST00349,PRD014,Debit,UPI,41518.24,Success
TXN004667,2025-08-18,ACC00869,CUST00063,PRD001,Debit,Net Banking,12146.13,Success
TXN004668,2025-05-24,ACC00476,CUST00142,PRD016,Credit,Mobile App,18916.14,Success
TXN004669,2025-05-05,ACC00814,CUST00288,PRD013,Credit,Net Banking,16292.45,Success
TXN004670,2025-08-28,ACC00083,CUST00091,PRD006,Debit,Mobile App,9809.4,Success
TXN004671,2023-11-11,ACC00905,CUST00585,PRD008,Credit,Mobile App,22694.26,Success
TXN004672,2024-11-21,ACC00733,CUST00424,PRD004,Credit,UPI,21452.98,Success
TXN004673,2025-09-23,ACC00890,CUST00785,PRD003,Credit,UPI,123971.04,Success
TXN004674,2023-02-05,ACC00564,CUST00760,PRD003,Debit,UPI,252045.67,Success
TXN004675,2025-04-02,ACC00235,CUST00705,PRD008,Debit,Net Banking,2439.0,Failed
TXN004676,2025-04-02,ACC00782,CUST00064,PRD002,Debit,Branch,10737.11,Success
TXN004677,2025-03-20,ACC00963,CUST00771,PRD015,Credit,Mobile App,2797.58,Success
TXN004678,2025-11-18,ACC00457,CUST00530,PRD015,Credit,Mobile App,10029.15,Success
TXN004679,2025-04-05,ACC00901,CUST00108,PRD006,Debit,Mobile App,15274.06,Success
TXN004680,2025-08-17,ACC00819,CUST00207,PRD003,Debit,Mobile App,158034.59,Success
TXN004681,2024-10-18,ACC00667,CUST00357,PRD016,Credit,UPI,3893.24,Success
TXN004682,2025-07-20,ACC00410,CUST00779,PRD008,Debit,ATM,24661.7,Failed
TXN004683,2025-10-03,ACC00429,CUST00777,PRD003,Credit,Net Banking,240268.66,Success
TXN004684,2025-08-14,ACC00326,CUST00025,PRD002,Credit,Net Banking,2297.26,Success
TXN004685,2025-11-01,ACC00729,CUST00194,PRD005,Credit,UPI,17615.17,Failed
TXN004686,2024-04-08,ACC00516,CUST00333,PRD009,Credit,UPI,342445.71,Success
TXN004687,2025-05-26,ACC00392,CUST00444,PRD015,Credit,Net Banking,19735.91,Success
TXN004688,2025-12-07,ACC00537,CUST00096,PRD007,Debit,UPI,1024.83,Failed
TXN004689,2025-01-27,ACC00142,CUST00542,PRD004,Debit,UPI,20737.22,Success
TXN004690,2024-09-30,ACC00312,CUST00218,PRD001,Credit,UPI,3450.3,Success
TXN004691,2025-10-01,ACC00507,CUST00008,PRD003,Credit,Mobile App,145594.01,Success
TXN004692,2025-03-09,ACC00154,CUST00315,PRD005,Debit,UPI,13952.01,Success
TXN004693,2025-09-16,ACC00059,CUST00701,PRD014,Debit,UPI,25269.49,Success
TXN004694,2023-09-18,ACC00132,CUST00199,PRD012,Credit,Mobile App,9751.11,Success
TXN004695,2025-03-31,ACC00943,CUST00306,PRD011,Credit,Mobile App,412737.01,Success
TXN004696,2025-10-28,ACC00913,CUST00503,PRD002,Credit,POS,23110.77,Success
TXN004697,2025-10-26,ACC00352,CUST00240,PRD009,Debit,UPI,419242.11,Success
TXN004698,2025-10-19,ACC00804,CUST00731,PRD002,Debit,UPI,23566.04,Success
TXN004699,2025-12-22,ACC00058,CUST00434,PRD012,Debit,Net Banking,20679.57,Success
TXN004700,2024-11-11,ACC00881,CUST00003,PRD008,Credit,Net Banking,9881.85,Success
TXN004701,2025-02-05,ACC00099,CUST00716,PRD007,Credit,ATM,4244.51,Success
TXN004702,2024-12-03,ACC00112,CUST00425,PRD001,Debit,Net Banking,1081.0,Success
TXN004703,2025-12-04,ACC00765,CUST00519,PRD007,Credit,ATM,3617.13,Success
TXN004704,2025-07-03,ACC00628,CUST00413,PRD011,Debit,Net Banking,339939.05,Success
TXN004705,2025-11-11,ACC00676,CUST00603,PRD013,Credit,UPI,1692.34,Success
TXN004706,2024-12-09,ACC00129,CUST00635,PRD005,Debit,UPI,12438.13,Success
TXN004707,2023-08-02,ACC00564,CUST00760,PRD001,Credit,POS,1519.8,Success
TXN004708,2024-11-09,ACC00412,CUST00384,PRD008,Debit,Net Banking,8074.68,Failed
TXN004709,2025-10-03,ACC00919,CUST00083,PRD007,Credit,Net Banking,14996.99,Success
TXN004710,2025-10-25,ACC00661,CUST00562,PRD003,Debit,ATM,62916.4,Success
TXN004711,2025-12-14,ACC00743,CUST00793,PRD006,Credit,Net Banking,13205.45,Success
TXN004712,2023-09-16,ACC00726,CUST00469,PRD001,Debit,UPI,13073.92,Success
TXN004713,2023-11-06,ACC00790,CUST00447,PRD011,Debit,ATM,415495.85,Success
TXN004714,2025-02-10,ACC00255,CUST00643,PRD010,Debit,UPI,475210.59,Success
TXN004715,2025-03-31,ACC00329,CUST00101,PRD009,Credit,POS,281002.47,Success
TXN004716,2024-12-02,ACC00914,CUST00213,PRD004,Debit,Net Banking,1359.25,Success
TXN004717,2025-08-24,ACC00359,CUST00610,PRD001,Debit,UPI,5593.56,Success
TXN004718,2025-02-25,ACC00874,CUST00686,PRD001,Credit,Mobile App,10495.36,Success
TXN004719,2024-12-27,ACC00958,CUST00590,PRD003,Credit,Branch,398657.43,Success
TXN004720,2025-06-16,ACC00111,CUST00272,PRD010,Credit,POS,225962.89,Success
TXN004721,2024-02-05,ACC00677,CUST00105,PRD001,Credit,ATM,14344.76,Success
TXN004722,2025-04-30,ACC00033,CUST00122,PRD016,Debit,ATM,19250.68,Failed
TXN004723,2025-06-29,ACC00135,CUST00047,PRD004,Debit,ATM,5585.17,Success
TXN004724,2025-06-12,ACC00658,CUST00588,PRD003,Debit,ATM,490149.52,Success
TXN004725,2024-09-09,ACC00598,CUST00184,PRD004,Debit,Branch,18567.88,Success
TXN004726,2025-06-02,ACC00546,CUST00360,PRD005,Credit,Mobile App,5149.79,Success
TXN004727,2023-07-29,ACC00596,CUST00514,PRD009,Credit,Mobile App,65438.95,Failed
TXN004728,2023-12-11,ACC00335,CUST00747,PRD013,Debit,UPI,33529.67,Success
TXN004729,2025-11-12,ACC00994,CUST00677,PRD004,Debit,Mobile App,21601.51,Success
TXN004730,2024-06-17,ACC00419,CUST00357,PRD005,Debit,Net Banking,20326.13,Success
TXN004731,2024-01-26,ACC00669,CUST00113,PRD013,Credit,Net Banking,25014.36,Success
TXN004732,2025-03-01,ACC00445,CUST00375,PRD015,Credit,ATM,13613.05,Success
TXN004733,2024-08-26,ACC00721,CUST00536,PRD011,Debit,Mobile App,281478.53,Success
TXN004734,2025-03-16,ACC00722,CUST00651,PRD013,Debit,Net Banking,36571.13,Success
TXN004735,2025-09-21,ACC00489,CUST00234,PRD009,Credit,Net Banking,240747.31,Success
TXN004736,2025-05-28,ACC00384,CUST00622,PRD008,Credit,Mobile App,10863.16,Success
TXN004737,2025-12-02,ACC00282,CUST00130,PRD007,Credit,ATM,14289.91,Success
TXN004738,2025-06-06,ACC00976,CUST00521,PRD010,Debit,Mobile App,475809.13,Success
TXN004739,2023-04-17,ACC00713,CUST00418,PRD011,Debit,UPI,460052.82,Success
TXN004740,2025-07-18,ACC00013,CUST00344,PRD010,Debit,ATM,312414.16,Success
TXN004741,2025-06-10,ACC00384,CUST00622,PRD015,Credit,Mobile App,8017.98,Success
TXN004742,2025-08-04,ACC00857,CUST00021,PRD008,Debit,UPI,11967.87,Success
TXN004743,2025-09-23,ACC00455,CUST00260,PRD008,Credit,Mobile App,20915.05,Failed
TXN004744,2025-01-25,ACC00414,CUST00616,PRD009,Credit,UPI,457824.78,Success
TXN004745,2025-07-08,ACC00445,CUST00375,PRD008,Credit,Net Banking,830.22,Success
TXN004746,2024-02-23,ACC00646,CUST00298,PRD011,Credit,Net Banking,79903.26,Failed
TXN004747,2025-03-02,ACC00569,CUST00642,PRD004,Credit,ATM,8308.57,Success
TXN004748,2025-11-02,ACC00274,CUST00372,PRD002,Debit,UPI,20591.82,Success
TXN004749,2024-05-30,ACC00280,CUST00202,PRD003,Debit,Branch,210311.22,Success
TXN004750,2024-09-20,ACC00554,CUST00128,PRD002,Debit,Mobile App,16242.35,Success
TXN004751,2025-06-11,ACC00508,CUST00114,PRD007,Debit,UPI,1496.45,Success
TXN004752,2025-09-28,ACC00721,CUST00536,PRD013,Debit,Net Banking,30371.72,Success
TXN004753,2023-04-13,ACC00038,CUST00372,PRD016,Credit,Mobile App,13119.04,Success
TXN004754,2025-09-17,ACC00319,CUST00630,PRD012,Credit,ATM,32152.87,Success
TXN004755,2025-11-24,ACC00047,CUST00278,PRD015,Debit,Mobile App,19371.14,Success
TXN004756,2025-10-19,ACC00508,CUST00114,PRD012,Debit,UPI,43920.83,Success
TXN004757,2025-06-10,ACC00468,CUST00284,PRD007,Credit,UPI,9846.48,Success
TXN004758,2025-09-20,ACC00243,CUST00661,PRD006,Debit,Mobile App,18880.46,Success
TXN004759,2025-03-05,ACC00448,CUST00212,PRD013,Credit,Net Banking,7887.13,Success
TXN004760,2025-12-25,ACC00560,CUST00693,PRD003,Credit,UPI,310269.49,Success
TXN004761,2024-07-19,ACC00849,CUST00444,PRD014,Debit,Mobile App,8823.34,Success
TXN004762,2025-12-19,ACC00189,CUST00080,PRD005,Credit,Net Banking,4969.58,Success
TXN004763,2025-01-26,ACC00340,CUST00779,PRD006,Debit,ATM,22626.99,Success
TXN004764,2025-07-19,ACC00202,CUST00025,PRD004,Debit,Mobile App,20142.76,Success
TXN004765,2024-05-29,ACC00902,CUST00483,PRD003,Credit,UPI,372692.98,Failed
TXN004766,2025-11-15,ACC00788,CUST00557,PRD005,Credit,UPI,12420.97,Success
TXN004767,2023-01-01,ACC00321,CUST00650,PRD007,Debit,UPI,6999.53,Success
TXN004768,2024-01-07,ACC00440,CUST00552,PRD014,Credit,Net Banking,45113.93,Success
TXN004769,2024-01-30,ACC00296,CUST00180,PRD006,Debit,Branch,18036.99,Success
TXN004770,2025-10-27,ACC00731,CUST00604,PRD012,Debit,Mobile App,32474.09,Success
TXN004771,2025-06-28,ACC00907,CUST00587,PRD003,Credit,UPI,367785.72,Success
TXN004772,2025-12-20,ACC00865,CUST00634,PRD003,Credit,Net Banking,488087.9,Success
TXN004773,2025-08-27,ACC00333,CUST00100,PRD007,Debit,Mobile App,12901.42,Success
TXN004774,2024-10-15,ACC00634,CUST00676,PRD005,Debit,ATM,19685.07,Success
TXN004775,2024-02-27,ACC00994,CUST00677,PRD004,Debit,ATM,23178.04,Success
TXN004776,2025-07-21,ACC00854,CUST00470,PRD014,Debit,Branch,42806.46,Success
TXN004777,2025-05-11,ACC00401,CUST00368,PRD012,Debit,UPI,41578.58,Failed
TXN004778,2023-08-02,ACC00357,CUST00545,PRD008,Debit,UPI,16608.59,Success
TXN004779,2024-08-08,ACC00132,CUST00199,PRD015,Credit,UPI,23115.36,Success
TXN004780,2025-08-22,ACC00952,CUST00093,PRD006,Debit,UPI,22107.16,Success
TXN004781,2025-05-31,ACC00179,CUST00017,PRD002,Credit,ATM,16456.49,Success
TXN004782,2023-10-23,ACC00528,CUST00269,PRD015,Debit,UPI,18247.12,Success
TXN004783,2025-11-20,ACC00348,CUST00693,PRD010,Debit,Net Banking,35203.41,Success
TXN004784,2024-02-12,ACC00019,CUST00634,PRD008,Credit,Net Banking,20012.78,Success
TXN004785,2025-11-26,ACC00615,CUST00716,PRD005,Credit,Net Banking,13347.09,Success
TXN004786,2025-03-19,ACC00722,CUST00651,PRD003,Credit,UPI,44545.58,Success
TXN004787,2023-04-06,ACC00838,CUST00044,PRD013,Credit,UPI,30373.67,Failed
TXN004788,2023-04-11,ACC00657,CUST00182,PRD012,Credit,UPI,11750.19,Success
TXN004789,2024-05-23,ACC00485,CUST00108,PRD005,Debit,Branch,14798.23,Success
TXN004790,2025-12-11,ACC00079,CUST00380,PRD010,Credit,Net Banking,321865.2,Success
TXN004791,2024-09-14,ACC00198,CUST00711,PRD003,Debit,UPI,50449.11,Success
TXN004792,2024-07-04,ACC00690,CUST00474,PRD016,Credit,Mobile App,8923.25,Success
TXN004793,2024-02-02,ACC00201,CUST00521,PRD014,Debit,Net Banking,15344.92,Success
TXN004794,2025-07-17,ACC00326,CUST00025,PRD008,Credit,Net Banking,2445.91,Failed
TXN004795,2025-02-01,ACC00572,CUST00644,PRD010,Credit,UPI,456250.74,Success
TXN004796,2025-12-21,ACC00966,CUST00570,PRD010,Debit,Net Banking,348582.24,Success
TXN004797,2025-11-10,ACC00526,CUST00704,PRD015,Debit,Net Banking,20827.65,Success
TXN004798,2024-06-02,ACC00200,CUST00506,PRD011,Credit,UPI,454710.87,Success
TXN004799,2024-11-06,ACC00166,CUST00152,PRD010,Credit,UPI,34012.4,Success
TXN004800,2025-01-02,ACC00092,CUST00137,PRD005,Debit,UPI,22134.49,Success
TXN004801,2024-12-13,ACC00582,CUST00736,PRD015,Debit,UPI,16923.54,Success
TXN004802,2024-03-06,ACC00163,CUST00620,PRD002,Debit,ATM,17328.33,Success
TXN004803,2024-09-28,ACC00832,CUST00122,PRD010,Debit,Mobile App,285923.46,Success
TXN004804,2024-09-14,ACC00031,CUST00342,PRD009,Debit,UPI,58518.57,Success
TXN004805,2023-01-01,ACC00864,CUST00731,PRD009,Debit,Mobile App,309741.68,Success
TXN004806,2024-04-19,ACC00544,CUST00669,PRD013,Debit,UPI,5141.47,Success
TXN004807,2025-07-26,ACC00142,CUST00542,PRD002,Credit,Branch,20737.05,Success
TXN004808,2024-03-15,ACC00133,CUST00521,PRD008,Credit,Net Banking,17493.59,Success
TXN004809,2025-08-22,ACC00940,CUST00424,PRD014,Debit,Mobile App,27418.91,Success
TXN004810,2025-12-08,ACC00680,CUST00293,PRD014,Credit,Mobile App,12883.9,Success
TXN004811,2023-05-22,ACC00564,CUST00760,PRD004,Credit,ATM,16728.24,Success
TXN004812,2025-10-30,ACC00852,CUST00419,PRD011,Debit,UPI,366518.57,Success
TXN004813,2025-07-14,ACC00335,CUST00747,PRD001,Debit,UPI,22085.96,Success
TXN004814,2025-12-15,ACC00488,CUST00196,PRD005,Credit,Mobile App,13190.4,Success
TXN004815,2024-02-14,ACC00272,CUST00129,PRD002,Debit,Net Banking,4078.62,Success
TXN004816,2025-10-10,ACC00529,CUST00787,PRD003,Debit,Branch,132339.86,Success
TXN004817,2024-07-08,ACC00257,CUST00360,PRD006,Debit,Mobile App,21117.65,Success
TXN004818,2024-10-12,ACC00167,CUST00538,PRD010,Debit,Mobile App,229196.77,Failed
TXN004819,2025-08-16,ACC00552,CUST00058,PRD009,Credit,UPI,361892.93,Success
TXN004820,2025-11-03,ACC00052,CUST00351,PRD014,Debit,ATM,45925.42,Success
TXN004821,2025-04-10,ACC00976,CUST00521,PRD006,Credit,Net Banking,11073.76,Success
TXN004822,2025-07-24,ACC00968,CUST00704,PRD011,Debit,UPI,385082.73,Success
TXN004823,2025-11-11,ACC00141,CUST00622,PRD016,Credit,UPI,23001.97,Success
TXN004824,2024-03-09,ACC00312,CUST00218,PRD007,Debit,UPI,21270.21,Success
TXN004825,2025-06-18,ACC00602,CUST00012,PRD010,Credit,UPI,89719.84,Success
TXN004826,2024-03-17,ACC00169,CUST00548,PRD014,Debit,UPI,2786.8,Success
TXN004827,2025-09-22,ACC00351,CUST00298,PRD002,Debit,Mobile App,6014.91,Success
TXN004828,2025-01-23,ACC00196,CUST00519,PRD005,Credit,UPI,9340.03,Success
TXN004829,2025-10-06,ACC00378,CUST00484,PRD006,Credit,UPI,2843.96,Success
TXN004830,2024-03-13,ACC00435,CUST00247,PRD008,Credit,Mobile App,15754.9,Success
TXN004831,2025-02-06,ACC00180,CUST00527,PRD007,Credit,UPI,5157.77,Success
TXN004832,2025-01-29,ACC00782,CUST00064,PRD014,Credit,Mobile App,11638.68,Success
TXN004833,2024-05-21,ACC00045,CUST00667,PRD002,Debit,ATM,21408.27,Success
TXN004834,2025-03-19,ACC00500,CUST00193,PRD014,Debit,Mobile App,34071.08,Success
TXN004835,2025-08-24,ACC00805,CUST00160,PRD013,Credit,UPI,29435.06,Success
TXN004836,2024-12-04,ACC00504,CUST00432,PRD010,Debit,Branch,207116.89,Success
TXN004837,2025-09-12,ACC00739,CUST00685,PRD014,Debit,UPI,22869.77,Success
TXN004838,2025-06-17,ACC00608,CUST00341,PRD006,Debit,Mobile App,3617.24,Success
TXN004839,2023-04-04,ACC00034,CUST00393,PRD005,Debit,Net Banking,12280.38,Success
TXN004840,2025-11-19,ACC00407,CUST00130,PRD008,Debit,UPI,13793.63,Success
TXN004841,2025-12-19,ACC00560,CUST00693,PRD003,Credit,ATM,232473.72,Success
TXN004842,2025-10-29,ACC00999,CUST00547,PRD011,Debit,Mobile App,390980.51,Success
TXN004843,2025-06-12,ACC00687,CUST00161,PRD005,Credit,Mobile App,12234.36,Success
TXN004844,2024-10-05,ACC00198,CUST00711,PRD003,Credit,UPI,375432.84,Success
TXN004845,2025-09-20,ACC00065,CUST00054,PRD011,Debit,UPI,47110.25,Success
TXN004846,2025-06-13,ACC00329,CUST00101,PRD003,Credit,UPI,105239.18,Success
TXN004847,2025-12-27,ACC00726,CUST00469,PRD005,Credit,Mobile App,13066.5,Success
TXN004848,2025-06-13,ACC00659,CUST00363,PRD006,Debit,Mobile App,5404.87,Success
TXN004849,2025-08-10,ACC00543,CUST00059,PRD004,Debit,Mobile App,4335.52,Success
TXN004850,2025-09-25,ACC00020,CUST00458,PRD008,Credit,UPI,1276.05,Success
TXN004851,2023-11-01,ACC00435,CUST00247,PRD005,Debit,UPI,19543.69,Success
TXN004852,2025-11-24,ACC00314,CUST00260,PRD012,Debit,UPI,23232.29,Success
TXN004853,2025-10-10,ACC00852,CUST00419,PRD013,Credit,Mobile App,36318.27,Success
TXN004854,2025-11-21,ACC00853,CUST00693,PRD006,Credit,Mobile App,1211.87,Success
TXN004855,2025-05-05,ACC01000,CUST00485,PRD004,Debit,ATM,11215.54,Success
TXN004856,2024-12-21,ACC00103,CUST00313,PRD012,Credit,ATM,12562.38,Success
TXN004857,2024-06-22,ACC00421,CUST00388,PRD002,Credit,UPI,4076.11,Success
TXN004858,2024-11-26,ACC00977,CUST00140,PRD006,Credit,UPI,4309.57,Success
TXN004859,2025-11-02,ACC00676,CUST00603,PRD002,Debit,UPI,18531.78,Success
TXN004860,2024-07-18,ACC00978,CUST00172,PRD016,Debit,UPI,9729.72,Success
TXN004861,2025-11-05,ACC00606,CUST00407,PRD004,Credit,Net Banking,10441.86,Success
TXN004862,2025-07-21,ACC00181,CUST00029,PRD007,Credit,Mobile App,17037.51,Success
TXN004863,2024-07-21,ACC00305,CUST00643,PRD008,Debit,Net Banking,18483.16,Failed
TXN004864,2025-11-26,ACC00842,CUST00482,PRD014,Debit,Mobile App,35468.33,Success
TXN004865,2025-10-17,ACC00198,CUST00711,PRD005,Debit,Mobile App,1164.27,Success
TXN004866,2025-11-11,ACC00475,CUST00066,PRD015,Credit,UPI,2583.11,Success
TXN004867,2025-11-20,ACC00868,CUST00548,PRD004,Credit,Mobile App,2942.08,Success
TXN004868,2025-11-05,ACC00503,CUST00080,PRD015,Credit,Mobile App,786.86,Success
TXN004869,2025-06-07,ACC00674,CUST00392,PRD016,Debit,Mobile App,2694.57,Success
TXN004870,2023-04-02,ACC00287,CUST00506,PRD010,Credit,UPI,387078.95,Success
TXN004871,2024-10-22,ACC00412,CUST00384,PRD015,Debit,Mobile App,6694.3,Success
TXN004872,2024-03-19,ACC00288,CUST00421,PRD009,Debit,UPI,221751.55,Failed
TXN004873,2025-04-01,ACC00491,CUST00637,PRD010,Credit,Mobile App,206952.95,Success
TXN004874,2025-11-04,ACC00049,CUST00574,PRD014,Credit,UPI,4373.24,Success
TXN004875,2025-12-03,ACC00032,CUST00338,PRD006,Credit,Net Banking,17233.65,Success
TXN004876,2024-12-30,ACC00892,CUST00471,PRD011,Debit,Mobile App,426299.53,Success
TXN004877,2025-01-03,ACC00298,CUST00626,PRD006,Credit,UPI,18580.41,Success
TXN004878,2025-02-22,ACC00878,CUST00191,PRD002,Debit,UPI,13643.18,Success
TXN004879,2025-10-17,ACC00652,CUST00136,PRD003,Debit,UPI,240207.87,Success
TXN004880,2023-04-12,ACC00397,CUST00775,PRD011,Credit,ATM,378771.06,Success
TXN004881,2024-08-31,ACC00229,CUST00333,PRD015,Debit,UPI,5513.64,Success
TXN004882,2024-01-10,ACC00858,CUST00671,PRD008,Debit,Net Banking,16713.7,Failed
TXN004883,2025-12-15,ACC00875,CUST00202,PRD001,Debit,UPI,22155.08,Success
TXN004884,2025-07-14,ACC00018,CUST00487,PRD007,Credit,Mobile App,121.13,Success
TXN004885,2024-12-12,ACC00468,CUST00284,PRD015,Debit,UPI,10460.79,Success
TXN004886,2024-04-03,ACC00129,CUST00635,PRD003,Credit,UPI,69087.73,Success
TXN004887,2025-06-25,ACC00150,CUST00524,PRD014,Credit,Mobile App,20140.72,Success
TXN004888,2025-01-24,ACC00434,CUST00716,PRD006,Debit,Mobile App,10449.89,Success
TXN004889,2025-06-24,ACC00705,CUST00488,PRD009,Credit,ATM,201011.68,Success
TXN004890,2025-06-28,ACC00086,CUST00232,PRD003,Debit,UPI,251857.41,Success
TXN004891,2025-10-19,ACC00271,CUST00567,PRD003,Credit,UPI,481419.77,Success
TXN004892,2024-11-10,ACC00376,CUST00543,PRD004,Credit,UPI,17104.49,Success
TXN004893,2024-03-02,ACC00812,CUST00012,PRD014,Debit,UPI,34659.71,Success
TXN004894,2025-03-29,ACC00228,CUST00519,PRD012,Credit,UPI,37467.59,Failed
TXN004895,2025-06-07,ACC00570,CUST00454,PRD003,Credit,POS,305052.38,Failed
TXN004896,2023-01-01,ACC00527,CUST00490,PRD016,Debit,UPI,9644.21,Failed
TXN004897,2025-08-26,ACC00983,CUST00477,PRD012,Debit,UPI,13579.01,Success
TXN004898,2024-12-30,ACC00274,CUST00372,PRD009,Credit,Branch,65210.15,Success
TXN004899,2024-05-02,ACC00978,CUST00172,PRD016,Debit,UPI,7091.07,Success
TXN004900,2025-08-27,ACC00622,CUST00670,PRD009,Credit,UPI,74822.1,Success
TXN004901,2023-12-21,ACC00159,CUST00271,PRD004,Debit,Net Banking,16334.89,Failed
TXN004902,2025-12-21,ACC00084,CUST00692,PRD001,Debit,Mobile App,13192.93,Success
TXN004903,2025-11-18,ACC00568,CUST00566,PRD002,Debit,ATM,6375.9,Success
TXN004904,2025-10-24,ACC00740,CUST00160,PRD005,Debit,ATM,11275.01,Success
TXN004905,2025-12-16,ACC00922,CUST00473,PRD008,Debit,UPI,3457.06,Success
TXN004906,2025-04-29,ACC00150,CUST00524,PRD006,Debit,UPI,10289.55,Success
TXN004907,2023-06-14,ACC00235,CUST00705,PRD007,Credit,Mobile App,2463.53,Success
TXN004908,2025-05-24,ACC00781,CUST00251,PRD003,Debit,Net Banking,447865.21,Failed
TXN004909,2023-10-26,ACC00955,CUST00269,PRD013,Credit,UPI,40139.04,Success
TXN004910,2025-10-10,ACC00462,CUST00699,PRD003,Debit,ATM,433553.87,Success
TXN004911,2024-07-31,ACC00569,CUST00642,PRD002,Credit,Mobile App,4287.26,Success
TXN004912,2025-11-28,ACC00226,CUST00473,PRD014,Credit,POS,22707.25,Success
TXN004913,2025-02-07,ACC00741,CUST00249,PRD014,Credit,ATM,21218.34,Success
TXN004914,2024-07-24,ACC00798,CUST00576,PRD003,Credit,Mobile App,289065.78,Success
TXN004915,2025-01-01,ACC00477,CUST00151,PRD005,Credit,Mobile App,13186.34,Success
TXN004916,2025-03-08,ACC00702,CUST00259,PRD007,Debit,Mobile App,14672.66,Success
TXN004917,2025-06-30,ACC00330,CUST00791,PRD004,Credit,POS,1279.29,Success
TXN004918,2023-05-18,ACC00195,CUST00437,PRD003,Debit,Mobile App,56892.67,Success
TXN004919,2025-07-03,ACC00622,CUST00670,PRD005,Debit,UPI,17420.62,Success
TXN004920,2025-12-15,ACC00563,CUST00705,PRD014,Credit,UPI,10126.26,Failed
TXN004921,2023-10-27,ACC00902,CUST00483,PRD007,Debit,ATM,11808.14,Success
TXN004922,2024-09-16,ACC00167,CUST00538,PRD016,Debit,UPI,18882.39,Success
TXN004923,2025-02-19,ACC00480,CUST00191,PRD012,Credit,Net Banking,12512.29,Success
TXN004924,2025-09-04,ACC00654,CUST00233,PRD007,Debit,Mobile App,9352.13,Success
TXN004925,2024-12-11,ACC00877,CUST00261,PRD013,Debit,Mobile App,21344.35,Success
TXN004926,2023-07-01,ACC00282,CUST00130,PRD008,Debit,ATM,22935.02,Success
TXN004927,2025-04-14,ACC00361,CUST00166,PRD008,Debit,ATM,21280.22,Success
TXN004928,2024-06-24,ACC00305,CUST00643,PRD013,Debit,UPI,7702.25,Success
TXN004929,2025-11-08,ACC00929,CUST00426,PRD014,Credit,POS,22178.3,Success
TXN004930,2025-12-07,ACC00877,CUST00261,PRD007,Credit,ATM,4687.98,Success
TXN004931,2025-07-03,ACC00933,CUST00184,PRD007,Debit,ATM,21091.76,Success
TXN004932,2024-12-06,ACC00831,CUST00070,PRD008,Debit,ATM,21704.39,Success
TXN004933,2025-10-29,ACC00943,CUST00306,PRD008,Debit,Branch,17610.05,Success
TXN004934,2025-08-10,ACC00465,CUST00638,PRD002,Credit,UPI,3125.71,Success
TXN004935,2025-09-30,ACC00637,CUST00004,PRD008,Debit,UPI,9014.39,Success
TXN004936,2025-03-09,ACC00116,CUST00660,PRD010,Credit,UPI,140810.78,Success
TXN004937,2025-10-23,ACC00010,CUST00337,PRD007,Credit,UPI,1412.76,Success
TXN004938,2025-09-05,ACC00911,CUST00332,PRD009,Credit,ATM,306951.59,Success
TXN004939,2024-12-11,ACC00780,CUST00001,PRD008,Debit,Net Banking,15581.88,Success
TXN004940,2024-05-14,ACC00120,CUST00124,PRD009,Debit,Mobile App,193933.98,Success
TXN004941,2024-09-08,ACC00509,CUST00129,PRD008,Debit,Mobile App,7011.37,Success
TXN004942,2025-11-07,ACC00893,CUST00750,PRD014,Debit,Mobile App,30464.91,Success
TXN004943,2025-12-06,ACC00922,CUST00473,PRD002,Credit,UPI,19432.36,Success
TXN004944,2025-11-11,ACC00900,CUST00714,PRD016,Credit,Net Banking,2414.4,Success
TXN004945,2025-07-11,ACC00557,CUST00045,PRD002,Credit,UPI,5473.24,Success
TXN004946,2024-09-04,ACC00532,CUST00239,PRD013,Debit,UPI,1924.75,Success
TXN004947,2023-01-04,ACC00498,CUST00779,PRD004,Debit,UPI,17694.65,Success
TXN004948,2024-04-14,ACC00997,CUST00286,PRD007,Debit,Net Banking,3401.84,Success
TXN004949,2025-02-26,ACC00050,CUST00661,PRD010,Credit,UPI,149778.96,Success
TXN004950,2024-10-13,ACC00467,CUST00169,PRD004,Debit,Mobile App,18073.92,Success
TXN004951,2025-08-30,ACC00888,CUST00592,PRD006,Debit,UPI,6216.28,Success
TXN004952,2025-09-11,ACC00007,CUST00161,PRD014,Debit,Mobile App,1213.59,Success
TXN004953,2025-11-25,ACC00705,CUST00488,PRD009,Debit,UPI,159290.85,Success
TXN004954,2025-08-29,ACC00831,CUST00070,PRD016,Credit,Net Banking,21339.86,Success
TXN004955,2025-05-13,ACC00931,CUST00697,PRD001,Credit,POS,17358.87,Success
TXN004956,2024-11-28,ACC00856,CUST00401,PRD016,Credit,ATM,17472.9,Success
TXN004957,2025-09-17,ACC00375,CUST00068,PRD003,Credit,Mobile App,470230.36,Success
TXN004958,2025-11-20,ACC00820,CUST00793,PRD013,Credit,Net Banking,3723.72,Success
TXN004959,2024-03-22,ACC00735,CUST00288,PRD010,Credit,POS,405299.17,Success
TXN004960,2025-12-29,ACC00530,CUST00720,PRD011,Credit,UPI,318078.64,Success
TXN004961,2025-09-01,ACC00185,CUST00715,PRD003,Debit,UPI,38687.07,Success
TXN004962,2024-09-18,ACC00307,CUST00048,PRD001,Credit,Mobile App,8187.22,Success
TXN004963,2025-08-31,ACC00714,CUST00442,PRD004,Credit,Mobile App,22741.53,Success
TXN004964,2024-11-05,ACC00171,CUST00380,PRD002,Credit,ATM,20563.05,Success
TXN004965,2024-03-26,ACC00235,CUST00705,PRD004,Credit,Mobile App,8056.17,Success
TXN004966,2023-07-06,ACC00807,CUST00664,PRD011,Credit,Net Banking,104205.63,Success
TXN004967,2025-07-09,ACC00786,CUST00695,PRD013,Debit,UPI,35700.69,Success
TXN004968,2025-10-12,ACC00972,CUST00663,PRD006,Credit,Net Banking,15038.71,Failed
TXN004969,2024-05-07,ACC00810,CUST00049,PRD009,Debit,Mobile App,277884.54,Success
TXN004970,2024-09-28,ACC00341,CUST00315,PRD009,Credit,UPI,320054.0,Success
TXN004971,2025-12-18,ACC00642,CUST00740,PRD007,Debit,Net Banking,504.44,Success
TXN004972,2024-06-15,ACC00327,CUST00725,PRD016,Debit,UPI,3257.73,Success
TXN004973,2025-08-18,ACC00926,CUST00322,PRD015,Debit,ATM,9525.81,Success
TXN004974,2025-06-26,ACC00551,CUST00114,PRD005,Debit,Mobile App,10311.78,Success
TXN004975,2024-03-29,ACC00225,CUST00708,PRD015,Credit,UPI,15152.25,Success
TXN004976,2024-03-01,ACC00978,CUST00172,PRD001,Debit,UPI,2652.94,Success
TXN004977,2024-02-22,ACC00287,CUST00506,PRD009,Debit,Mobile App,313901.14,Success
TXN004978,2024-05-20,ACC00084,CUST00692,PRD015,Debit,Mobile App,9113.09,Success
TXN004979,2025-09-19,ACC00663,CUST00029,PRD002,Credit,UPI,4497.22,Success
TXN004980,2024-07-15,ACC00556,CUST00555,PRD015,Debit,Branch,8653.78,Success
TXN004981,2025-12-12,ACC00166,CUST00152,PRD007,Credit,UPI,640.55,Success
TXN004982,2025-09-27,ACC00123,CUST00056,PRD004,Debit,UPI,14030.12,Success
TXN004983,2025-05-26,ACC00971,CUST00274,PRD001,Debit,Mobile App,9393.12,Success
TXN004984,2025-06-17,ACC00467,CUST00169,PRD008,Credit,POS,15825.73,Success
TXN004985,2025-11-07,ACC00277,CUST00034,PRD004,Credit,Mobile App,15165.72,Success
TXN004986,2025-03-22,ACC00985,CUST00597,PRD009,Debit,UPI,308451.06,Success
TXN004987,2023-01-09,ACC00742,CUST00535,PRD008,Debit,Mobile App,6539.5,Success
TXN004988,2025-11-14,ACC00853,CUST00693,PRD013,Credit,Mobile App,2362.96,Success
TXN004989,2023-06-22,ACC00749,CUST00549,PRD016,Debit,Mobile App,13806.92,Success
TXN004990,2025-08-14,ACC00909,CUST00694,PRD015,Debit,UPI,7191.57,Success
TXN004991,2025-10-12,ACC00393,CUST00285,PRD011,Debit,Mobile App,267845.51,Success
TXN004992,2024-12-02,ACC00577,CUST00408,PRD011,Credit,Mobile App,298107.55,Success
TXN004993,2025-08-30,ACC00012,CUST00351,PRD010,Credit,Mobile App,356134.44,Success
TXN004994,2025-12-01,ACC00575,CUST00716,PRD011,Debit,UPI,430455.22,Success
TXN004995,2024-06-20,ACC00076,CUST00788,PRD010,Debit,UPI,231351.07,Success
TXN004996,2025-12-05,ACC00207,CUST00554,PRD009,Credit,UPI,403241.99,Success
TXN004997,2025-12-05,ACC00401,CUST00368,PRD006,Credit,POS,23638.7,Success
TXN004998,2024-07-29,ACC00068,CUST00367,PRD002,Credit,UPI,10528.9,Success
TXN004999,2025-04-12,ACC00160,CUST00708,PRD003,Debit,UPI,280553.38,Success
TXN005000,2024-04-18,ACC00001,CUST00697,PRD010,Credit,Branch,204492.53,Success
